altitude,drone_speed,drone_heading,wind_speed,wind_heading,drift_east,drift_north
35.57707193831535,0.37516132834000404,99.01055461288293,2.2321073814882277,265.1296370990445,-4.991855660097466,-0.6686247293095926
37.06797949691645,13.382693515572681,31.297979746589814,4.2192181968527045,10.726998997705323,21.270596938880328,42.831841707272055
18.745518992144135,7.580329321550436,9.552949086190905,1.988376506866485,233.95839760062836,-0.6837482869142426,12.326372004937697
31.797659224128665,3.3066093306104505,212.13564619532713,8.094304566778266,2.339553484101966,-3.636992480287198,13.46271218899448
42.23277007331232,10.472090924823403,122.49018594647707,1.5547949981178155,344.5967059944412,24.707037438620986,-12.107502020194644
23.46378180450507,1.3911876507022187,34.81789566004704,8.474943663474598,217.3413712920808,-9.505937789720944,-12.238788907912092
42.28513093097521,10.945976800407268,193.04211292369226,9.731157639793706,136.27237579500726,12.497108854467424,-51.9567167427528
32.08162525092908,12.441069963794924,222.66711085112857,8.617069003107773,207.84677229243434,-31.857982853074393,-42.88136841899447
38.182873448596936,0.6873657548349332,82.04337923455687,2.8938796360210715,28.725111692505898,5.779821222909785,7.345952189934035
19.31163545444121,1.5150214411459366,100.07049711963316,6.356844442644002,131.3395844292303,12.430051727714421,-8.857051447254406
24.807238684675305,3.142605461572315,96.11201593768081,9.36654587712494,233.29273868877368,-9.860105742965914,-13.343241977194484
34.36524022667953,2.567079722971455,262.4856472621257,1.634024937619284,136.6039590327532,-3.764967983598069,-4.031325833152734
49.58093402546381,9.599996397811394,200.50190775887265,6.846142509898746,303.42669126833147,-28.855811977354925,-16.59811463529821
41.039996461849796,3.4357210794615654,11.556087805453593,3.154530480590819,96.38671535125299,11.058940442863994,8.721597344308815
18.43931374345306,14.143645715025816,315.4923455301608,3.146778807984779,235.95791950615683,-24.27927710153512,16.14137464918506
25.82527604242657,13.718213846108153,165.18666693146358,2.6488016649805246,88.78590276983404,14.124401184566299,-30.30255271897521
32.454725366526034,3.941124127844029,210.4509564804746,8.978228836024769,143.784181850543,8.507141887569343,-27.371987710933183
18.772830366291334,14.963064097426654,183.42946572352722,0.9090941217379389,16.961895152904447,-1.2322454800090799,-27.519353865268535
14.385965214026367,9.41169062554635,285.1485711706671,4.22159966799684,22.869974214704566,-12.748352559572991,10.873536278343098
25.26477146026147,14.94182070360145,190.48116423568933,9.710783776136182,309.8806928044193,-23.081181027384478,-19.214042692493514
10.459240877712785,10.81082729040292,245.41573284956692,5.369703304087952,96.0570683829154,-6.558185554793431,-7.395122638522329
35.63847194319232,1.6732826039381465,156.5154902408778,4.537237063292064,343.37373390758887,-1.7020062067331472,7.582079001317528
45.03411761512776,3.9508357612663616,180.2110006981074,1.7865188053013137,328.54602216413537,-2.868798442900245,-7.353357237750417
44.82074279347068,4.4766718717294935,230.02181815176186,6.089702114381723,55.02213667786853,4.713615352093836,1.8582782840560572
40.500432003006054,8.090685451794386,280.305532307001,5.303536721951775,0.2058826060596619,-22.818725702895744,19.398682150547145
22.966242280186925,0.29215113578748453,334.47550185526217,8.787218778231843,299.3995905700246,-16.837855977279546,9.90446881073265
22.300565016106457,0.8688774974128133,316.0834557134546,9.46949445297994,30.83524274443636,9.064472621458554,18.671760858671348
29.43961853266455,1.0381877770257542,273.81677949260336,7.658344293069877,46.22092721991461,11.00867603439315,13.150420480372219
29.011295123949253,8.247053902424158,95.42038641842127,8.724330410852573,152.3296584723193,29.820276136708323,-20.685647980681555
18.47192821768328,8.089441331691875,262.77518487239143,2.0115106338969593,112.21786486832218,-11.960035440366948,-3.4503198675600117
49.80597426643578,9.748170864591803,157.71603020922146,5.175758410355906,43.56151051257566,23.14478388568383,-16.79186700400241
18.987893481262294,5.07128343221183,211.791138644604,2.30114732596577,79.2782584025614,-0.8080620301941579,-7.638607896388979
12.8397234403613,9.466544359051484,82.41904217201558,9.054200130061279,309.46874409134875,3.8736636219117724,11.332365511531128
12.834293995546137,3.5700695155349282,240.83200018666102,2.142368073704386,47.632265541009,-2.482194121268751,-0.47919160170312214
47.42056962322684,8.565646399879267,170.1615694722459,7.846194242907534,290.6989191959916,-18.270648740834584,-17.61853222537647
17.616396574475107,1.4539622134323498,155.1784256662959,4.235786230199208,168.12888049320298,2.808036957881617,-10.356581048598997
39.163033978394026,10.100468209399523,354.2994760917478,0.9841787115195888,144.94366155681675,-1.237561244130463,26.12281678797104
23.572104215798525,12.925088045291865,89.51628021130283,1.902089084408115,161.50087721992747,29.65635751543708,-3.7150874759873824
26.875265593376167,4.178177170004107,89.93032123755617,9.232655992760128,159.5270682192445,17.33902112337457,-20.234506164047758
44.45396419047322,8.25487968674772,18.211798628957247,9.992824684127266,300.96993062878266,-18.027718752194456,39.086756642630476
48.75985029139005,13.895504745121913,305.53046438915,1.6631111060391401,174.83080516225866,-35.181478646577894,20.237989390617347
18.549891967967266,6.01560438824179,21.10874398998441,3.789731189769161,354.7111837607013,3.5337644580578913,18.25201134337836
20.60812232688608,11.76105902922854,163.8030122420916,4.230074859901629,344.63435070948236,4.4269560431029875,-14.789673888248924
49.816907579708555,8.336524851084274,258.62697910667737,1.5479682527406413,106.81481717804311,-21.323714722159618,-6.666116876672872
48.748374598766354,8.687704362243844,195.19027249473874,7.479755603790641,20.57949824669391,1.1121700101443226,-4.35594865311386
33.36710377835885,7.5427557437927035,306.97916113738273,1.5743272793948326,345.8804051788021,-16.717514200840746,15.815867315201952
13.204458609623476,2.787374414710848,214.21263832200995,6.752125536040902,84.67340220033523,8.459220311387515,-2.7535272048486528
14.795464557884968,13.354309711941562,88.63752520390494,5.945191535334412,222.97734371955713,16.147959800507486,-7.002887169650679
26.7689966134349,8.75508433936837,188.2017775915052,9.347062577364273,73.53331179247311,18.02250596402566,-14.054230553305265
38.64767203157659,3.5802892892376903,142.48290484485162,6.716902229599713,107.9989487275544,24.051993459660185,-13.79724975783055
22.64708785087416,11.277967386216032,26.11552121753663,4.5828552261858615,359.4435987075992,10.571567210258939,31.606494579981657
49.84385791420378,1.098910816494495,76.73555241613454,2.6520041475040133,335.9733760777353,-0.032513540674541375,8.52524868275675
45.23456694745758,13.189053637268142,133.0297519459982,1.5774683235723197,300.1481836703305,25.135893711625158,-24.924981735375127
38.14159700349484,9.175166485889251,355.40390290734155,6.539763177107326,2.8163185747768615,-1.154154693051355,43.71771728630599
42.68416540461847,4.4906812829996685,238.81993738778783,9.389300039271038,48.344801181612375,9.361101768489172,11.550822839881207
14.617146816764087,1.6055396656412646,199.16051071853371,2.7234821231481634,217.73873773088062,-3.7872954145695354,-6.336066687219757
38.704487485551915,3.053959684911794,228.3256651986287,2.6398390163040943,175.87146677377555,-5.873914100180055,-13.100206791908928
46.21345964317293,12.691555699422832,33.227448376584036,4.235757725637264,99.6048806300106,34.166057186249475,30.417813253920734
10.141827563511292,11.566788345294407,229.36081582849667,2.619552624343482,266.8431270052551,-16.382020962509074,-11.039917371673077
32.067216845055654,6.41530378471019,3.4810918590023876,0.7524386007376704,317.91830158805146,-0.2933891258339546,17.800824074248215
46.15714286239572,8.183854338082835,300.454207158966,5.82509566489794,53.31376280429375,-7.311673140440044,23.39997835271513
15.097820771285551,4.623875248952006,323.6333359473324,7.9612230488804165,309.852929520325,-15.532894219282753,15.4829513594472
45.956985461058984,3.1511480750963106,89.8307061202528,1.0279362167178563,280.84184707371935,6.5551675381425785,0.6203451990050104
45.36538805804036,6.095660847481752,223.4381436542566,1.5455333833220464,334.7571656497228,-14.750662848113594,-9.209362836267925
44.58422784879856,14.643090493964444,291.8778191785429,8.814162046633244,8.92309028334794,-36.84600182834557,42.70263173670594
39.46257887020329,4.98278201919643,335.0937189773972,8.022351389371389,311.0630502151006,-23.10895357462653,27.766363932945524
42.42997266297556,4.002085643917081,283.4548232887696,1.0809562640295711,313.9800418461923,-13.73539476853372,4.9464934240673815
44.343730053511266,3.3365057631849666,293.9711780148944,4.603032346789421,109.8687122418962,3.8495345908279184,-0.6280147627336596
41.81381996611447,3.4139323111165556,8.519196492522546,1.9312978832770866,118.17430243117434,6.447346667711459,7.19531904864588
44.574117681211455,14.503336560725417,100.4849973798737,6.414817386076277,143.88421836962192,54.38898502371365,-23.577833082302202
49.24598748793041,8.043235987180829,338.12537051689765,1.1534175185142759,349.34421996800205,-10.171171823255863,27.24245584927306
17.142712646898545,14.438014736423332,95.5678905082687,1.084025472147111,156.44295308327196,27.67413667531544,-4.476531521426077
39.14180242610817,4.705159712924869,218.23518719021158,5.114230596694781,138.6703560041018,1.314723387504122,-21.288864318837522
33.06352173986398,3.820837592078729,255.1627021803014,0.01691278218629466,333.20705957966976,-9.609073088933668,-2.5010797113802234
31.538079883711674,10.791449987172683,267.1020280222115,6.706285044329995,131.1197298412551,-14.518302641342942,-12.566620510261654
12.798952445052407,9.963565273669085,118.8720129753347,3.139156450583597,305.2855006222808,9.954871622228627,-4.842212791095065
38.79017052055801,4.5048340231689625,111.34247839511517,4.083929086192168,144.86413934078087,18.40921835317512,-14.002610221674955
21.82620810103788,1.9093169858872983,151.360680158247,9.40363670730183,243.83446029818384,-15.87333614410942,-12.282084477759973
46.11222182930331,9.232723739270709,108.34195484360352,5.479372131356982,0.14613829102350984,26.913239032591157,7.891969071135913
21.476548674757087,6.448322249847519,208.79452123044553,6.547056237030716,167.3957484889251,-3.5097123293690236,-25.19412940082127
27.686391972192297,3.2055210148365045,170.34702692735746,9.011808258282542,286.5689136456409,-19.244414863945206,-1.4023345517382193
16.78765584792219,1.271933050876826,185.56272356947792,6.329408557657957,120.66777194752832,9.843709892866277,-8.314557359455932
42.73693858146657,11.267072063110984,242.20644140058013,2.246406659972883,71.68677578156759,-23.125906942425633,-13.424180834150238
10.977015509073054,3.6726381611752523,171.04908391876984,8.49737694624732,26.218162506444877,6.47078127978939,5.976756031414607
26.577640439908773,9.446480711065705,69.99668522629536,6.96354250490505,177.9757808437573,21.23517146652188,-8.677426621738473
19.759377583137553,9.840870166676762,1.9961345296914335,7.509644766184729,277.216627886649,-14.265155625633245,21.632969216875058
14.263491862541557,6.377192909141012,63.319205414351394,9.579660422795397,186.46479015974668,7.877606814681423,-11.34902492452708
12.008735405625636,3.737974194899575,305.40108504659753,4.564618254701726,288.5099766200152,-11.540187831933903,5.655620491164168
36.70310930345413,14.81838679599672,214.36283464899108,9.500396084431559,320.91333329175734,-39.264716915990505,-13.289285693554941
34.506092910470514,10.789109419139507,181.7201393367847,8.30569169721415,197.23390221989823,-7.385737896919685,-49.64386277631832
45.888324129330485,11.154831632393773,170.8827972562992,2.5919154846501935,89.00630550347744,13.33289208792552,-33.550332771477805
35.50645747104625,11.487205264457481,187.66793261807356,6.267484369817813,98.85508089031379,12.537833546835715,-33.22581990558107
13.099334154589432,4.285922262947287,97.81743854958646,3.197095684187623,194.4548001066443,5.634792550794136,-6.011975158325885
15.534962460646229,3.4689221959228016,249.82193242765882,7.064191416945523,23.122386256996105,-0.857676696299075,9.432425564494427
26.303974786663467,8.13916710755873,149.67872427713615,2.0683438951441024,151.25166639843323,11.819207107901374,-20.46934672025963
46.193539133607075,8.761191213063377,250.3882751392685,8.567320323039343,275.61404740250504,-51.49221833794262,-6.452281237411616
25.215241157108466,0.08844125375989609,126.63316896185688,7.5347512505938585,307.24126220487767,-13.439291027298863,10.218913357880814
48.137213538804254,6.285319239447328,269.1056408320983,5.461323097338391,217.17093201884688,-30.024752099036412,-13.940235456270027
18.821547772952755,3.2913245193215426,156.90095137678918,0.2902481994671524,121.00663573141767,3.016741058072862,-6.2233080546338
37.16567540113399,6.064750037064556,59.41610323326317,4.673901492323101,45.94600702121785,23.618081475030287,17.43991186802773
34.89027843896259,0.40449677857706534,141.8472922822937,5.643919830247741,9.756736682512477,3.217355992762467,13.986604393357053
35.70998592037343,2.0354923084584637,166.21143985854422,0.5028463348862755,136.47739110773026,2.2433403999250188,-6.317713712012418
18.466411368459262,4.902687073219628,274.04269484184977,3.7912621556413626,270.72353647972255,-16.844724692848672,0.7635395166891825
43.276971406210905,3.784072976735709,29.486243794191317,0.1938328705001069,194.19085725211212,5.391371413665657,9.225990506058377
49.99631314036837,5.249405155802759,234.051873569955,7.812330496108949,234.63167588780018,-33.906433989037026,-24.275823310818332
40.16932816238105,14.244175990739834,71.76984565051184,0.20380017320332344,54.857644482524535,39.193826110078014,13.087763432745778
15.04883899496825,10.04188266929866,203.02904949480688,2.1796454090650363,251.8073896486143,-10.50786866344119,-17.379473723382382
40.67592393424963,2.516837150517034,218.6090978007354,7.479256519552858,41.231833696403164,9.673294867549505,10.534150438314796
42.772046972443405,14.470811595511314,38.91554987673837,0.2567842549746602,112.30460798209026,27.54469687549463,32.96082620599284
37.09389147401635,14.37259257308844,142.79559894598583,7.1501470504946845,27.358732023501588,32.935186712149665,-14.017139928100324
37.624576637319215,9.408635934015667,36.68446996055155,7.7248088495122404,306.1055660719667,-1.7180704815643484,33.50427695973207
34.01646459267376,1.8158259760097266,354.1839665452817,7.826353463610197,124.99335551104164,16.39977791801416,-7.062358936502132
27.135120529389777,5.558563143270843,182.14588428374805,3.412311748612832,305.84722571984787,-6.9952083533527105,-8.364654616404238
42.89323672360232,1.5830830596599788,345.8835241972483,6.355851061014459,298.33463196088496,-17.68519477852372,13.46067857247538
38.29234574824308,6.532307175115156,264.1663094448211,9.654737312380776,97.2296626994643,8.604328184402014,-5.24996486935622
42.32796875227024,8.072593596723836,174.0591013979506,4.355744930038943,263.16943714984404,-10.25018888828467,-25.108584368156226
20.735821521969015,12.775697400289978,299.06316680061724,0.866628980556744,317.3872262409979,-24.166781933467405,14.07161789983556
19.754537567638238,6.970626999048476,219.71941352298742,3.7898930412826406,10.33199919723225,-7.575250500793128,-3.2776769289763577
44.038113452498365,2.727597857365377,76.36314606470604,7.978323568280965,122.52198353914211,28.099650533208788,-10.925509146933468
45.212799190329015,10.517756254983023,99.45668727222656,0.10151114438677111,341.30252799973124,31.399841418314494,-4.954660072783637
13.42451847832085,10.801119961562915,175.88802486556344,7.581646534824664,248.6193622007483,-10.39825468556274,-22.395554160138126
35.83611598963809,7.362320026178793,285.4558325276343,0.9305335055467168,79.77470417011085,-16.705199113972498,5.749788070288319
37.67148621180807,4.593090451951326,209.3600107196522,4.732604887595247,191.13189521247642,-8.773136827948102,-23.96278091849573
27.02015250820859,11.189031550704144,119.08486699053485,7.028549421857689,97.52991371143068,39.30398147807776,-14.927513456363046
20.05614704803766,1.8098382712845873,69.33034564254626,1.1955474125505283,192.91102753814994,2.883951201847587,-1.0646118882479
40.48758437936412,2.7772476365649297,77.89847035629805,4.841985872127087,260.85060039349855,-5.932396234957562,-0.5392286038493366
49.06428091532227,7.869553036629117,101.8795331789838,1.0052610809079077,69.88232811278644,27.341666848114574,-4.0300401219936886
19.09932653930219,2.69162315528105,5.0934122121829795,5.341350892676633,98.75207764197623,10.888811844125772,3.686604717021589
48.97179724410952,8.300384501979124,251.07026144767,1.262794929584089,312.64603101465985,-27.743693186039255,-5.805143189325001
29.635147780951154,13.090796024978019,206.6631190654796,4.6939694493051025,158.5687673289637,-10.223638921136217,-39.495684068804266
17.374546815603267,0.7706507577536675,338.7828948365172,4.7772918726568765,295.96163230779496,-8.608812293613477,5.288190269147213
26.02829769007759,1.1112325538345968,226.6004545027194,0.5360907429253314,53.71113041051586,-0.8645041197947678,-1.0279007874196986
32.513583883382566,4.557532677633415,357.8105241756793,1.1845156221146158,275.19964031742995,-3.4854118586667076,12.001723372701486
34.25270604971851,11.86111244765129,81.24736934341246,5.225725351302178,162.18520735995153,35.20376920727619,-8.3776703297609
27.708840160773136,12.902499987392702,356.41125376804723,3.0538024431936037,223.56983558597346,-6.92219891186941,25.347477624212058
34.38523648980521,11.101339582268174,341.1324721171361,2.0778790582355136,75.96907030994147,-4.1676664697023815,29.147380820781287
36.41712548768147,2.355856400713157,62.57287739751641,0.7506486890116792,0.9632601370388638,5.732066767983141,5.001892691966894
28.020148184708095,8.907167926793448,104.85334405116994,2.3147623455602586,254.50409875645198,15.246235413187286,-6.935463856518314
38.11950232374869,6.810469896105649,247.45857122564738,9.239110444825487,283.6180895928233,-42.56767725705426,-1.2139651204928406
35.002320286568875,9.917745642800517,336.1206450403848,4.251389661042117,196.0424563358083,-13.863427680661424,13.3111640595827
35.90538893609923,13.626171678189092,297.5872174740215,0.7140983685581415,59.73220411946088,-31.00653298700308,18.046737639533074
22.3044725045693,11.23436583104435,204.91453775487327,2.886105883058417,44.767316942894965,-5.757957231569863,-17.35763782647927
37.54711964848375,10.49600527463576,339.3634466678547,5.0047217711792555,177.76627896423034,-9.695042069716774,13.34015225802969
13.217674075972038,0.5979117627541958,155.53031909787813,3.2232158335829997,90.1324448683214,5.697656552306205,-0.9055830641124369
13.653075465239407,14.428666532892551,300.9451010062253,5.7519910921993045,342.2830600102869,-23.566428543780727,21.519874018730675
49.982896675098054,10.08422376454859,97.0239693481394,0.40231673144616176,272.25677894852055,30.66606844817394,-3.8858826887136155
28.82003293006534,9.772642341505296,329.7862036536363,1.8148914722312592,210.71866510002758,-14.168013941275799,16.688635269873895
35.391388778163474,7.375887032865201,32.84726626577778,3.4796105629465046,119.99102171943312,18.84167684613979,11.972930974629024
36.80534038084742,12.86599641600529,118.72931888842754,6.936736739834325,103.75840633012407,49.36148931708582,-21.45971564212015
47.80774158252842,12.20349052106959,198.03477922984186,4.5482590860172945,113.22617658126046,1.2535242471317343,-41.826920209029446
22.93095145103979,14.552770902128657,145.50302052026842,5.145962523291051,355.7229173214315,16.991182459502955,-14.837134155283675
36.30641545932516,8.138903915357925,148.76912548775573,1.8758254139452712,130.2405692946031,15.37658804522645,-22.2310443539313
40.25772616222295,9.381131132175135,273.5965929819661,2.0355823835027387,197.7190700707194,-28.59767339900414,-3.8690816534168038
47.10691043377791,6.571741426085674,251.370010483982,1.2142608336261984,350.33285369581,-19.930638471340387,-2.7964205471022874
34.3548666832786,3.5894619349147554,57.01613896988366,5.5083900700266994,198.8105072593439,3.26793259152611,-8.627841936149073
13.728368051260901,14.883857090928295,328.6547562543005,4.614478941787834,42.287813672240716,-7.758618268097454,26.97709719110053
43.28572695075605,7.475632570607929,257.9771973570448,5.088720150695117,98.43296281677871,-6.7670174886430345,-6.8427745924619625
43.38895782306778,14.703669489050633,87.74312618704981,5.512650768804697,138.09096476897398,54.64924753780649,-10.479660548602942
46.87472599726247,7.623613373893409,316.5574518527314,8.640269344285882,99.44906501593475,10.142252211998855,12.72637544229487
41.600247280124535,6.224136353270177,336.3294217257072,5.077376758096564,295.3978103468082,-20.63476014757634,22.943226960260155
21.313559331313066,4.478337746576508,211.297580069098,9.989023332293387,176.27052479605237,-3.495087762725419,-28.755119148159864
15.943816735311565,8.078708665558105,124.2446190094827,5.51917417070811,195.6348226651223,9.358526968895665,-17.77872570570424
28.213784674660044,4.826660253435561,67.91485453455795,6.9749842762057135,205.8471511145644,3.433497241067994,-10.702510684215326
19.342497842315723,11.633167126488882,15.713027675028691,7.4470515156519586,253.8820371690009,-7.950843694561882,18.132429121563728
42.45635610259507,5.791181287364735,238.92797861443248,8.207475517095551,353.0945299175226,-17.49660909420389,15.178161022732452
29.81314598465694,0.5552941701836428,180.8248140478677,5.901804293095671,313.09211281039757,-10.645088695525333,8.571441996511249
44.967614962172334,6.604593146560157,189.3423912507221,4.569280744742422,260.07977792543136,-16.8743973280404,-22.11573070366119
26.399144789854574,9.821719896416006,55.57003875775759,4.694906009847319,348.9133070067182,16.699638785880854,23.57161162292176
23.54244936205727,10.39056897880323,233.94119492853812,8.517652923506914,306.84288116372153,-33.336376334421274,-2.2098112180136145
44.373687366730664,5.700140962839826,113.99801541602388,7.18717425222983,273.3846513603709,-5.916924621745958,-5.69655568514703
44.89532069594145,0.5384864975652986,24.63146898535852,6.311610168546405,331.5344755609068,-8.422290603191025,18.267443065303336
49.89703691824862,11.201495501068905,156.22972989232525,0.9844312638319797,228.14921836108485,12.06161397291531,-34.79089827521074
44.90316930428363,6.655178274925587,249.84041860556442,9.03424062050486,16.55674872379659,-11.113270817389838,19.26144698029183
41.84573860648847,4.400516639478132,134.94279231911335,1.4556979569939843,191.21987453355362,8.270322848366634,-13.250056882825113
32.63712247663747,11.887792108214299,61.19411366451506,0.7896835065999463,313.5022555121477,25.392568765165535,16.177786758556774
34.78841474149661,3.6124468778446954,328.6184457684797,1.4311772012850965,166.01396880779913,-4.088574519511511,4.5147628767907015
20.159093576541693,3.8299006223873104,3.383075323753575,8.046330769751464,324.4353924955979,-9.02935645425896,21.020156702868388
37.10443542796318,2.369634331076804,159.0227220973732,3.455656244430817,211.52581384551172,-2.636461107969035,-14.187028691296295
35.55754809440049,6.3646340769134655,90.03536078677244,8.453039251425986,71.71811967920124,38.74694364739186,7.128844918170148
25.387729958693818,7.248120915888242,85.39405269392687,5.719226923507389,206.9322948643122,10.5432143582089,-10.276189584519567
49.7076817450759,4.42846130824904,352.06001444767054,6.582298159286807,98.81293686416198,18.75936706716956,10.752086178348776
32.63716067822796,10.28699239101018,268.0807828195171,0.4904425077599994,218.30633750753083,-27.30467377527912,-1.8814136124541143
29.869091460954813,13.56232936340588,103.02989452531001,7.988601195075987,218.54339933913573,20.32240394946279,-22.964199325437196
24.09283823341266,9.549268170088379,223.52081872690948,6.777644586233595,259.53421560145523,-29.34506090427609,-18.074983247354325
36.36726161267015,12.575056754437748,226.1693173272834,9.034037040729679,232.68261920058822,-44.264396289740844,-38.62551893880473
22.357315358105442,6.6123478524421735,208.646569932625,7.323597679392383,32.44801526863882,1.6212174981174705,0.8054640798114665
21.80441806516621,11.212212974075573,63.23042535995039,1.3215979774678355,194.1867932343916,20.423305652325666,7.945981697703525
48.859583248453596,7.962785605541775,328.8553108134109,8.304726195673974,92.50923044277444,13.187596345363318,20.361724277748884
42.98759250169629,7.227717448106118,290.335857765756,7.465593507170451,121.93749136867906,-1.3077051017002788,-4.255465382907461
14.606788297990377,14.443399393033165,50.67252540211776,9.665002094627521,309.6506148835759,6.438352744550015,26.438672278111365
38.96866848302073,14.699133641728551,348.21710902801163,8.04587644020562,131.6790177860039,8.477597816221838,25.478281222072255
41.6272787435575,0.20877982651351767,193.16603097686126,4.547860277338747,242.2182174745513,-11.860138118954517,-6.767566516986071
36.893631894040524,8.76840137478249,296.07022844163873,9.402918917795542,39.004596791723046,-5.370577033808743,30.608171975347343
19.352876088463326,0.37536974469723483,318.3245442773468,5.6140738224987885,329.4921271475374,-6.156874063192375,10.164551710718776
18.854688002959602,0.9482556174029316,296.58792650056114,9.093876384278921,108.78846283053008,15.216894953871773,-4.910334920199287
26.331834231816508,2.096655187608316,340.65415183750065,3.043645843560052,177.34486283215412,-1.282591182323264,-2.4608767836560057
13.887679944872865,13.308889627927535,48.83905753428115,4.536437568888926,241.37503878606165,10.15956078385367,11.082488031687255
39.725604860926865,14.18961128669148,150.88563122930023,7.422690147653158,55.62824486754061,37.083588184352415,-23.353821167086913
26.595381097472277,1.4853245206579273,176.16493360426122,4.081158856977005,342.5477491371814,-2.618765564371961,5.6147916417124755
11.308651474201877,5.557949381016531,159.6179109818526,9.50555169851427,307.96206959014364,-8.440221644335047,0.9676311849718315
13.974184984245213,10.285203982219281,196.00771013357217,9.778425294520467,129.12258283643445,8.017071212605643,-27.101408190856432
25.92558570977492,2.847128432416193,43.97749887141495,8.48033188463681,163.69825268538617,10.017732732864685,-14.002397398767565
36.51074952247912,9.625567008498264,214.97254542703624,0.2135745473637063,283.24605256366203,-15.619777983758485,-21.38574628724407
19.742755886560946,1.8888582796206432,203.2480713268668,0.686101528243559,275.4566553198904,-2.8660224007516835,-3.350930368944022
18.28629481386634,3.2392702787801215,313.0903536370361,3.2855955343223044,53.11950477891973,0.5069312659458811,8.080035135333489
46.021241425270325,0.042533272200245276,309.0262054968635,1.44687980320508,46.797167319637246,3.129370576609382,3.1160553173868224
20.026167869124954,2.617456813520902,237.98075133503406,0.2578014978619836,5.349717803055185,-4.435666492235957,-2.285511688650982
41.599386569390155,3.568974091356946,116.55772630632808,1.742462014061772,18.863646430023543,10.93759148018785,0.15490078345176794
39.66872227816598,7.891282898968007,268.43949901223846,4.762459654232503,280.086134153113,-35.76754079671936,1.7607407725170374
30.529518304367667,1.6358101500576827,181.3819283228957,9.454156429701063,15.611413283701815,6.248976512685359,18.63648037094616
41.32907983921518,13.004713616397574,187.72243729671027,4.580425220976821,347.04942592393036,-8.052262146258734,-24.44936486740479
12.433016299780233,7.18472866497545,144.58221162452176,6.860974960622327,176.4967874919211,7.296619291873892,-20.224903655548626
46.38803316460917,1.1023607364967574,29.084571867885096,6.082974236334399,23.64560399524101,9.150797951168828,20.09882873283399
21.000639982318127,9.496150864515233,197.4083162574098,3.251854433186679,358.0659921099325,-6.1057079879105505,-12.024368234887028
31.22227349725298,6.805731263632074,217.95364495271264,0.9917846167904198,252.64059067658383,-12.948651364541332,-14.285812634957365
44.111709491823,9.76374997321958,276.82658283770587,7.208399166575992,77.40830387789889,-7.975503505264843,8.192935169895048
28.062196638611262,3.4274036154687657,122.01538278066307,4.534989029074473,149.7562740941383,12.414620241741671,-13.716924213562624
13.803433571025234,6.40146009391437,239.4388307017112,3.7430102343553684,54.950012916740555,-4.10661666256555,-1.8541843817242296
46.91940142937538,1.0069996220497162,299.43787985094764,0.932301017036774,34.76319572368282,-1.0682651324684045,3.8995069709218075
39.55183993954863,12.176539279160885,200.29346482152604,5.86465082739477,202.17110903714607,-18.276908956277694,-47.85295761650774
23.1858392566482,1.8334692803183894,127.29530866815635,6.653405200029154,270.1023300905322,-11.294396488777663,-2.389531763943443
44.7236859547626,10.815910181192242,348.62350511213083,6.00410091224677,126.59262684953363,8.114156514702948,21.21034997202765
33.11674073559419,3.191082085080091,236.42506907573477,2.242448691075656,38.958617493815986,-3.2446945221760863,-0.05463371985295584
43.8149367440538,5.513415759230252,274.5380274972659,5.741000043314627,290.599693614844,-32.48804158365624,7.340761559273193
43.80620645313432,14.618199031885624,294.6336694346411,6.135732805354648,231.3716989787393,-54.0348286940459,6.76217650978648
11.050153258143336,13.936264364924046,298.6058843854787,2.6744772515411066,64.94978590590759,-14.727582407379797,11.714631502644108
38.10795091462418,4.634770332448652,122.33687643981301,0.0610578940365869,313.15057435311775,10.791018458221469,-6.793732758383367
32.65284379045505,6.011765159992733,51.07487549445671,6.331720126555139,11.036555417126127,15.194554786167682,25.78019616417156
39.84447048022827,3.226993200502664,151.13969775522114,3.4089598176933276,133.2191132917214,11.519758016387954,-14.708434000147067
38.863838709706926,11.652534299501115,204.333680381183,0.8495703997717929,18.939177513187843,-12.739074023583115,-27.62413933104064
16.296395884286127,9.267572728890459,242.6287358207207,2.7210284354621894,238.29792941097404,-19.220973545963204,-10.372730646607582
29.42646819563985,6.630662800466687,98.34006397131701,7.549431436683706,40.97430291967263,28.194036004549197,11.60519184409018
27.196545335915616,4.24869705120674,244.2550517136479,4.866327533642508,240.16772114508584,-18.951702764104034,-10.045910951704435
11.8166945041771,5.928950941314434,215.75698450000215,0.07687085899882873,108.51097032663723,-5.26433375376414,-7.505743639497433
18.449359168812492,2.0585220788599052,91.98702144772534,3.281223559378411,2.7827663649522982,4.298883095680981,6.2177291424574035
39.88056493719071,2.6354220281376346,136.87468045748506,7.036712633826636,180.09444476023674,5.1039438029304005,-25.549270455432307
43.33416809679513,12.093002798501457,25.947178773176823,8.617643620225886,15.228814162604895,22.455397933285308,57.03596614801696
10.749661463425827,13.817436517536187,310.3596049003439,5.757591607368311,206.42388511890348,-19.37985715391782,5.613453959118102
38.37995846275737,6.265409397652208,41.46241415896736,0.2085655902474881,116.91654460038498,12.124658649234759,12.869688773903167
42.052886172418084,9.271878949563604,299.5293287058146,9.197697517413847,31.726757267238487,-9.459681952571339,36.2875126742492
43.779374392587876,3.649747122341005,211.9936637890483,5.239625430006316,142.47601086935987,3.7574215149278842,-21.662470836041244
22.41098247343445,5.092699217226959,119.9047040975275,1.6813270804568659,183.7739824351734,9.199837221825696,-9.013278378812847
14.561065593542102,7.64928093484458,326.1321833688182,3.493752654723803,261.85647804260554,-13.30355709410528,10.090543862666495
42.75794406099408,12.225555086250212,85.05678562082075,1.4644421827769438,71.01784901663397,40.050242005159646,4.516725770274094
34.09595941092663,11.40322943320338,235.98324378674607,1.7714612894722914,278.2253121291217,-29.54247455985909,-16.15117830696475
29.764681000695546,11.316687378704787,273.55577385878945,4.48905256995063,332.69553301883735,-32.896235952216635,11.555095153965505
32.57967133611197,9.529474785908901,224.82784059908212,8.642468748314162,225.79826648391784,-33.28181679493464,-32.94732769700345
16.038296055723077,1.0242938774363415,159.19490298106254,3.028204351390129,98.8825202950173,6.067971609668914,-2.5769180901064574
12.246884808523122,7.610053279346673,111.74682621827193,4.519138637006822,20.480418300222855,13.667563741822052,2.23418281413546
43.26786526652486,1.150965017601825,311.1300122130861,8.552933714560902,221.4030198296065,-19.374869762119708,-16.805359899079036
30.282712693358206,6.940674883909084,199.55389368178942,7.918177972653585,322.51563560044895,-17.74480634941217,-0.6389658127414393
27.98934814603625,12.147238765469567,234.66148367349956,3.2152676288042836,171.22645005950503,-22.49917733276871,-24.374394584793055
16.034443067825542,0.9281055015165107,37.26067581734098,8.991268339557735,123.63759930177635,14.550481722055615,-7.669579772620455
38.572621966698506,7.568235022514361,62.12120811709137,2.4774372359828423,157.59297875132387,21.408412386979695,3.501238901649951
27.57687167050497,7.841220528983184,57.148634873354894,3.728519821013271,101.84168830119044,24.27176943110322,8.271494216421035
26.350775889892812,5.075507202621293,215.23891045787622,7.892269315636647,233.0299285089505,-21.40269338078957,-20.609542784051044
12.636474171188699,1.4175892127264151,244.21656414242915,2.841469738781137,260.54411580088623,-6.547588543343882,-1.7389784371508443
36.262563456419116,13.595140457455159,314.380678341794,3.3336203606055657,209.78622525111106,-30.922112058955555,17.98769304208688
15.657135223372713,5.247311813037664,348.3707427693881,6.984799628118809,141.10487436072972,5.945915400924119,-0.5300031427450076
33.80164912606299,14.070032993486413,111.44947946974594,3.7667930605630016,284.99830483087567,24.82597564167859,-10.947621664792582
42.52739135259204,10.051745999920838,298.4252302420072,7.387746721294828,246.74919849992745,-46.01597724652824,5.501499400287953
31.05573358936696,9.690372311002319,152.42629187595733,3.618280963467846,130.53516083353597,18.206200587242417,-27.530832166398152
17.210516915073786,3.2128899181335053,341.16057631236487,4.8627092087272725,81.5554967521994,7.066526325639042,7.033499529487913
15.502614127083172,1.1574762645131447,303.994219926918,1.0114076366789415,277.5148993307164,-3.488714575912071,1.385673776010222
43.404793065382236,13.255232482388424,13.589097248722052,3.3676437196428157,275.87073760100697,-0.7007580531839945,39.3517335894288
15.24196165718032,5.65079806233787,58.40899635184218,8.313450566891255,277.59521294315584,-6.041282666326394,7.15517258823698
42.36174878557205,2.4830874861608803,157.56242584980484,4.108586114965335,243.49065198787184,-8.01958265694409,-12.134084760247042
19.501208057877,6.662980647079134,102.57405572280896,7.485365180954363,161.61406669200252,17.67460205522074,-17.05573710579597
31.360445987930447,4.642018448441844,291.1045935926831,4.690156050322527,300.6408213812547,-21.153766227592172,10.270512274346585
24.713638329001313,14.206952553661845,354.39832567136784,4.616799784409892,101.43782377335916,7.044486144148609,29.682314129486457
25.27489736762842,7.91189682692224,347.856535154141,8.1689123958124,288.45332069455714,-21.368000999117648,23.4276841629205
15.53594138413725,3.750048173835106,230.82445303360097,8.74116945052237,199.63466835279525,-10.401180652575658,-18.868145352171965
14.103589269936375,12.688384151001577,306.4197773105204,2.8506301405932843,274.72205890500874,-22.130657515487613,13.171613571445697
20.911651983654266,13.579593134673619,53.04551615697755,4.374725601949808,340.70877468423384,19.422096455682222,25.382137411829472
18.881520276279225,6.766919853310634,125.85062812991362,0.2667019080293853,19.172479381586808,10.933229299875979,-7.28157164643398
30.080284587729416,3.5366711079514896,358.02912644578487,3.7491267341776755,10.147516390134022,1.334538082752847,17.892165215596165
47.233036189998124,12.587644314174085,233.9858463459054,7.91380637482176,49.5358515813138,-12.911822477428984,-7.030220073730479
21.47517589253073,12.446423747292338,250.5859158873541,1.387926918181862,253.99302310406895,-27.353885612782843,-9.457384357632714
27.944058959289862,0.07876797458426898,28.52127765745966,2.559239284370447,300.58671574165714,-5.168811567150159,3.273462258190341
31.95216981775342,10.908521779873977,189.99774211922073,1.1118686032423841,103.71656809412299,-2.0767065760648666,-28.09186480066642
22.0460477834488,0.7162416992827692,151.1371957512395,7.938991086394381,164.56090198912153,5.2136452676999845,-17.553523533010658
14.4343158116006,13.577203284929977,214.8260554148209,0.16435352205894427,185.5352628753862,-13.328405093139523,-19.399999742831046
19.677525376839732,2.1536526036939008,154.52600151720014,6.148095827759507,86.60312597035568,14.147861319378208,-3.1646076646497794
26.662703808341593,9.965569526130137,30.821023795414234,9.746544909522218,24.364556247184574,21.278969131637698,40.65330736003477
31.04237781288682,7.609915448696799,355.7993348147283,5.541519524181955,140.56334372162308,7.453213801731333,8.325957679285139
28.80540312633944,9.53506187202945,353.1741921185617,2.5365026106921276,5.847203199221145,-2.1200627548895055,29.057954280258027
41.54080065118061,5.172037397450869,263.858767722231,6.282569624756564,277.7404946795493,-33.081850123238645,0.8523153621834896
39.40747939249245,4.987779125579773,15.960847786274943,5.460137452076915,292.8631916001917,-10.373037742339648,19.60576077075305
17.003565082068338,11.687138902174222,167.2642439089336,6.95389251996064,227.42490519300162,-4.737164218772599,-29.98419011207655
42.45990727390426,0.9465080554833694,279.42854389323185,4.576795774473532,105.63932562301125,10.220066477455893,-3.1739173647435437
11.752251026364924,2.9920475057278253,15.086139094937518,9.333709799503973,185.53809213161955,-0.18888946643113336,-9.908396319311453
49.564908091844934,8.145460464812789,91.19295547294226,7.532909188188649,68.79723506420792,48.21231649246269,8.12140711042167
24.278967041414536,11.712623504676374,311.68737974810074,3.3192468638134454,44.81100296797803,-14.255559423341705,22.569629219355974
24.720766972586922,13.342297755184221,267.59077398706364,8.946374949550533,139.19211657384918,-16.801002043571906,-16.46110058565205
48.94894337261236,7.44304839805534,179.10842129770583,9.243104666269636,186.93930727257913,-3.161911603540457,-52.49512504828826
42.045923496070955,10.906219865139535,28.413722179968435,6.024532988302273,296.0428606343592,-0.653713591673597,35.82883130989883
31.818975893785478,4.81817142321891,28.82480798699829,6.609192214581366,110.33850819267089,21.700543044028905,4.900521420514049
34.104865109223994,6.391741093245681,248.31533104037504,3.5154698377199214,15.247858626046629,-13.223520177033526,2.7159201469259395
44.80148700225568,5.288389654627235,359.33421519829767,2.745553600748576,352.8098205099405,-1.2242809142053253,24.21404880475491
47.91617514412345,1.125617474822389,229.5045136379874,3.6331113065098233,288.3945512023812,-13.450543864213609,1.2986439003601356
37.1764243125876,14.291840944194117,51.40060861051791,6.075729033208553,281.27230910764797,14.345977841418154,27.816569779583638
11.39195863194168,1.0085004459316322,280.2655344624715,3.6632847310714856,137.82758460795998,2.23574208060902,-3.8636547802541994
32.68978566896478,9.076422432821783,244.46234048882218,9.488235292655565,133.92481624944614,-3.5000285054794027,-27.093752811885594
40.52337887194318,8.608826675008435,190.60555735306428,3.9803404595244993,233.84186521417135,-13.791274244208278,-31.071933044076786
19.984466123735917,1.7017291887752706,264.84294941259395,4.990439602564668,139.31545681413485,3.1456084196801517,-7.947329195284268
32.466908430385885,3.9266501488124375,93.70431761036521,4.462731124056162,358.69144037571385,9.819060056626114,10.825897642735042
21.42307510792632,13.74718364312822,176.83207029152067,1.2263742190397087,307.01746453835614,-0.4587190343411147,-27.14300295772562
28.081707409815895,13.480185461793456,160.2400293872838,0.8779074110473106,245.4945336902294,8.993191212183149,-31.2263932023862
43.82084875898798,4.793816581499552,125.07310610588323,0.6493907831607115,195.18169004120244,11.218454333170623,-10.106754989845806
45.653267294155555,12.770430761296888,256.2512774425966,9.273244567231778,229.57200812304586,-59.37966886012156,-27.605940007759447
41.747855353800105,7.631336177614512,43.69048382824448,2.0098037117768577,49.995673933811666,19.87031232778693,19.867783411304245
41.61492243230997,0.3942604021239854,199.44771741345423,3.689111655012207,289.3182214638911,-10.522839480527486,2.471902817697802
32.065877357057104,9.179225439307814,31.037573394695777,3.092907175284622,359.8542158163793,12.080873293634221,28.017569850123532
38.754786395628784,7.885434822454502,276.8992381348913,8.233393995083906,26.550256648046048,-11.659980166124786,23.36506223949481
48.89518926055064,9.63507884079572,161.9908184386786,6.801089906495809,124.02532105297189,27.201730341243106,-40.9456709028249
45.11840606601647,11.703943932574626,230.32581457199868,1.8196313655213736,347.85526101627846,-28.482506000707634,-17.266689795697843
27.304731459278994,13.66068406420331,19.948626006399746,1.241611206390122,55.085568051672226,13.398608239135203,31.973647496396115
16.586283195604963,4.839911267318334,255.35956771052852,3.4602308234187307,338.7254597753525,-10.919797801949162,3.6798459038512554
45.797036672844975,12.689005592337985,90.21791123351966,6.350570913877459,198.3029095739303,32.678549063647225,-18.570682967156515
15.006811805076108,4.542369091633141,192.052090716617,5.0257314474126265,60.708924629174454,6.007805110606757,-3.469288970851073
47.66427951474383,2.3129140031934474,237.14383441815156,7.20632768437273,217.85000683026794,-19.84062617352234,-21.649845365425836
43.70120016453556,8.454270516469437,297.08505623758754,0.28373487898877614,16.36624918488311,-22.228877385191332,12.302414641749628
35.658149352974405,8.651568472160687,234.40679189481594,7.669590009163111,149.97124211876863,-8.620082779746221,-31.480255343862957
35.559647688354815,7.470570902041741,225.77904370731036,2.896716568016058,344.3940611835858,-16.51350485944926,-6.516580239124818
29.31779272701678,12.070322313235996,246.5967028304436,2.9743387142974234,26.270289181924483,-23.863497437061906,-5.200619835902705
12.39652131738676,6.594082498806165,174.3304068386493,2.040230135633987,218.3976946154291,-0.9789393719552353,-12.973664835740582
22.50329996987732,10.775443276686563,264.31191172963685,8.607773657543254,351.1346860493569,-25.80790918592929,15.9293742401096
15.23064606209546,5.558102970754369,202.1944376694129,3.1911588640315722,167.93012413462912,-2.523896211906637,-14.567411352557773
20.698866978167295,3.7187832378831844,34.85219492180572,2.902120049699015,138.29394006057817,8.331941518784882,1.8182429416527954
34.61509776655875,3.724054205717799,311.51070061945836,1.5969966213016096,117.87689548843018,-3.658079660999074,4.573043608505682
33.10748151574386,4.690723812934095,274.72369504990627,4.982655420599088,185.3009421233344,-13.341187310388221,-11.886130120239304
29.950388335906165,4.62810723081644,8.343467357886372,9.452328040692372,181.96000668855777,0.8606239749074359,-12.028272597641376
48.66746522209902,3.2271663378936166,127.04223198828792,0.5054040462789189,178.1619132690635,8.16494009000095,-7.714791155428787
45.29357905472804,9.813900553344256,169.41126721255046,5.36690749288927,304.98205154164845,-7.882265395148811,-19.964248299668704
27.23711077390162,13.236835963778892,261.9029028093811,7.638567641619895,131.73744690632267,-17.449509224931127,-16.376386228523984
26.023264840590265,8.554224658215439,70.07590867957886,5.532229266211517,26.471429907423058,24.20416725230997,18.121153579509773
30.170221164928186,11.466061720608593,100.69944394463352,9.890907006207225,244.94351044278986,5.720703125986127,-15.668471897241762
14.75244078894358,14.62624223120676,141.80533658229857,7.948972283809458,122.07070798292351,27.366212243323154,-27.254834093741888
47.557942678215014,11.324477584391909,71.66083735888199,5.091225162251821,180.0280452854318,33.46355682944401,-4.758136932637562
11.81213409868299,2.0555456035128064,119.89465392699618,4.7374415039519,164.5158813418346,4.728124810131273,-8.674727442035492
34.250420896152164,7.732585982208809,118.06770514914945,6.13068121064678,58.50073651569818,31.843279726692526,-1.1497202240331212
49.6246295024456,11.089790408604062,107.72436331019458,3.3637345215167835,298.18417894465534,24.168816919227282,-5.685389116882737
31.293593195035054,10.631097096531569,107.92460330546893,8.157488332438241,132.60881155167706,40.71409256869165,-22.213401757536175
36.952255698920666,14.698470467687429,210.13277106556308,7.9675481393014715,261.1167165186679,-41.859155616411925,-38.26865386511361
37.52174604811087,0.3997073244574978,170.8524770706218,9.670706961720509,281.8454369153117,-26.00198001743993,4.399028101180436
41.046481006882885,8.664515937962744,259.7040404266704,5.8352327704763995,61.384342228797365,-9.842826413198976,3.6045591447680705
35.161009645814545,9.29603708251634,302.8201649849751,1.4777570830033182,245.06168221824439,-24.50382093818652,11.82174680508716
11.262820533683975,14.22307756176452,39.56238768013086,0.18937367506612568,112.92929404050787,13.991463777659767,16.50370285306771
16.05725032477382,10.357503913777881,147.73586735617383,7.74972301807091,331.38754196299584,3.2891070778259763,-3.53713146611652
44.912708356492814,11.03755906903022,22.421262965195503,1.380824857852102,74.6430137896481,16.76811540309636,31.98108037142361
23.001981377042192,9.933401995715236,189.17177450401275,3.1375259873781713,62.34567258863799,2.589477602234165,-18.082484096478222
46.48496643696041,5.134905265227692,127.5433159121326,7.719897841487407,259.53284207782536,-10.83626846737717,-13.950144415298274
35.73236399997846,10.399699650447314,219.62756882835055,1.922641691367134,88.74688878984973,-12.714403507322311,-21.505698900808525
32.32346603229617,3.3730055698922508,350.2478259326048,2.9761456527690786,104.04148946526898,5.94504051849611,6.680001702979697
18.29111179418561,10.57482389610295,114.1346682066413,3.4880317420130655,336.1321349174882,15.910348785441137,-2.190085290775813
41.816214240093345,4.101863051331346,43.874678063777424,6.766222457825457,136.6899067347777,21.852353685411472,-5.742064041687669
49.20642149285449,12.275661901958435,343.6591908209261,8.046158339565704,104.5629547174568,13.726799562344137,30.90233944557346
21.505213664565595,10.71211931247593,124.69086507442194,4.423761118648354,92.31983117045355,27.697908863842926,-13.140893164345586
29.163170520659328,3.0310201080089474,193.88805253511498,9.330239337833078,250.62166823285617,-23.235590516504978,-14.723373414714109
15.490918192036919,9.235155516217384,211.25897948549346,2.424580384102868,241.14022736151745,-12.28999722281571,-16.10925150920746
31.24165958931197,9.569168601129565,18.896798462206604,4.133013660482586,258.24890025008773,-2.3906986195533424,20.724314645062694
14.021796191093916,11.561490871474188,1.865320706566811,5.503525657796167,334.475884861192,-3.373221306048695,27.9343673566146
26.276298061875337,14.025481478942273,316.2238637451222,4.774485204408965,71.8041508803366,-11.960764050256468,26.89016502011043
48.55656155563743,4.8175155317875005,232.52325044049715,9.079369587356224,32.205859384145874,3.195994655256669,14.948972920833425
32.96533412701493,8.02728415340407,260.3223641672724,9.36669379750626,328.7627012411469,-33.10670186223746,17.26398903483249
17.002591019238523,13.233674597472497,63.28393471399052,9.19634811850934,358.9818491118636,21.704197979077676,28.196081198727335
25.879782971131988,7.430758459826367,337.1791481199946,9.621313800833423,333.3742912427195,-16.5244224479356,35.488861297737486
45.069726716716936,0.13900752720149678,204.46627271921835,1.0730069077353799,353.8777998135623,-0.5213961045074169,2.8504797240479176
21.38246609400185,14.83649205133085,195.58817408051098,4.939124203418191,337.88178062671403,-12.207004640827215,-20.28420176369343
44.04238954311987,7.0203115350943515,69.41210337857152,1.1264676102015447,58.49793451430591,22.57092679530061,9.161120630275809
28.356578841294446,3.8589732034427864,67.03166488610438,7.36617895492257,284.676359193092,-8.590458061852276,8.107995879285678
32.711248896837574,11.359241253863418,63.1781689818473,8.561465042734577,322.93539424223104,12.852822098817963,30.87857834477966
43.07959301105238,7.729209884396939,31.225597145408127,6.6925585340995415,66.5212323770424,30.06655905971914,27.489781514710486
15.624475025371938,4.854025051276242,89.2969501201722,2.6078527706544383,84.7876510085522,13.297865941545002,0.5291429348078948
40.15026607125828,14.310522339823688,108.7005022889813,7.228825284009974,4.1168643099004765,40.26634453852858,7.501415751053461
36.14733468280795,10.391528856341083,22.364759448193002,1.1822484780397258,110.45028312130312,13.740982312118774,24.96639421858634
26.21666451873589,7.5378070685758445,322.2426131338515,7.03557035102256,111.95206141847771,4.415559609317269,7.697146317711676
14.696629833791054,13.74195578775953,106.21353605624886,6.14625448143849,78.88629633672382,33.280306060484804,-4.590997079812545
15.342751287872165,2.2977834703376883,269.18454137430837,6.057389480890693,149.70442155524088,1.3409000290232305,-9.307949299764628
31.96938035273459,7.062421153189672,193.5063675695523,6.640944393396638,78.62818415663735,12.41034402698925,-14.18863591468199
19.89861717234311,11.32109324587298,314.328621055584,0.8187030647327487,160.829271898734,-15.770042691382884,14.376140414243512
38.1506450062349,1.1715408322116028,203.10074001845092,0.6175804755668379,197.15372953593533,-1.7899095150795041,-4.651063250436908
30.219482243703833,8.59052511341797,53.94685729766915,3.2811763774220646,187.32295482652333,16.200766600121185,4.4713398667103
14.649600887386569,3.081022283090423,209.93316423876632,0.9094164445168784,183.73512745182043,-2.7593105810653067,-6.182667402408256
42.347683327089484,6.80148450269673,184.76922355259094,4.567984757118761,20.785241135708915,3.1014588468213162,-7.367033981367944
28.495132229556948,12.103730288315887,260.38082873700085,3.959487099532575,293.923161335927,-37.48665676288831,-1.0048441234611687
39.832179313272626,8.674668975885531,16.30432898201836,3.4452886656213453,22.953568360349955,10.768779315567407,32.766595227849656
49.76494641907681,14.018741983274197,24.846892617712967,9.337755625849306,11.424553568308454,24.654407680835075,69.6733905216361
26.354677432769932,11.53458093875224,275.69796585253624,9.78333284924101,232.51709451497885,-44.600232503770684,-11.145292297389368
26.814477555293116,14.892848978713184,137.69266278649394,8.696202853107085,326.4362321488461,12.197132260765366,-8.809153656350382
25.025821352079504,10.24095531152312,238.24531372516853,5.393002639188602,235.27227543073272,-29.68113564366918,-19.113640130868443
23.91079548556601,2.677104435061675,193.41305510328044,5.288425395440093,262.0289307262061,-12.934564737667108,-7.368708995129375
18.907608638650657,0.05209942417361668,8.184717835907973,2.983629887029818,242.45994879956413,-5.179587680271428,-2.60727210556456
31.777813561000833,7.979004127451381,296.4097574552824,2.475120385037756,124.61750459554563,-13.004937691763415,5.45426322721359
21.025989111805092,14.061155417026002,261.0086205272106,1.1284463876647732,291.41214607411,-30.929876378039136,-3.6969299578291057
26.769623939670083,11.490802012708551,318.1523838643348,0.1564579636354957,74.1893838660771,-17.557535840331177,20.096485818069375
14.03586852370028,0.5036441363142119,215.20256282335896,7.032862668649287,17.523475647749677,3.09096900056549,10.648608013119263
39.62164313919446,6.0339802621635945,84.36214025552219,2.1726921017755343,310.9428873612203,12.402056629822415,5.731363435481255
12.257761400978438,7.558437734114018,104.13484248741078,8.157862567633169,263.3462939217666,-1.2224898749446744,-4.412174709975931
22.756147854767683,8.968765114158936,242.11148451728891,3.2066511539298315,108.63519665191318,-10.529646784109616,-11.243086170693697
15.730417366533146,9.903186357161148,79.57538656057172,3.005009537574196,21.94474935843438,19.453138306554408,8.20046131174394
47.94081020106886,13.195708364458245,328.167959623396,6.2599313764833,153.79220962603566,-13.115734573958283,17.49064324743037
29.824831499720837,14.584353530155289,338.97110753948823,6.713425247457224,282.8896545529865,-29.04219954568778,37.26076839189997
22.749378292652487,6.24486950132167,53.71833881705893,3.76460188507132,271.58979500572514,2.737113327438209,8.183420403833667
28.940752816488796,12.740113983900606,108.2651107662532,7.075767974879722,290.0794175765593,13.24445142506396,-3.798209705650228
46.589646952636215,8.435789243803637,348.4030278767856,5.572867581992731,48.273390381268094,7.5920050138439406,36.899392479877406
19.71434064358343,3.0500509959008157,232.8141065572601,9.222261045112223,304.96801893106027,-20.022557616173764,6.900518959867233
13.698559861074546,10.868770684608029,68.57338263506578,2.684615878549812,242.52189142844824,12.927810406023632,4.565198866444724
34.11688179956303,13.104306877343094,67.73878581579191,7.616964175372099,260.7498863467737,12.157271404558607,9.863408650151
32.35401905090109,7.190913097063722,313.01058654883366,3.329643108188213,344.5271137896023,-15.785975061523917,20.839462328837087
10.613348249139714,14.057396448033716,346.3479202012052,1.173161994433345,359.8459225264122,-4.885210249206685,21.819614710023103
29.156835053694632,3.638897727686123,217.58455226836122,2.045131429778937,329.4455254536803,-7.946084343988438,-2.736767580431281
32.083171701912576,11.632708230956554,137.03822797425212,5.3365012741626305,129.33343999856726,30.832025227879114,-30.422636105227134
20.462465095414103,7.692248100356603,179.019825516354,0.9860823156548004,353.2746444647676,0.03289758340211896,-13.708821704119426
28.77961688090234,12.595967723455272,329.15897960309604,3.707049214312584,149.01486140830485,-11.018851198281116,18.498299884920282
32.50098909857417,3.3191114747433788,52.53217671691748,2.6077410990976957,336.51297010668725,4.105900313510001,11.353821533395141
33.16571704149602,6.263671103327605,54.86810766629158,3.298652859778599,136.74231890681548,19.19839860958715,3.125978104965938
43.33450861147941,7.489522235539837,235.6588678035679,6.848466123459062,92.63763274855779,1.9532997647778956,-13.494812368712395
42.863677587694255,14.497624008755155,231.0100035835346,4.905955825807824,60.56411254255476,-20.68038380276111,-19.837643425610096
41.799020574145366,2.538985662902726,259.3128710743537,4.883163212541324,330.083780289972,-14.392641092016063,10.981043740058483
31.685474214054206,9.627141947735499,21.143538569062848,0.3382375716469055,304.8110579457801,8.12011517378328,23.31206877281512
47.80752444803593,10.023233150897292,275.1619836859269,4.123922224155927,303.31609805712543,-41.92414575393799,9.886976550053477
19.25733568309782,10.607543455551898,3.2909262086382363,5.057329196930651,134.35224936725228,8.371949291868333,13.978261974444983
34.71340943507212,10.001320943300096,221.94696999036165,4.832041536218251,175.62757824110565,-16.804838108817975,-32.60611844875821
10.264494279686357,8.274653413668853,4.266348526041277,5.294176468416506,98.90666539121952,8.45671668085366,10.751226211353238
49.09917392930047,0.257138964036408,292.73659952900755,6.740329521192104,290.2203716210744,-20.76152245969553,7.685197742425287
46.39093463995064,1.6052464304173935,34.67300049050705,1.4889748574025052,69.09554051698075,7.08619330489587,5.693909428116181
31.058239416008647,12.228215860699239,96.23690520358889,3.9689642249807147,134.2985700469256,37.73617525380043,-10.317950233456862
26.241096394955438,8.475032736719536,356.48389139030184,2.2585725262742216,246.25498516933877,-5.984004905825143,17.462119356962795
43.91468408126143,9.806035793387297,308.95889724762736,7.595858501768448,33.66018195375939,-10.218296967201496,37.3661512395241
25.170560889592636,8.29052159294543,20.201378086427653,0.09450172654130617,61.69808707957715,6.673806436748224,17.726775894820975
29.99433572451168,6.508644779574935,282.37547188444,5.6585662795103495,308.86571281092097,-26.616112587756234,12.229914534103575
13.814473418829202,7.9223877846247195,15.318632742136238,2.114170558845472,312.522080609378,0.8975264696385357,15.221128965651983
45.50217228137974,7.1325043146791,16.762309467027585,0.7434805992565108,333.21053162913233,5.2446013222316115,22.82229732960084
45.972466034600345,8.452647960719753,11.844640855249882,9.287663612546593,113.21448956159435,31.443314204110315,14.118602647400145
48.458767595040236,8.805541561267326,270.8116091448714,7.127113999493597,143.38656734224392,-14.313812769360588,-17.58927783566186
13.077499657653835,2.4367537607205882,86.56998994954324,8.34650560091752,140.09637865224917,12.714341041902818,-10.216695482266637
45.86103068010879,4.975947594327429,272.0193352275212,1.399505942351973,355.8520648490771,-15.515302939101016,4.804269135143406
38.9665428037726,7.511892774565877,350.7563978769587,0.536964319473936,157.3517710236597,-2.8182244788869752,19.500982499544726
43.546986304526996,5.10889119712659,276.8420352115592,9.548583969146659,142.81309775122543,2.0822087346768345,-20.852561314319644
40.9421966452529,0.4443848841774767,98.39773030636704,9.925858784507973,176.61724419988556,2.9622318911137078,-28.81456627010554
24.232447908233915,14.117142674560881,155.4652606462361,6.796948580881589,237.84188670535517,0.2398141800327327,-36.586004916253124
13.427764705469428,9.279238353898318,287.2998625689888,7.131085326783857,29.53368348233348,-8.84245677459705,14.831315276268327
16.168838554620738,10.67515732167925,228.20431750669835,7.396552889765946,114.00416232535302,-2.181879621781519,-18.380540708508693
14.262036708450445,0.07792833555045175,110.9762838490673,3.599174973468966,97.11591956617913,6.214059881410332,-0.8078353642790171
15.300280179767975,2.8108767529181584,161.58372372772251,5.547400006088678,146.8959030299295,6.9194400439573265,-12.91746098274363
11.050476160531888,5.308714310178883,33.50313376555469,5.980437977942729,116.79491900606855,12.410908029625286,2.597767024245538
25.409516695839347,4.377710269444815,139.60784137622173,0.8469951692852251,324.4089761483159,5.334744097586117,-6.021048548885851
46.208302972534355,14.672595960208309,205.9057550698342,1.695829233923255,137.06352845594753,-16.129721179131554,-44.32000237018891
15.55360235837667,4.516968980626031,177.5246191958825,0.632671502769544,156.4834569345882,0.7969317078512854,-9.06899884136296
26.84409359090097,7.263469709008927,27.691690102256572,2.5169973778890284,88.77242460492106,13.783413122753416,15.172057562837377
35.001347510755785,8.90709597058618,70.39736095689376,1.06972367580902,109.67687847045251,25.105202955618022,7.020429541657807
47.952938495782604,4.983258229674404,223.26918763488817,8.040764619573824,118.63501786053368,11.38637031877165,-23.393694629489318
23.38944894987828,12.232132050045047,309.42304815630064,9.742253765046069,49.00480976817533,-4.576891839075206,30.91836281186148
22.82660621500351,14.209183830241743,72.30653593274582,3.141832811954414,347.2468643141258,27.70662545879151,15.926661239785897
48.74900886986782,4.371722273700798,250.18479636195963,4.910073128921023,207.3165413849858,-20.06963563275913,-18.42509016530736
19.696971871222924,5.640829534862206,293.9380255558487,3.9293512973945988,40.99961650031932,-5.165635659718959,10.529179313290213
32.554020345151436,8.883405513755783,196.42647076229596,6.8171263313008765,198.0356965190902,-11.909184708832232,-38.65094956894573
48.12018445945184,6.924333342497227,255.01213845218285,4.3845495430890855,104.87923487470631,-7.677678787952495,-9.135287389047868
37.71341117297371,12.284483520066878,286.4364609585436,4.091415902449015,179.7491575040257,-32.62149812968711,-1.7065836693810148
35.33344158614654,3.6303175150619826,237.1186686716345,7.152363912994262,284.06763475922264,-26.803448664489046,-0.6237432913717038
12.958605423291537,14.86050921655452,172.52449191814543,4.008050973293736,182.38055149062325,2.871926590030382,-30.45799378340083
46.81568737913183,10.375632988471615,195.71227321949198,7.9072091704925915,129.43061748585356,10.187939850694866,-46.37256418279863
45.82006061443596,8.053589790368818,229.7449321239028,0.8498193405098775,276.82345725121456,-21.364452732118178,-15.597334183352348
36.30406578323063,5.3251322917273445,232.91994527402554,0.44296693527849595,354.0989541427138,-11.681806622510404,-7.536122173467322
37.09887583456742,5.994266193376234,270.9657999826581,9.657167777138282,154.96399580046563,-5.243545294965088,-23.78564152151259
10.421910911383199,3.8810755560548316,183.84344658901608,5.187977668493495,208.98658638864148,-4.043922557408061,-12.259508007997919
33.00941593081704,6.686678272573602,140.80830072390103,7.7234223246243205,211.89238435445301,0.37601279876750837,-30.45543265926895
30.01863126478938,5.174510813992774,8.842555089276956,1.0454935800606169,149.75115426925652,3.270693786551396,10.414633760029401
48.46911462719881,1.7410400693846202,338.64341693262946,1.4167517683154829,112.28052380311492,2.127954387491237,3.4086094286363293
28.213305409035083,3.1030098931247174,173.85335956057986,4.761625312091635,157.73973777828974,5.1228687850968315,-17.968048356715556
37.87053062094664,4.783642113265507,108.09506994549851,8.10185936918698,41.43069601156294,27.531156453233006,12.750172842796612
43.96720032187639,9.719548759165706,243.77015984071824,1.6435409285070324,354.2041694117801,-26.600314186206525,-7.9658290271000975
19.756517862079708,2.616798492362009,57.64885603752935,5.598489524898631,345.0465438242219,1.5373779491062671,13.665631061890394
19.274221896456414,6.075711544203793,66.40263905450172,6.404788766600781,155.5684028745417,16.288007548724437,-6.738083679811311
11.167690973695624,9.211604060578797,71.03679688160868,5.922031583603683,139.98088092805455,18.891185021555525,-2.3265191305428994
38.189424638389376,3.086767190509829,270.837178329777,8.087297886312609,22.522950528899173,0.03189280287153906,20.970693295028372
14.070081949085695,13.079689950148277,67.30554082755363,3.259849115988185,164.71815199422676,21.89270149207973,3.2209885922811328
20.494135818094435,12.93954821185961,189.97740706600177,6.391085856661506,214.90949854187767,-12.058786495309338,-36.762369891345145
34.452336845560076,8.80507071847827,125.25286947723158,8.455178026695592,222.25056456111298,3.989420740575092,-30.0561208915722
42.54953017043735,10.5898254141897,107.08014049176668,6.144845157129195,30.51070870429001,39.00296865129992,6.431531540009651
15.357910786028427,1.7679247899248507,109.9368009127796,1.830445183314835,249.63715501792038,-0.09570228446163132,-2.193739319854205
30.432994779486435,6.273586593168879,49.63222747244069,3.83709962837687,66.87133174539564,20.695617197634924,13.875574680244762
35.42006568234541,10.401493897940329,232.29363422878214,9.99899552563092,199.76852729969906,-31.201641572571443,-42.38149476856346
29.585681047688354,2.104448026466956,113.24880527790394,4.510009707466511,19.300054547101254,8.409680467759664,8.413805450625173
24.361566886854753,0.1437515934492184,49.15249727849852,8.152159406538619,346.97847218937835,-3.851207543477754,17.910297708824476
30.217520789226814,7.424547717996054,246.49080140159515,4.156304352741119,302.3610487564402,-25.612430988574644,-1.8291479974753386
29.547980477587426,1.2400593867970033,11.10985403148173,7.610566185454242,105.15236744113439,18.61640226181547,-1.8959748091563755
20.994116730941357,8.064129273072291,60.555231877166534,4.573213872734491,267.30657069472335,5.077631235345876,7.756735393634883
40.63678219774763,8.24589276807077,40.75595830512834,1.142066513589688,279.04069003103837,12.248312034161069,18.495264985500597
42.931312319902666,5.502926581581314,296.1399340066541,0.4161052227023332,258.8328868068156,-15.822853602630108,6.934095277063363
31.854130988878584,14.846635918150248,36.869917995899385,8.300707165425397,270.48437810772197,1.5483296607020485,30.446659158585796
21.908357404115748,14.989690039183616,161.90364341894895,3.485769768223138,294.0222906419179,3.111331799193697,-27.113469086930174
27.56279613533332,14.909365264779256,279.2273939570785,2.369460553666812,291.8529780621877,-40.09870073196478,7.758065929149444
33.51695587907243,5.259462616709845,255.87142541776782,6.3277063092713846,59.75338236849331,0.9565296271299637,4.976048973620957
15.569398637071043,3.0992948428016005,74.49937947063576,0.5935783363934111,126.29357242301914,6.173308943253495,0.8497112362899494
21.24340075160792,8.08152819071457,116.5153017076854,7.040537617551886,104.1599676473797,29.256273286983145,-11.092705951478958
20.693722651123206,12.870252674193864,354.7757888142459,6.7929931592331005,34.2810589731634,5.451909918133451,37.85462057712102
48.51087979975168,11.78536572436946,330.75673625873713,9.924862256446744,312.1371325561602,-41.25121534939763,53.28014204562829
15.075526744552409,12.991181924867352,89.88380709773033,7.11394848839169,298.25344897150774,11.789426098160131,5.9499739566355085
40.45894349919428,10.14351830549919,176.2051413296296,5.774255293041614,96.73817475149494,18.397348858055725,-31.01434866766537
26.569003574601506,6.779875838255466,228.10599480610716,8.801250813073235,33.514122255342265,-0.4358467606470118,6.541688676352026
30.62453888350796,4.173385317776756,337.08100107188704,3.69071174075422,342.0914683915377,-6.896746496127486,18.38002294930419
23.091571206437212,0.03709627712977115,278.68870455756957,7.32724026539487,263.13549749533905,-15.863790090177279,-1.8880203303533403
28.33797026718871,9.962157312477638,128.9601825627554,0.6333068606017467,192.39280717952334,18.29268529276199,-16.54301625115619
18.713197400608234,6.444646510278542,76.26652790678575,2.685368383144225,298.2037021375709,7.605614707513241,5.467342039288352
23.510206206831494,8.669004603914273,203.8111599301705,4.85337904008505,123.74626339894292,1.1728876284496215,-23.26639573548851
37.30207704372823,0.7261389172758442,35.846907089834104,7.838897618405682,165.44943456248407,6.603705997951627,-19.300805255755623
14.969487169215938,12.864773998929207,158.86294159551358,0.006759315121042109,344.89143694943004,8.101157267902478,-20.950837387863732
18.092728255895988,10.328878228672655,47.48871145824487,6.499971993406527,57.23188664609498,25.12021582548954,20.161555812622588
47.30902250903697,4.110291871429233,235.65166719076586,2.5038927854910886,133.86375635283568,-4.9326083482285545,-12.590870317448411
46.15201075342632,2.482876187390157,142.68296409560395,3.055092448442307,251.79889374884647,-4.285372570497607,-8.984166687509873
19.36575365937678,9.832278425753024,253.3312943150559,0.01086303691723689,171.65041497392906,-18.71264818110843,-5.625219293461018
15.307991681599464,3.3928629218910906,244.79378104376846,0.09286947608460161,250.41495862369752,-5.577693000798303,-2.6076412112519556
42.684361076531935,14.82232364196408,152.03301615902154,1.3217515109256084,25.498189944184357,22.183953952333336,-35.099500937480755
25.32279702703091,10.961450726459566,36.8737813618224,3.133514774409062,317.1560381928974,10.103467526785309,25.144104671835752
15.485171789741825,11.601907254759363,271.13680835678446,1.3314623118621216,357.4584558886986,-20.715115494642625,2.7723967677787162
15.714122673395753,7.957624148200215,3.0509071030834445,6.500202131578069,158.43579148074667,5.034304463716628,3.4027835516932736
38.89728105457289,9.421200575113538,54.49468710394115,4.117098943596781,247.16382115526636,10.912313261981938,10.908791299402939
44.398500984086,1.3003205019898278,36.16744049194996,7.524456465479524,212.24661039414474,-9.770139500827902,-15.988118053836509
25.361276373724827,14.448730658298961,113.22132054558097,1.398301888092337,99.70835650014433,33.326999875496504,-13.490205980894677
13.369948639919468,8.30094947677095,216.00283220130703,6.075930989155233,280.4290749047736,-17.921637904534585,-9.271176591493061
37.61904300058615,12.718381566599385,237.0259332306518,3.016493335771986,186.38968600700548,-30.47818478747149,-27.47195796086898
30.380902644588502,11.217654614718743,106.395138447144,0.5456913101525296,323.24852172851627,25.970103978064582,-6.791958634264226
48.18686045388611,7.423315799149003,40.58771853737107,4.9958254127265755,213.81471652958032,6.4237237672194585,4.659516993036762
31.13146003744737,14.665454217650034,355.27771182354803,9.339244016742159,47.51383706377273,14.309095085214938,52.71264182902078
44.4325601574699,8.525705831594413,131.54848662531552,6.829420490024262,274.58133764241086,-1.2851864948385838,-15.37747213853903
48.17811935763545,11.555505738369208,6.008184637508234,0.6753256927276718,94.38669977834415,5.900996352292918,35.85467115216661
11.59307447748759,0.9070328938230854,284.1443996375129,5.06610604274927,226.28545058180737,-6.981640441332556,-5.04161375906122
30.041958620283005,6.231479915631029,252.65182990446587,0.8242781192464588,193.16333378520554,-15.18484674063718,-6.5847858968185875
34.64188222666992,4.162016036018401,111.5664788219911,5.113046982953314,73.15109782481801,23.291280008794853,-0.12720529618719745
42.32240323882613,8.045852593341875,140.6633410686059,6.342942473532567,300.429528906511,-1.08434143129924,-8.842743060962864
37.24222738836842,0.9917262543182248,251.52331737797687,7.299583774315415,304.72852145067947,-19.12265172346981,10.592625070316748
12.316237760925217,1.2931919758723398,156.41409189816687,4.533718422971427,219.1796655938797,-3.718673434976307,-7.446915975372261
22.37160255494105,11.125402635863313,266.63694488430417,1.1944300690788745,254.8442185625154,-26.181146722793986,-2.0607328502901634
38.059984448954644,2.4574894640311133,343.0858326316911,5.230053627284082,281.8753565557485,-16.24852647532641,9.547390669180034
38.83062072373836,2.5044443128857123,45.69501869320494,7.811239799369876,96.75521510732844,26.868162095623926,2.3366647247094616
45.45659038962624,11.57145435734437,10.568250422209257,8.071078466573699,97.91301420768735,30.797083895068262,31.246166310368455
12.554879564925923,10.68484872300743,207.59460289710623,0.7707003128638534,163.8711999645939,-7.575832470533528,-16.33440310186588
24.404955820870132,7.494150086420749,204.07900616584195,3.6768777785681173,91.84178917406813,1.377154983758004,-15.525368453237341
14.116196600874783,8.608684577880847,260.2002143973119,2.2840442315325102,183.17695856783286,-14.60578786511329,-6.354506872776876
11.761516290512382,12.943927423539169,88.03852212841323,4.717645895777381,137.87261077226367,24.932222527732623,-4.731959740736634
16.003386729646003,13.967401157357783,308.6946711892701,5.528647884958645,329.02116102760647,-24.83120908993316,24.334332760830776
39.62663312426308,6.290539565441978,115.84872520994205,4.162565985013154,259.30365171415093,4.465070605629563,-9.99146997290926
20.850318320392667,1.1683060495036797,134.21094002563007,5.020409425595828,324.6987633329777,-4.254954721734659,6.767955045342347
17.173774010892227,12.065070291881351,353.3089910189382,9.540794074604277,24.813517598188234,4.861654470565781,38.626326058208114
28.603767116675446,4.234603059313536,304.1447415340781,3.273009217261189,199.11290231666433,-11.05121345267779,-1.728470906957507
10.318766942298222,3.0100673017943373,202.97042669670728,3.0390930726808296,224.17830860115765,-4.775690604873985,-7.180964603706469
28.55706762321997,8.875364024772242,177.60984330775855,7.726132629505243,70.35207259421645,18.44998142689822,-15.128358290093392
46.01773188905693,11.407233304825448,88.24567477556984,0.06377882751804065,147.61299944376717,35.02830284617417,0.9046877391578496
19.31990967438972,5.1963554660910924,302.2466424826226,8.77198614251575,342.3564943716396,-13.99889368966211,22.09298352103349
10.058481621423109,9.859557752639967,305.64215560041185,7.272150390409725,37.421646966561475,-5.145904376216441,16.497933360363906
31.1925795624005,3.572513917812985,177.13039566596314,0.5989507565318963,358.90533723871744,0.4221666594331345,-7.487632661924924
38.466098988004106,1.3953995753713233,331.6587850699583,8.972874719314593,187.1133186571333,-4.966661681009187,-21.494923015612198
38.03387638794718,5.587379611111211,350.8397244605704,0.8490241751648953,34.4077219214588,-1.1409352672371178,17.310862007857413
15.340554010038279,12.29944337841324,26.938974358755896,5.678207282892083,156.5938362365947,13.84334169358232,10.175619003966172
48.56873098930963,3.5515760211284473,93.95673801249961,3.150089154097583,288.2940559198183,1.737726082657339,2.3402945156156303
38.02902425286169,11.030293031735521,114.50077893579622,2.719558718324544,26.8874768888927,31.372217689988705,-5.983095836047281
18.10850505116935,11.699054737032943,210.4948928894864,1.554105513219367,59.17499305191655,-8.84285182109272,-17.839258296936723
28.64220449746647,6.0976882786382065,192.9328376724085,9.646347222502287,74.74904121972727,19.191501600777713,-8.229483495817128
22.332308728500184,3.975118903720623,43.16888028794169,1.576153770655162,246.97974346218547,2.7076295398010726,4.871071936698573
43.05546751758599,10.453169748556146,14.518730919118816,8.359247509879863,118.0057171985251,29.630316382304297,18.35182130744152
13.648516151653943,3.7232818419188263,128.06739198154213,5.134596753787295,243.78601571606586,-2.7944393938447405,-7.612910448047398
20.406671708848954,14.860149306118608,11.189553609153439,4.043922264471746,162.79242098438257,8.322032514843977,21.854895855386996
39.923137888348364,3.7477894233232663,166.335569595446,8.038967534438502,50.32549413832405,20.178343274513704,4.2525064951049565
10.47827692677652,12.45558497841954,353.7242054941038,1.3071523754397796,296.5224294678081,-3.699519645356654,18.948993932189413
24.889589752639907,9.454463229057367,232.08660565506065,5.823238014140632,93.1754348447493,-3.704922216575259,-13.813223493355967
42.509883664544574,0.3270027410791909,23.209932976887515,9.024960819332815,159.63527658095597,9.625171190951965,-24.02333131599897
15.15166195988018,13.576169555702293,298.5682237982705,3.3154989125227674,15.370674872555092,-19.41127512140459,17.02918896203916
28.43979688007763,2.519838130935846,206.5983119304202,8.216854015322838,142.199527759891,9.410205352495167,-21.059037439385815
11.179291720011658,10.248193751275242,62.210596259084106,2.1471610597002666,67.3744009360182,16.679281002415998,8.460260118495887
21.194182171228952,13.251356983404392,12.473799743342129,6.191765488458958,88.48252052828836,18.815839461451038,27.236035153643734
21.804206519988657,6.179883094442476,198.247919473433,0.6097906893284277,100.71935547802968,-2.8167073907346203,-12.613476395855086
15.489440685282592,2.9918670999987995,318.4749058409874,5.258140582527798,227.07157997691195,-10.366372687134447,-2.383601080748429
42.0867233108451,11.922693664528053,356.1853016741522,7.81915766845425,129.2803595415234,15.405569217575039,20.34596564735373
31.780712241362068,7.270192281607625,328.5637259754121,5.023932555437417,139.81725884494813,-1.4004694334997243,6.019557579280223
17.19263494791477,4.783163509940693,78.84726770631403,8.957647816143137,280.2737812782508,-7.715689880024415,4.72317596586699
12.343649211124742,14.872969851458562,190.59562510755538,7.668421684502729,359.85806885208456,-4.3684958106446174,-11.0267677165132
48.95919446934008,1.5020150595743638,236.47119169544433,2.6652700106568306,293.8626581791445,-11.65651024094556,0.7853385694202664
46.69037930281762,0.8386298377867463,358.70113746232454,2.1941158604392488,304.74183256744794,-5.621302522526499,6.4445156780785275
41.89562749517635,5.322069518477398,302.12001083012734,8.452209023662808,63.39613232879641,8.913454863187928,19.332148739033414
33.70078036725651,12.093153380390826,251.1455628958488,9.139800041285342,10.154365101777266,-25.774049576352787,13.338126859444998
38.02243213405673,14.213381026050229,202.89833524194972,5.631088908640184,67.76411936589226,-0.8855437693334078,-30.521515557106518
49.52024841618572,13.224395398466404,177.20162060234588,3.090530721512196,176.55711124589251,2.6411583026479484,-51.77121705432826
13.610295074036113,3.4893503712485865,78.77121900896782,5.264485141485109,0.2460586981790902,5.738840299821524,9.901165393467148
46.71584743682586,3.0219657502821167,46.97623642290573,7.169376326908161,330.76108343059417,-3.9892051852774335,25.669784795647463
43.77136345750603,4.8538321695725575,7.888642647686024,5.866091750912094,330.2006930932027,-6.7185464779078075,29.569043713044216
40.974659952795676,12.697213313687019,309.84100797295827,9.60558750275758,134.49268083001436,-8.37365830362414,4.054524074462911
47.67692853872167,5.933933435307814,36.37158126504708,3.017651537254691,49.12260078869642,18.084606697186505,21.053256635881933
16.300155440673834,14.230402980394851,285.06330899995385,9.606621003687382,233.70489563213306,-39.164711457107025,-3.6245840298573357
16.968106838221225,14.531143444997515,249.68174338531549,9.288452089854253,283.3170453344077,-42.156636965891266,-5.405371265105416
18.929488559225696,8.834252336746554,63.12658679647949,3.0682322929795802,247.85943825562458,9.89755714287015,5.573083772385054
15.09393458894142,10.932464339039985,341.56371751966356,9.486981598499028,140.9765138199367,4.413563051772616,5.264463746198016
49.77132522190522,14.477759104313265,11.657787453751475,6.023886674509712,331.57375791050856,0.18452322209431848,62.04195980061604
48.70126742463742,3.313428756555181,203.59808860331538,9.366877935542542,50.63161253348461,18.638114212743183,9.154022917154391
39.8137331240793,3.569938877240954,353.65667577852844,1.6788741675158414,318.71529122224945,-4.279672151451995,13.702852489269068
13.549040502805054,10.634487197178366,230.07696764575644,8.866535152178217,160.78677627520577,-8.705340220843516,-25.258363134339056
20.608497622515046,3.7431129470291817,24.406120823124162,2.566579415427148,38.89245643726654,6.4733869266000275,11.0815553153313
10.051246299787596,5.789056469301149,263.7304180195567,9.691018251056851,318.4387191314019,-17.440865705924157,9.475176335246841
29.723279738953906,5.680688621613886,196.56862836424355,1.014285596371216,172.6161301429778,-3.6668296968223744,-15.879445366734206
44.56202881874307,9.76454344670216,247.3777455181612,1.6265651174848839,26.535380242094707,-24.97694534975809,-6.9347723160712045
43.830499360982415,4.4236291967419525,114.7380868643967,9.516621314341206,26.712144635997355,24.79761601702471,19.87824208289895
16.804208126047627,5.631868261199945,263.5146306976741,5.470462586122315,323.3247023231905,-16.405187639964623,6.943526932279748
13.724187415227465,8.910458160781424,220.91210128040177,4.827367864884781,11.157553458782994,-8.198564592382045,-3.341502818011292
47.69769032407855,2.4749579214287114,320.3111773454557,1.5710377733078407,36.45281195040083,-2.0179146328814115,9.879650143848934
18.222019068717486,2.849763863825782,250.99081337064857,7.220381045756756,262.79064204130435,-18.999943965023313,-3.535578516653084
20.610590773999064,4.22284610167898,85.51738258100843,0.49635443038509863,205.83713082878697,8.186370659957687,-0.23920645580782973
43.59418019382604,2.3038490177510127,129.8984116418183,4.276059574457135,106.03780162783734,17.52097941877947,-7.927397708409876
36.4808090403947,9.003232920206532,71.88292827394068,0.25735692731685744,61.49958900920031,23.952897507629825,7.970010236322149
21.6724586418443,1.2290414206948852,303.75686676489715,3.083534001177294,143.08824546292425,1.744863586802302,-3.746901915251488
29.56387248482629,9.915600821190074,32.80927591824452,5.441260292196803,66.55723939513702,25.446246344369438,25.774549110812952
45.41970770998156,5.541024973979176,160.47909748600492,2.6329596668288424,167.4208642156742,7.3791779750566135,-23.711957032554594
19.049691211306676,4.028429899094244,22.19017307763575,7.522351421152871,240.28864528844463,-9.877134476815021,0.003461933718153176
13.428292473596684,5.156870798190701,194.92164216216796,9.707055371735757,212.30151922929727,-10.779812221169603,-21.820495101838752
32.14407624631635,12.611957496453757,294.6258773515345,4.186320749344505,192.78518831241468,-31.72105174910686,3.002220419201123
44.67576054822249,7.122365821828799,317.3953929903442,4.762622810814686,28.423817918669947,-7.709189737636122,28.46214654728582
46.111088053566164,10.714585486955398,180.75652931361773,9.004550614715917,288.1621212194468,-26.66690367283656,-24.243084262588276
37.10139542304121,9.304096715239545,43.30147491195598,7.571887556391934,62.236430210338,35.97709283089043,28.323046031648907
49.37471960996532,14.582473175066353,291.0458596749707,1.2618599863853974,152.4149637536158,-41.32605419353036,13.06646215085442
49.53119745347663,6.530898682987608,359.0169216403592,6.272262122323978,300.2789227233615,-17.56870132021304,30.800273631366945
20.31545439951106,13.662067285973913,329.10261728349116,0.670119530486124,139.71569508531027,-13.39570911174563,22.81809089292323
25.894199774281436,4.891902080546041,99.43229516660975,4.581571811226151,314.44785121419255,3.572905652283259,5.5294875230621665
41.46202555311087,9.345868928832122,188.1223237619313,4.195938342252287,149.19926355683234,2.407615238636357,-37.37829409835852
15.927989651737784,8.81901199922082,273.01585962876226,9.396499849871098,332.9741400333385,-23.56418483198768,15.91982582821676
32.5073503790929,1.51485664238173,102.99342745759407,5.356334811459167,123.79290428788721,15.259512172063392,-8.546280248273957
26.435601491968818,5.745652093155793,174.81052522307905,6.089621519524352,13.487641379176836,4.503796802801341,0.4633096247713109
21.01656568139015,2.157790059400106,219.1158950708257,6.936612531670921,13.96171169344623,0.6464266086072663,10.468845418804529
45.5829685565703,4.972411136014061,85.52854580987058,7.457498198391361,331.5005938462195,4.264606880321805,21.16087213011828
45.8812544859769,0.3034933288990782,294.2589331098999,3.0305495344809663,100.92479514647097,8.254486775716979,-1.37524411185376
29.66476853437268,10.442742670124622,35.358260498186844,8.689000250991986,48.37878754863857,30.835340399266418,35.13721947026823
48.96877698413242,6.646659199971433,297.2963994407102,2.6941998100876363,150.03818197393778,-14.411147102436589,2.255912134379847
35.82219245710577,2.819035363389171,76.10058075812314,8.239694342551406,266.74012761120287,-14.83606359397647,0.5638240024589196
40.37973180905027,13.007834558253386,295.5662612634457,5.152697026095568,57.230079350040164,-21.236583910979157,24.10874605501345
22.444923731556354,7.601929128548331,48.83393556614153,8.512953409871923,316.5597328895482,-0.2796284667803697,23.926527068593572
11.157926372807427,2.8914517024733732,299.85477590755846,8.36976677608695,89.81649407674055,8.841334511699344,2.2113616161217844
28.257946685123226,13.770466040116743,253.66822027921316,2.7397749847435895,296.46226500808183,-37.60552987147813,-6.363880072132446
30.205054997486553,9.53114713613766,44.594229200651995,0.30563192381993565,134.0880341527106,17.150299625174117,16.314728409024543
33.761743738086054,2.663755412457925,313.37307789064664,5.868802484224268,125.91356459207563,7.390293197960179,-4.2320977858155135
16.540544580714034,13.417378804682931,269.626008414576,6.888505376159543,102.6249755165143,-12.294619973632779,-2.9256557497037163
25.462626829639387,2.4436110839793073,206.01290196730827,9.64917609202255,308.5600274777888,-19.63290883969926,8.700340324266183
35.89519567045928,10.16542869136456,96.87008853682455,4.095071964955421,7.218848699828779,28.694077052455796,7.700712840960861
41.21214657042573,11.51359092617777,3.2032749852164777,9.115154380523718,233.05375950300868,-19.251169428946728,17.440483606453576
34.04567801978135,0.12695590672306967,90.86055888983454,8.050855691954864,109.96549141844044,20.270274251006747,-7.247479764569948
48.680977734735066,9.64110466935246,152.57044823746287,3.7647545227100077,125.53531173794927,23.642963040169526,-33.851635819232754
20.07994837111504,7.000470232458235,243.7906162994328,8.243108214706636,142.97491438996326,-2.664727788838304,-19.571132391053553
14.092484118744007,7.672705762024527,238.4479629094508,8.43283950085777,134.72271473798574,-0.9266790243199274,-16.863576807722524
35.893684802583614,9.135751569570251,107.45133345118708,1.0810453058584346,22.98133940295957,24.717731216238967,-4.719186840254684
49.53443863287069,9.608921184219836,310.136976090659,2.6114690792649684,255.99375920584504,-31.39689905263095,17.675319337427773
45.69495190723731,4.4818666787847965,53.97454668749635,7.6547438830362315,323.8873361083782,-2.7066354107955686,26.920334225874008
42.21719290534119,12.035456166792173,216.0119884124058,6.60530323681129,245.07207013945745,-38.333279312307525,-36.72895765891104
38.85132790370442,9.831008556936624,359.0888758481865,2.5942627271198893,150.68364698928298,3.1349571250139956,21.298561565222037
25.530996840218336,0.5297850723963637,254.9048253753136,5.720424340368412,68.36945774808625,10.96493624918833,4.496078110610558
39.06199506323614,3.3354479096440337,192.46863655591673,7.84897055296117,326.3495419818197,-14.306011023396621,9.247616813032826
36.87473903849636,7.60972283410223,304.35092792805426,8.406386945964,315.5381223631598,-33.37030108270716,28.223703795120542
17.24543431216003,1.4640459571906401,46.059890290579204,2.586518505602079,291.00379289128927,-2.550944434308742,3.6432533474215076
40.5167287327721,2.7460253551889258,244.6964529443742,3.3563246320511873,32.147935926998116,-2.0021841589221943,4.7940495649258565
24.211335844793297,11.16314894014212,110.55069767959507,7.880904368075993,119.27416930947953,38.49619169196263,-17.267996476891447
20.422369416228143,4.410766824755141,306.4369997561077,4.705365676706802,311.90161308931425,-14.38680648649462,11.757726313670107
33.34298478970322,14.164514760001156,25.6376654654673,8.894260614703878,180.17185481737357,15.90945042961652,10.105111412131826
44.6999101879292,5.725038297083806,107.40807137428678,0.5406197064257512,307.5263173452038,15.196832127253103,-4.176456988155987
15.494610366924956,3.0044488619271528,147.30906483075748,5.694035879734539,326.3835364222059,-2.7187448879197316,3.9336915412575744
28.302857322461648,4.745751864730633,257.64064419961295,7.789411774338145,175.52910446931867,-9.67710657023259,-21.094265603177504
35.241310890507805,2.6523639984519107,228.41962889496156,0.04713501423993849,98.47003039253985,-5.193129798836451,-4.736977428069515
40.447731248599965,2.529086348743615,275.21414501247284,4.895770906300164,274.88490015797976,-21.240281008126647,1.8571813837059574
13.521653750361784,9.217196080875926,228.0555146529339,4.033934803979504,347.5180224468119,-12.830309825770174,-3.6897255991020588
25.332656802138427,0.5658797771240698,71.7891304421221,3.73101405427371,5.067762740867567,1.9705874852124248,8.847813719159479
22.888525353922763,12.49842999849846,68.60761557854563,6.7674814167711,225.60729432178414,14.692572667113334,-0.3791173015724265
19.952924915035275,10.402871207555958,123.96591866279553,1.2893080042830274,138.07817147076972,19.138816672673858,-13.657216975039727
33.54682752672288,2.5053028090246405,296.58377868278774,2.982022534941388,104.69800505141518,1.6841833307372296,0.9533122303299997
39.113276457872516,8.945548779232535,121.62065443485587,8.879740438370417,358.37006753805423,20.797420960768488,11.820831429842947
23.7093135703024,13.520756642167868,129.33031909198766,1.8842603389086943,341.31036733449935,21.665960900198996,-14.916020391206187
46.72821635365734,6.050874667516879,82.23058254089717,7.271688281363213,47.23407951018572,34.981837500998694,17.764534271985617
39.36306477246084,8.845392521988625,60.834507080452966,3.665914513998485,234.1945368436409,13.458487285070534,6.135889711115391
11.49453710770381,13.148162063992144,92.08410261310544,5.347334341938405,17.49130616942541,22.574600076690263,7.075385815693423
49.787209346282594,9.92954873756842,235.28434262427095,0.19741766514145165,248.3099094158734,-26.588098399058723,-18.248764527455513
26.671022607181754,5.703806443914219,197.0216585024132,4.7439633832773715,55.12575532479709,5.182059366752031,-6.392661452863914
37.80768116883636,9.454670102444053,108.40192371244522,6.61664576090722,238.49386772000284,9.24506006441553,-17.886344894574776
20.799085981487565,9.084515053860063,49.37886827273122,8.306527204708898,37.7691252840349,24.67567183327808,25.70049600433653
38.750648980646716,1.7660185265585893,41.04451896632925,1.0626370830639498,71.5127982142616,6.092119844079647,4.69079449579426
17.98997544585434,3.944908734205978,188.33259873332904,2.0167318998218944,253.23723008865298,-4.793022172539192,-8.589135294773502
21.814048040024517,0.5910856144285298,178.68769681251337,2.07693984271615,335.92476407467586,-1.7582049230477843,2.7527795292810735
23.22414464786806,0.04106998586089039,241.78792768747374,9.06880044269792,300.68357949476683,-17.04937854941932,10.02759776624942
36.7608772200656,2.2371673900014915,32.42976248733281,5.117053469646589,260.4829020834524,-10.531380387955817,2.85319448595675
14.051619143718295,3.838381541259973,83.21770313702854,9.886659307576041,106.56798433575784,22.49021980259623,-4.004435842677838
28.571094289445934,1.4971337258642619,62.892651220340724,0.3944451996869358,104.6041838055646,4.137626667053178,1.4064010793455768
42.063844107617896,4.690606604441464,265.87447048518345,0.9499847033058029,272.95344174284577,-16.47879375925579,-0.8448627509522514
11.835563483736609,12.779980876117323,238.80780989670382,1.7051227635637534,128.70986552558796,-14.915297574481116,-11.93800672649293
27.50858067127739,9.327105499987608,316.2511934630905,0.929513154374223,293.3871442331387,-17.294393719453065,16.829850044033673
17.31477681214571,6.011662714211294,346.43157485391146,2.718330907501901,138.85757631335312,0.7103971643633362,7.1335071663570915
44.02686312146336,11.998486454234252,233.58473419401494,7.969095570354069,40.7003602959526,-13.358901333368918,-3.2389245740566963
37.846794940951796,0.8796959349776606,339.288115679964,1.5939539748216491,149.76997798712276,1.3649681713496005,-1.539858380038019
33.63001211961354,12.033971760676438,244.22152904971398,1.812605605373021,136.71028048171954,-25.12007464540586,-17.15836539602158
24.343956593083863,0.4322434435683231,246.4070880173302,8.385364765471117,350.44004888113295,-3.9849771369148557,18.036069066464844
15.226213181936634,13.805969784571541,40.65749257455627,4.112842637351743,16.550037136681198,17.91239940182854,25.39910899513498
20.464514689139595,4.713569173108064,253.64454353302432,6.779289210201643,276.31033858436774,-23.001689614366086,-1.1891626516806186
33.065960324935176,8.47518338531087,352.04240071828747,6.698443582143154,121.78823103663237,11.736691878973794,12.631366156017187
30.924127008986957,10.508702764463315,34.2871698426101,6.61713262845963,89.48771814625474,31.47876671704947,21.949550439679893
23.829979498300148,10.144433525361618,138.55558226641716,8.390330212297872,201.00392521278764,8.171179468195149,-34.02575645787409
49.51166499045909,0.8184917284151377,231.62353796045264,1.5692737330174122,305.5844069193603,-6.093349145144201,1.2868061368742152
44.07484605784265,13.04123451919152,26.95148729171452,4.916479611444013,86.72105401100322,32.43175962031002,35.68973542821061
48.80580195133601,0.7552607178981591,80.17434834076765,6.433173148232518,145.17971764622024,13.934706147684075,-16.252739524931368
19.399999999651488,6.8864189212235285,288.45406358161995,4.480985856653739,308.37212070408617,-19.977797098492434,9.867212823445703
27.88272479655192,1.7806027808044926,179.05440530394037,6.533730031383717,36.95159573285488,9.434569837224934,8.204202597122096
26.493541907021978,8.356965171072497,0.061097572201118666,0.9089554691153223,217.51317938224707,-1.2656723517581856,17.746570012591796
34.76264614985529,4.568969371554728,183.00158651500735,2.0685124884989836,241.73077348049617,-5.486886509000536,-14.754796364487667
48.014205199734626,5.450137163547165,19.539076790004422,2.229181143963146,163.60559373729035,7.671529402495155,9.379052114439514
32.406033804242725,9.296369545156264,170.328125193692,6.571672064311396,257.7288601019359,-12.491128199571595,-27.145444262823926
14.560934334229533,11.389799266186756,79.82895881526841,3.413571145768387,298.7581988283844,14.159755184031539,6.2950249459331165
48.5773473381736,4.379753457124222,187.91463117748893,7.020960532599854,16.48011954781234,4.370067885863282,7.535482701474242
16.566214708215632,2.1067378098337333,258.0682005532378,7.215590954513159,38.50614198702684,4.46798886330056,9.576524518892201
34.43407064554735,2.8131510079740503,334.8778532951323,3.9289648991517345,164.536562985476,-0.3888706812846876,-3.2846642607726926
41.25681614595018,10.751818717040145,38.79566902349712,4.144703451283302,333.58555099343187,14.189763796542533,35.068683820948294
43.4986494994586,8.83216661846852,277.97226250940236,4.5050459695896405,237.04441020007295,-37.304735018950694,-3.6501675396847175
48.24761286503004,2.0195402164594918,179.57831115694006,5.303643475190842,17.48577802748588,5.044572836705334,9.531499711595707
47.4123312332661,12.582241660183747,173.85550687293346,5.083328990718833,331.6184330557684,-3.3253047552953765,-24.98932743480372
17.088097540085823,8.67831578556265,262.9780782274,1.283817820515778,139.46600851943975,-14.519242465472606,-3.8013906141047804
34.02184087221645,13.24043795338017,181.4796429671392,3.846626387437041,352.62027367381546,-2.2016599873797875,-24.812376815514217
46.63640966788397,11.43561984392689,98.49451678420004,9.635935376797526,349.3769939683562,29.397487733455534,23.99444935219956
28.11382824325467,2.0005774652414026,148.58837021074294,7.000142848971251,269.4336717160498,-14.261915880564432,-4.253276340192147
21.95652539821697,10.522414656110774,309.8547166064969,7.118743563951451,336.7843478865129,-23.02754640598541,28.108747282155957
35.30333138029056,3.013336234880166,224.70033211393974,2.9057949547925066,124.30568912348919,0.7531491976576987,-10.139898475590623
36.89494852205268,14.720032443523008,234.03109961051206,9.583264528051965,181.4016380555699,-33.31684761727361,-49.98720863314368
37.772478949093056,4.835720961207828,41.54589082210515,3.522378024628774,172.93317206062565,10.102489700705435,0.3428653867120204
32.82552777012397,10.007358570783246,150.29205592518787,7.47868723376587,302.90014887008823,-3.4142590555289125,-11.976940600865566
21.437119209014543,12.709516371308233,290.98972055761055,5.227299862092023,9.097970851609949,-23.07903609264732,20.307941779374385
15.813068465311822,10.053812681504127,71.96487021529805,7.501850186700537,57.9367419635628,28.579853401924012,12.739268361250645
21.464621926364398,3.758415111872745,302.17745320746167,6.905948503640101,106.25060374617816,7.21477677447994,0.1442660923194472
40.143757921806596,0.4845957486349073,293.0494383196087,1.024800063379766,312.4927345155877,-3.437435440650888,2.523181615248168
39.579699206914,12.97262227806904,267.2685849142298,5.612705527908107,85.53437012383363,-20.913435408979815,-0.514690103159881
41.37228691483546,11.982326287343557,103.54991562259929,6.644935685916236,333.53453202076065,25.230574306104405,9.122854336019072
25.502185945679614,14.350529550177402,351.2961799402055,3.126539808946341,198.76485511190288,-7.244998280680999,25.59482350116064
10.518609506985532,3.7701169255845857,223.40221042026565,7.809248928758854,313.24251323568063,-12.124110469957335,3.823327793408086
43.19933927820578,13.672295656106078,253.6664648014036,6.476323855500006,271.83877387507795,-58.1474507925881,-10.794188392577968
31.864605468049653,9.050804659329623,279.4128282440396,9.642898231260308,105.90397984961695,0.8789499537037315,-2.9621435513571805
17.097035939530528,10.239882775523027,67.31156935163652,1.7379513185530515,184.9848669988466,17.356362836335272,4.141621715902701
25.087929082105823,6.427617216011014,200.37550341431987,1.3006653011537228,210.23498076621522,-6.542445233323192,-16.16847727730964
20.200645925296882,4.958441831134036,255.48814667387305,1.5480569779828623,55.33321808506671,-7.15763993561314,-0.7345309763174876
22.905201195740798,0.7628316179284017,335.6574716056287,6.1560867609933005,238.28047594737805,-11.99550415513588,-5.492348749284677
29.622037646147064,8.59015485832395,128.91081173894617,7.840314485705014,114.42924193398821,33.968612602106326,-21.22779372026213
18.7984806171023,2.7580364630303844,24.543528877593314,5.051403504563159,149.7352477573518,7.2268459920829695,-3.6297155484380763
31.481438101356346,1.3791833090859966,79.631309196523,2.1335381018619595,119.47806536543334,8.142423557339335,-2.0309588193388413
24.431912986509307,3.276679286767721,270.95604823962606,5.304988956068247,358.78718973756196,-7.562541680756027,11.95914961058283
42.94753603700809,14.716997964229448,3.169330666213468,6.689384679943866,160.44020866248928,9.03451868449971,24.82962112846657
46.17985833950768,9.205516455911916,223.60741114450823,9.588968160739334,245.71848987667008,-46.30116247307559,-32.55144602258917
22.837480420283256,13.738986454480132,340.19556135546156,3.858759347840439,194.48543265932213,-12.126918010849973,19.830513459337062
21.313159771175897,13.67003889942927,295.95926312638784,3.7495804216197914,289.01402550298576,-33.00992904494431,15.019795950918976
27.82227590286872,0.6577749136575262,323.38137920610717,1.9251238793367709,185.00209204587608,-1.334218308965314,-3.3101190655924073
47.92847278593672,2.5109221382024236,344.2594343304237,5.37974830964251,2.639011038064245,-1.3549824923583436,24.353401788743575
12.618872884148796,10.05502689214585,278.4896158929396,8.649508557126312,152.7154026988106,-9.591336715162265,-9.948888978533716
14.157072366946807,8.066313210362418,252.98743185631486,9.762239213390277,279.0744265667021,-29.48164084130934,-1.3937407739851602
35.862446372733814,14.096266672624703,268.88069724273436,1.5375457721764552,165.321084693615,-37.054975115161874,-4.766332604823875
23.268615018691513,1.312813469012979,19.536505520918773,7.942147869758903,200.9103139144119,-5.2176831974746225,-13.464307140476853
32.99849177051166,3.4146845241248505,93.11326523682324,3.8803260364477077,226.87821526528364,1.497591546440157,-7.360672964831829
27.321001385570835,0.2533645245621191,242.3875436379766,5.348343700610021,230.91218873339028,-10.327257716525203,-8.235820640102894
34.733974356424085,11.339408950427663,210.8188847928201,7.008820313830021,26.13220012763176,-7.244739375192003,-9.169553907451984
47.12191000665335,1.592033128049588,283.2810831585252,3.013507098448711,31.141879717605377,0.027922443983442236,9.12792133452804
40.610969640818496,6.5651422420233745,142.24077296230234,6.607231649072405,170.63556385246252,14.661038728356548,-33.693127396772546
31.33871055241398,2.0457219049432016,140.7573235544365,7.974846128334658,196.46080871069614,-2.4407502927299864,-23.336357539219584
48.40537060321738,2.161133061877247,243.82405638182252,9.141689163846179,286.20616400368533,-33.669608640562906,5.0201788523577395
39.17298306463379,5.59695772350486,341.80743727098456,5.53524187764279,199.82510843049428,-10.243479681455382,0.31086067032831366
14.92940635733996,0.07544758611007674,214.7957594831989,5.371520485544609,340.9125801223939,-3.1396204401696695,8.747964166706247
22.187646093980334,11.224448800991901,325.2766953508365,3.438516498486469,148.55561856944925,-9.783128743239816,13.382019155606184
35.837260142403494,7.688290418213805,57.94356872318221,2.2078796935740796,300.50941207250236,12.471248449286412,14.059684659502068
17.773048613853017,2.720369771604751,287.8776192979913,8.522511277674758,306.4995800731707,-17.969264258772615,11.23933512816289
47.29479461612594,14.914695756381501,166.0554733282538,5.496646096791667,104.63496030723073,27.674900516787034,-49.260413057948895
12.694510296192053,1.4730360207055793,261.2121326402905,4.871904101337485,119.10633540578043,4.50599322893579,-4.174537140413311
15.128605863838063,9.83209471045429,36.01622061915224,6.195157771543329,324.04269270345185,3.7648619028417105,22.773652709722423
22.711437489349017,6.759689673224026,221.88327489340313,3.0567548940672076,210.301175824271,-13.029484643112685,-16.50819107421806
32.62208031620439,5.467401535179438,113.87993741867848,4.283073929595911,1.739477759281698,13.228216804595421,5.332617366667644
19.847005541819364,3.3228855630977963,266.33383773790206,4.361240660896884,302.4396211610359,-14.07429250299305,4.278418843649483
15.372233295315553,10.99459193627122,316.03889862286616,4.628483760756103,129.14697676089483,-7.156632756106481,8.837405533347743
22.21887185781341,8.275077392402958,63.27725792228112,6.0662766607086125,303.0454783217738,4.908505330919633,14.960229035807501
44.34854621483197,2.1000250307429984,193.90249334808806,2.632346505935833,319.0808995484024,-6.701621372198774,-0.14858151247103102
13.058495142288615,1.1309993519006496,6.706906153644727,5.071783112855739,11.229923162991273,1.8271261777947148,9.949698654529511
33.27561961975717,6.077017013266711,212.4130722626585,9.063035773981833,198.57383946941698,-16.00331970730585,-35.73852439659222
31.73877295672474,14.980922625177776,169.95742228185333,7.751972388374282,131.69470683708343,21.369508533654482,-50.64035458242162
18.9322659049742,11.582172653406941,263.9616577966444,2.909991602143739,167.292411181363,-21.37087284917601,-7.970694173287441
30.41647973375142,5.951777364745611,180.7802170799151,6.626784893786967,305.27346243739197,-13.674175353079274,-5.290171875093693
42.26160227711594,9.210539648401921,59.70367873157698,5.1413668051638215,160.63935978204063,28.346454835362728,-0.5992856837218454
17.165807356344832,14.230677474194675,237.38879050307162,9.67735559837513,264.9311311805368,-40.45781452650881,-15.946986204578192
29.340136629097238,5.381933082687089,78.77488221325021,4.876421483736478,22.630018108848912,17.500105073922448,13.57059585840843
24.777407417898974,0.6421266125797032,74.43866689830035,9.077260925729608,130.05049124146637,17.00724045710605,-12.740464122920184
28.786969160408358,6.819651746923325,16.717484700424123,9.805897820631023,116.66559962303194,25.981328868326962,5.161799596924153
38.14945011390489,7.82059356200326,298.6729760353141,8.348722662173934,94.79378497829524,4.065982244050485,8.519079360322696
31.774002483534858,2.6077472466967504,235.32311272819834,3.6529677799104765,235.20115676046592,-13.092894608508301,-9.082202612468944
43.41876270706578,7.74994346330908,135.47836117567627,9.072424264468196,185.8938415803253,13.395893075512014,-43.28965721912067
24.11592031038903,13.01579132806871,175.2701625627032,4.821100897131259,217.51595290284726,-4.130274516342631,-37.241314093858776
30.07347937882967,2.0845246061569487,59.61809607443717,0.7708822574124685,231.6517208597915,2.955740553723662,1.4262117625097226
18.46068416543019,2.803585137131514,130.40025991743278,7.173027084540954,42.59888021647536,13.56102394155813,6.7183973912407
19.213853303972982,12.1675894405944,259.2920371949817,4.8151664938948615,172.37327137922955,-22.397816889178227,-13.920337777144741
18.428158042070535,2.418693897939386,300.0113987022915,0.2244603815429136,15.531959280659535,-3.94309691548567,2.764071099847271
32.93946045409073,2.41693710551307,226.6345529597358,0.39190865239483563,206.01694772296725,-4.998839310375601,-5.213384028824445
12.236480166417767,3.8738946902506273,64.81351424746695,9.582383364845537,215.7687082061747,-3.309679719427262,-9.676386245871454
32.544188093430606,0.27930053455855364,259.03702782147195,6.617450626291581,102.04366550603056,15.96393800594472,-3.6934668348484982
13.429940109429781,6.738050424291851,357.39929653487235,8.673023989920944,61.40404223629066,12.094682746126237,18.00683521790179
43.21454298817123,9.012580716168001,286.06178529376245,8.204531801304974,65.47829467323588,-3.5507220691260386,17.508722763984693
36.38595000231412,3.9678104781793455,260.70724730799213,3.426712745603319,163.24925225043305,-7.975125778576569,-10.682132185672696
33.62383963729229,3.447206807681696,138.76627778706512,1.085701139015155,72.84547767174304,8.665132942799072,-5.949002395737898
44.38366768042422,7.56539289106069,151.1262045617782,1.4956119362645603,34.66748762035359,13.548220815096329,-16.228130887847765
29.034767419579094,9.221222542205505,14.053162902526166,7.838682348387684,181.19851492984543,5.0488328845277,2.6964097145133756
14.700656262990819,7.2336140266872135,46.91838267977916,6.034746508247105,297.9078403147464,-0.08589816710349929,13.443530318400413
45.87875811390126,11.62305634601705,233.72342463835218,5.220442296615541,133.33588208956084,-17.044485545370108,-31.98974527865479
11.737531333459259,7.947247784095584,82.61505229645806,8.023001960078137,284.2400106543437,0.16217853742081267,4.633086749079226
25.249459847962203,8.835721292118098,266.90185522160823,7.615392270474919,250.81473713668802,-36.33625781290834,-6.761498462987253
13.908676333871304,2.0082465843690205,171.7708453216344,2.3251289062265568,309.2591690285081,-2.547583305175307,-0.8691746038004142
21.330666720358234,13.151494697898368,147.11281368739748,1.8902101371787072,255.29358139419884,11.079144577612627,-24.031185004990185
41.576899292205,8.669807187006693,42.41829743321437,0.07194052450581467,235.63660348915107,16.853492192533142,18.516097489218396
37.51066947111104,4.7385257194390595,130.41712431885267,1.547785805618136,234.56733652005542,6.489062578211433,-10.977346428299512
20.14530904927936,12.824653894018928,152.48215707601074,3.656440944364717,99.20179543679596,19.32298836075881,-24.235006074832146
37.22422820253794,11.324578509147502,148.76213698653712,7.837884169635375,173.68839252247702,18.552341973501395,-48.13536114229446
24.80851875516588,8.323670344474928,91.35995235937068,3.0665308667459446,123.96826951734731,24.433879478138643,-4.297581883293158
38.21978431884341,11.03673645906916,307.7996122164949,6.592828491262031,269.21311022875955,-42.7449163574516,18.629612993669866
27.863795096608772,10.4896716344258,58.246242374929054,2.1445814153808005,144.20192631326023,24.248880779783097,9.011620703746976
23.537513852373877,8.25864321895227,250.94066714080572,7.067899335328698,57.865683287958205,-3.9886019114780726,2.3277651538350543
48.5828100549807,0.07935950208857956,32.79189032593345,1.4532843583575372,333.3102436072257,-1.9190754893181468,4.296382637340176
27.41509738211056,0.9612068455396588,79.83728806302432,0.8003973669580267,13.591921782628415,2.6814768971953047,2.240225291796713
25.37304041704088,14.766721509469098,221.02761265801698,5.210055432205589,256.17809941523325,-33.55284835921095,-28.167579030204276
33.898902552563854,14.185737867684116,295.28234439415934,6.40291314530137,158.0299374748449,-27.423255425633002,0.3167928297477278
18.068289712240585,9.853263340602643,289.4075672815381,2.860065117086954,12.099366502653034,-16.68604887489818,11.651254862974447
33.98059651569958,7.737204473292425,83.40155021450218,1.6948289181310217,12.98200793196556,21.232014959619196,6.687000324488005
19.57026501149509,0.0043090778193510815,56.6801139061407,9.968171438272064,280.6822364315102,-19.558813627144673,3.695480955996897
24.12510653426112,5.927146755768093,210.98885947549147,5.1774270098929485,265.2931944527022,-18.21157086881787,-12.210987893196178
12.744686877482359,1.3524878639272575,102.41776333309659,8.297648024492998,329.4032306213354,-4.678770507677738,11.044168622746529
23.923809929929696,14.449314975982332,99.542825530964,6.063634079922522,70.02906951094599,44.05579548989026,-0.7166163464251669
47.18855363248481,8.62360082618722,93.99870204189807,4.071346261072017,38.32738430132757,34.51399603960232,8.041241325844016
12.895438821068158,4.413777367021801,340.92556746395854,8.029422425723574,344.41536585069906,-5.83650801023421,19.304203662519377
45.04452184972268,12.197210244095613,206.96179635860722,6.941918614713001,347.77996402791814,-21.211486960181865,-12.384850611297239
32.52674415219721,11.549507891007503,272.6903826168021,9.612387253016143,165.18543456028462,-23.379620137652406,-22.534368742228466
28.42881765858049,8.802397757249691,9.846251111546591,1.162683014409226,24.319533838051292,4.776590471485671,23.430046295044693
35.346471902327536,14.912970500482134,243.68867138343597,2.299301385891541,113.6630498504143,-30.232122154945266,-20.22185701416208
48.21782748493441,7.747563258072574,3.500349017192974,8.321770449232286,89.37273937034792,27.573087990486474,24.531547998317762
13.720377206483668,10.105468751727207,295.58688821731084,0.7602882053368909,335.3026463408386,-15.775104126083566,8.454580739356569
29.062218163571586,5.303068893242566,321.9538510332744,2.6907578246879904,340.96251926285214,-10.09180500645161,16.356986615603848
37.32429234095074,13.648911884818318,179.6397625309259,1.996665390943092,264.75446348741906,-5.248055237342111,-38.15361439119247
44.90969993633192,3.1016794848301483,72.99596116377839,2.496954339469575,222.694883705451,3.851684221878754,-2.808454092342318
16.239822739046357,1.600339351580868,331.26772663187626,6.758121248765265,238.832668195362,-11.921817903567772,-3.8107360768636696
34.5530790110301,11.463663189532905,194.93062365708883,0.42263126730997747,173.62514923237822,-7.714732546507714,-30.513723946920127
34.82669899327067,7.38510566556318,354.73007855680146,8.969997731932951,312.7567808248392,-19.35707746147085,35.821957999264555
29.632214064261866,14.765920240163318,329.7624586821206,2.8026662318318705,79.95340190873279,-11.493641751009015,32.556888908580994
33.06660745389639,0.812222569331762,287.73717040079316,4.7832007661204345,194.67646041305775,-5.1551626842694365,-11.371523553744707
30.099008484866904,5.905753842785969,247.0819127509402,1.7480036211904904,351.54259028533505,-14.111607477983585,-1.4139529875204193
37.929782723845584,6.90105885069645,248.11579766147358,0.11819978610448922,75.87085885252118,-17.488872019340842,-7.072678120142564
33.24032875917787,4.881542998731396,220.6001146902377,2.5970076909029807,197.4828241365079,-10.300949983638445,-16.096974028350214
19.48556610030181,7.0701804710768315,220.7102555298412,3.6592415112192676,179.55720597967087,-9.134810207752802,-17.975007401474876
18.421299284426254,10.51068940224451,134.03146603277378,8.543260872408196,100.66663147704627,30.91478823454927,-17.222094216972465
17.195569149079834,1.967087497480859,207.32138251486634,2.285667494996686,35.95310672740312,0.822174071698285,0.19208845147762332
20.797964276101464,3.537077593282614,155.59875062310056,3.8088338223146803,52.50374472151309,9.231551251144882,-1.8587110305755434
48.36591682986677,2.243220858982244,290.04061016073246,1.7660727665961284,179.85521740026624,-6.603515989225568,-3.1318163679528253
49.82247081198406,12.740848730949907,186.12251097138022,7.205603295246306,282.7198572097962,-26.732080787706217,-35.31800911117555
22.00136728613795,8.432076781075668,204.42042691391222,3.984019018633276,248.5955433458319,-15.2389146926239,-19.339972850991494
12.401455108960665,12.207271038102695,171.55419276676932,6.298622123621545,161.94773486296504,5.954461070284614,-28.72219352233642
23.38626154058251,5.414430315826823,201.72601253313522,9.318445757777681,92.77733716287091,15.946925409507632,-11.968710660547348
10.7934133445504,1.818562338250556,312.2526902306892,9.63116560917914,71.62491982927435,11.561704335594031,6.317671821476254
33.03577829893395,9.736964278493625,62.83398086260502,7.803090980992371,127.83925382072105,38.47460035498935,-0.8854428338365761
36.927713605894006,7.312406164565425,265.1494193143758,8.896324491382204,137.18555942862446,-3.402461180041282,-19.602706359328735
21.460943062231564,9.475682857252034,52.14540178010427,1.6757553548053383,290.77817182454464,12.372467824686149,13.406545464649327
23.495532399957323,9.469101124887555,205.78952659456564,8.489007719388086,25.68386814356067,-0.9641093821552893,-1.9165358157834405
16.479979557879414,3.423269090818099,114.07616701040205,2.9135635279441985,96.29006071342964,11.037284097073307,-3.144926176665932
35.78577172620753,4.068721520270236,160.16341955326982,8.628064836470026,130.73934249015434,21.38717657976061,-25.54708572796474
33.47679094104042,14.482890492337418,149.03606191452235,1.83886199103384,8.316393233942732,20.16151825638306,-27.690755197275926
39.11089665729618,9.930338217129595,338.5574414416784,7.006969284246843,28.823305635196967,-0.7118327939696041,43.434913251661186
16.6764186015861,1.5451397108532912,22.965263852817685,8.786909764497414,197.43614777458578,-3.743184338060574,-12.834285410858001
11.05459653464964,5.955187811402542,275.39869396809445,0.8325120139068665,94.48281513539537,-7.654563566629078,0.743459681470079
16.210974480006474,9.822490133150247,318.7696741547036,3.0937065354999858,89.0627469534692,-6.145785801154257,13.521586741219103
21.36701120232356,9.397210269392845,47.25975982567099,8.385177788928747,10.285665487168645,17.529699530582572,30.530914754162147
36.54196541215218,12.905532261200888,117.07247399633236,4.761547406553736,350.9933563584341,29.330969772026197,-3.195352087029674
31.623366455691325,4.086216414184713,160.14417565346778,9.695422645545461,251.14423568653706,-19.772740072762492,-17.714796985661
17.081465599188483,8.96376298254841,227.1771081507815,6.358511364258357,203.0344152196635,-16.911905026642597,-22.290096740404397
30.938392174180297,9.59292373066218,111.47807812103878,3.471683001641309,194.28052396898147,20.268658039201753,-17.270956074922317
42.188310649858124,6.627904583648016,131.681995901416,2.598070439377244,109.28624960631203,21.70916892556591,-15.4428575322234
10.003693855797122,12.230696837413323,305.26073581776143,3.4388491724999426,168.91126388784943,-13.31764134771971,5.264161217117885
10.332684423854932,13.831325936160793,340.9047042725248,4.770670704514571,3.28773584747994,-6.1701689527501085,25.882939514119858
27.217412530769337,4.393839195035817,83.23754166689707,0.07217985005767535,134.51179554973208,10.399424348669369,1.0995695846431657
26.469434762645385,8.408315379594232,142.110748663266,1.6326949533028878,265.3624274772159,8.21537949237069,-15.721833203698655
25.588930794127837,5.675370904124427,94.67289916064965,4.222393827536926,86.2422533778818,22.543216936239126,-0.4239857771763156
40.58153176306458,13.649316051589274,290.7269785539272,6.846402903785193,102.48366768244306,-17.492240161602755,9.63806491989843
39.71707568524607,12.132129736485558,148.64539554476903,8.53482023391604,65.66658444095141,40.092255994119384,-19.474097824699832
21.583811971651418,9.553390643225201,222.38258900490553,2.7213413045162405,224.19136089919925,-17.48785968482518,-18.89603702290488
17.511577701760448,0.29093095870494523,17.867546000315503,5.349707530597662,66.93753533094923,9.468982174294098,4.482920027422419
14.09093954626159,4.037926993337183,257.470539196059,7.27107070447535,83.81177926414395,5.57111851660382,-0.1562880815113028
16.027347747899544,7.403693297936179,123.08862739270545,3.115766852030555,287.8064466969853,5.85043450190946,-5.584029150676776
49.91853784662398,6.955267008051439,284.9128971355063,3.3024864703583034,303.6766677365083,-30.208395036309245,11.55213933455672
48.06576166930432,0.8405751660283922,279.23504785650846,0.7138469474905684,169.2528395755391,-2.18051994774944,-1.773134498675895
17.68769171705811,12.623089319103896,294.21026063984533,8.282520473943315,43.906160226877475,-10.95527838554918,21.16186843536931
40.725826834047595,3.7344354076085113,277.6411198898404,4.4296094214292,265.5428445192631,-23.390370859250073,0.43890253916205346
11.340411662811004,6.912519529684198,277.5585484044679,5.211391200572839,353.5617065060211,-11.307914406960244,9.256667830205064
28.91302179966061,10.221634800867799,112.35937161026511,3.2306318848290614,226.49913148705176,17.261615052040295,-14.83996980028844
11.687436623789242,14.061313854483508,187.53345105030346,2.533127403350889,229.86720433512858,-5.835216105469577,-24.0383155296312
17.948945272095994,13.312793640653137,310.9167596698561,2.1778824905510286,40.6542453538455,-16.52984626337621,19.84024912493053
35.31635863606979,4.867702314451452,60.24972830698298,2.7610004383844777,43.073853123865916,16.399551411851544,11.893151407572411
41.56575120779554,0.13394783834013213,15.117612847594346,7.834752402510599,171.09744435419404,3.631222537782475,-22.156091479497785
33.8484913572645,5.570979949548505,32.2127649898828,1.576984561973751,32.904558829516674,10.05166096601399,15.860053182397156
34.745794337517644,13.962731767779406,358.9103170740728,6.251323302094067,21.5190473793921,5.396298152068327,52.63387727297467
35.78299586591674,10.519922100345044,284.9278479714766,1.258274576652264,83.76286710818287,-24.076553957335076,7.6887305979366065
49.26702843855334,11.828427386803103,272.41110835250004,8.055253765865858,157.93880331477504,-27.86554526666368,-22.08299987515831
17.71861196200634,10.338749704260632,128.94029901015531,1.3473217376095226,323.51869593721534,13.761304750482001,-10.291279120549824
29.412085326500524,6.562500062475888,106.0972547187229,6.970377749956548,68.31930103907452,31.301006046791624,1.8500688146663524
17.46506915796415,5.214970185273982,263.6648676441766,2.7532446285830314,299.28585362080315,-14.311703070038108,1.4555303098246613
46.57896007912184,8.317804652490848,24.795570010017393,1.5502547807532696,106.44215803586451,15.331530810478142,21.91688083902346
20.53397075581728,5.506690605068092,0.2591383407298098,6.380260624435374,136.45568507996785,9.044303845857105,1.8045270083649019
17.421371603885998,0.2807978488208279,308.4585438003172,7.760165677979388,85.9631609577676,14.174216984325009,1.3586926860836037
38.84014250735693,9.8743412606973,194.02434777362572,3.8749084018073567,188.66511677176283,-8.376316799584458,-37.73741709900366
29.90196638278189,8.272017108738218,220.69412724618962,3.2260003991279396,230.72541472262634,-19.482903280327427,-20.527784753983774
14.418565361576166,7.848008087898533,24.004743514655623,8.351933578982914,46.718735876008594,15.898446221431048,22.108972824948594
44.93971110322289,3.031185430331732,174.7333034052103,0.9875358664853229,205.56438528769164,-0.44770181278408727,-11.832828578434869
43.451981064259655,9.868818874274526,189.2956905411882,7.013140215747126,92.1378709202321,16.114460281309206,-29.766088297670727
24.65416080377185,9.08930436348675,25.514625942043917,9.30211036809051,75.14571365766054,28.93544411988824,23.736802962252128
29.656220057130966,13.346509877451997,28.784449163833926,8.01019949010884,21.85206778297854,23.133306399314076,47.043482367661476
32.32079557880087,14.073657865497909,149.74315297551112,3.690686508584735,255.0361625923813,9.050801608391064,-33.65161501520683
42.94571865109602,3.9872345174499784,14.635134818763426,0.703881296102441,109.40563759249994,4.9453822659836435,10.723301180779474
47.78413928028942,14.408801181556873,34.962930056758516,7.251719328091889,191.39797850489012,21.298501222396197,14.66854764660351
17.578416524267027,7.8928803269054555,89.55469045944481,6.25325053539152,64.40324098641017,25.617581082250545,5.230531080558984
39.9677743190949,6.227769003746103,37.98510548369607,6.38624299888042,128.86681171370535,25.13502464276589,2.5722231886085787
28.348823697134975,9.978635321603155,317.8166469743614,1.6680931890354744,64.94275389602456,-12.476202168013018,19.474553145483682
26.062286944595808,5.062693058423535,56.94352412375934,9.984335720532814,159.48438119938362,17.84676480050792,-15.189516918984914
24.092963010813286,4.727324942135959,356.9266766225257,3.2465410862009234,133.81902447673366,4.62988067492366,5.480156099247562
40.56737471617485,6.458821090998683,261.3123661014611,6.08413370257039,202.73209300954227,-25.122902214456346,-18.943680794704413
18.557125441748816,11.485623294514273,333.41289213335665,2.540891271830241,346.1946392272804,-11.177943387400928,24.777436516081067
27.899991559929976,5.956358425341057,261.47278020142494,9.829564711785478,214.47461758456288,-27.31849875414983,-21.4324462046776
30.70437435361317,14.901180143318088,108.66299541566353,3.0033396172817364,79.87921325367844,42.719090239034806,-10.609909219485967
44.22881702032824,0.3255205718639931,295.8983720809612,6.89719183909427,99.34456922769805,19.55704633561417,-2.935964963684922
32.14652613141283,8.344846282601527,333.3320820762236,1.547147862187559,13.585068030157137,-8.657853789040646,22.9405778331662
24.226230131419626,2.0761229021461496,132.149841489383,5.8215570635987,83.87789347952437,16.2848529351318,-1.7165238141094437
42.442969471306334,1.3785768192805898,143.92736945199502,9.178818033444678,264.3357433959288,-24.480807215346246,-5.942628571952026
38.9432210697806,11.893562914714199,62.24489670827613,8.257052443848854,248.2542363779637,8.046557971364326,6.986818297740687
33.04929847106792,13.614834632206415,214.2832329214488,3.003932538432746,263.08417030425977,-27.647509656882914,-30.139538707677236
33.05134784625355,1.1771609388428077,20.132175176394984,7.709015036701384,125.25487450305594,17.392759257022327,-8.681778955102507
42.685668001861686,6.24782568926879,312.4191949024393,8.6978651412122,81.61836169037457,11.778261669980676,16.17283232005449
36.111167326414034,9.034524514748137,4.116377146537267,7.774186181440474,137.69530638669477,15.957360627752717,8.849815554916214
22.191335715169714,0.6177337824534479,194.37470259792087,1.4958001916730124,180.8645797610038,-0.374207967663523,-4.4540379579164995
18.831886992811405,0.7577972121874127,263.3682864833789,3.928827045190352,160.42184495197586,1.1047073220643735,-7.424629649362141
33.80528765179361,7.570940191680522,79.95082613450916,2.897830291566871,141.95606539610372,24.259064010626332,-2.523072568542892
15.287561814835122,1.23817668957874,205.71861258382657,0.49311098070088044,143.7088678368991,-0.43331028556598383,-2.6710465499877833
13.403159498729416,7.527346734086919,278.5770491602524,1.3037517489517414,48.55347494134379,-10.688416124388832,3.282287174618569
32.371847092541614,7.317916497064992,234.8094380325008,1.9609930039322077,221.75886153391266,-18.719045822103336,-14.592206436407194
39.426710165812906,3.6936876076066962,25.791832922790555,7.767718987916837,116.42819081623604,24.277574517071027,-0.3728180551807654
46.96552323580332,1.3439197219010284,241.82911924190472,4.235406023656401,125.39082846474875,7.018200936071775,-9.553530620112102
22.829534514106783,8.908157235616057,8.714458920696856,3.048188475463931,355.55469010694253,2.402082908501644,25.552876471278495
34.64883977818013,14.852387734069975,159.19563788433055,1.4581847519027757,16.155918335294366,15.099014310778422,-33.17855807134677
42.726876805272575,2.995278204086336,134.57548451540498,7.577337825930622,306.99509226451215,-11.564567669595583,7.252839174227069
14.494869631404171,0.8180702004263135,341.61872940928396,9.26729695109107,312.7508465921887,-12.141731225064648,12.14864020515935
42.80535825719985,0.20599939040147064,249.7662810202023,1.1127799231646984,162.02216542980455,0.4436256945576589,-3.3372641832780467
10.90992460604808,3.1351431168630315,193.68196484651497,2.0380135287660517,188.37571732795126,-1.5487006837394146,-7.550097985828442
20.34632013702394,7.245394955170377,262.77249006352395,1.4134742092394181,251.55188352297102,-17.370181891088265,-2.7675018225025667
10.735540502252178,8.745074149896237,238.87020311987155,0.43482007499458963,61.315072936114795,-10.510286572158074,-6.379725045733127
21.360541641919628,11.837827417611331,222.46731950090322,0.5308524865627895,235.71283385353934,-17.59434644663136,-18.84692085979263
10.333367009937104,5.8296772085546875,97.6717364689215,8.520829447572586,237.63613439857133,-2.0607009355997885,-7.7498558921686795
44.571290942398136,0.2861748590129126,312.2677594276132,6.494111447522284,83.22070324961413,18.800926172773814,2.8910944953756226
25.228048118513918,14.649179098347812,35.85733626331345,3.1545596930877973,312.03818839012314,14.147444238243718,31.716947852419658
31.26242580652853,2.796260811262785,180.2342962327964,4.579862621477807,333.48599028951605,-5.190471142264006,3.2868700613884396
10.859538328573821,3.710882096246269,190.58953098784315,3.335696346307757,141.6239344178189,2.0666226439354647,-9.318553779204194
16.28021002363331,5.2016985436131815,126.68870961618515,6.252309702510104,85.03371565459658,18.94722953991936,-4.675909181459684
49.12977068978185,7.51877191765736,292.28142963590835,6.257923637157631,316.3238187088177,-35.69623684621208,23.346639752832267
45.61608344315046,12.222879565175054,10.60772344387479,5.549393515968055,100.86978406615383,23.481318013725627,33.446245681057285
16.068327230747386,13.457629724537572,236.49543322186054,0.8779501713730142,137.594563867587,-19.238774479910642,-14.618812119233079
48.424227737782864,9.186725900251583,225.18885617813757,2.274279774526755,86.52989094140737,-13.34507380174853,-19.910774082517914
16.109966166754063,14.558057596428256,327.50474168310166,3.292847383705465,195.20415043412123,-15.739020842028006,16.494016361010885
18.270290986440372,2.078647901978049,194.88737766636538,8.001050591640936,310.5315581688245,-12.767273109962984,6.15807735239541
22.35993584648731,10.57704581677651,188.56997406067381,1.3525249384391524,358.4468880835231,-3.4435118284110455,-19.444077148837813
49.031076362743974,2.177285923387678,335.89078071224645,9.171121206734174,114.29863590309809,23.615468458293368,-5.648291126307582
32.29361192374275,14.229023462471423,42.61942465818433,3.1759758919121692,316.6697237818555,19.129951895623982,32.794478460450236
39.083181330407655,11.481525188537773,316.84748403908736,4.140401554196789,148.05063478056576,-15.981763080000725,13.727087298913963
27.72017948198608,14.006527865867895,321.88683352816895,9.332500304158003,98.56661926734849,1.3867040752811022,22.89329712278804
41.16431539891171,1.601571492651016,66.50873876684423,7.624474837329655,220.31337516084866,-10.034903269618988,-14.992852823422291
20.674504520179184,8.50564639408462,83.12808554388468,2.321825342693357,247.45603866420996,12.934454821375144,0.2618297326660797
24.370453381382053,10.322119270990742,171.57679921590673,5.023245874504613,217.69623345699054,-3.4762953195455304,-31.619614812716375
38.480765119066405,5.609391016957515,306.7665956876107,4.914455970663347,49.504580042981296,-2.118447031334613,18.343079878510792
17.730393179140407,0.4834432984056869,275.2339874861645,0.15014260451757022,97.14913295262527,-0.6320754568855067,0.04832164097076844
26.52176088766879,11.135499924943494,355.76763028666437,7.577765897256292,23.809076724560168,5.202314447950825,41.94401654524856
47.08412824711176,14.784414593795521,312.1664409498972,4.899428985108636,116.96242564945642,-20.421544748736245,23.866350192708254
28.301797177668483,3.701757612923795,145.75203656731023,0.41826275050118156,264.7194407638778,4.003717662314152,-7.442612003438246
25.214966750204834,4.693462371172462,220.14175488121873,7.424678547079448,213.77008850140405,-16.217751535821506,-22.128597529729717
31.00922126811558,13.136744577897252,283.2911504347943,5.206490912237487,162.57945332291834,-28.22644300026785,-4.89683694631078
43.080404066373994,0.6362387401364666,358.50109374865735,5.187026525875117,142.42003078892103,9.325753670198427,-10.2976768885215
39.4068032620107,8.365514247201142,185.80560591412745,6.306485530927204,17.746361705259375,3.049958884606883,-6.565150728888387
21.64717448936518,5.97059837181839,109.63949321600587,8.276210076057508,166.0849790270267,15.994410312977852,-21.091972707140098
26.898487298017656,9.197014188658388,19.63680005358952,5.169696502661381,51.20626275903298,16.67343717765438,27.8695186287542
43.19574017706558,6.775471317444831,260.1528449374199,1.1317158624359502,280.3432110753743,-23.11433332684373,-2.8356646711240514
47.51369830796958,10.441712127596933,48.71040270853052,4.1355930509761665,162.31890774494676,28.32805814483663,9.181115665112648
17.155143157744625,8.85473212934481,256.54838087026894,2.0193200470915764,163.6859547530463,-15.044626033428893,-7.476581784793403
20.00329176308953,10.375761424963521,326.5784866819464,7.964862224757225,258.6148990986827,-27.308990926971987,14.313302824886364
14.94176867341734,1.7124740823611662,161.78343048889985,3.6294338915725453,188.5742301838136,-0.010085741615300958,-9.102881714323889
25.363494970462867,11.865998913555378,184.19992253442192,9.497538891427194,136.32430730852872,12.938308695071852,-42.53083137781998
25.22428037044587,11.523904856765824,328.41100037596766,5.654915785141691,237.43092261673578,-24.49620961962496,15.357577141427665
16.003589380420472,13.032278062173058,64.39203528237672,7.120474878796226,151.0494088448762,27.45364351904607,-1.0801419748232153
22.38073221747927,11.529456335414139,160.65296429366612,6.264528496615292,42.319432224892736,17.168235740631626,-13.34274997824092
15.26284127248343,3.0427755791916944,224.12171807544297,2.5311097511803924,165.11135681827318,-2.589528667208137,-8.168066252100635
44.21644225676126,8.152517394064503,2.070197603659407,8.827029205371947,85.63620744701164,27.3098938716485,26.477906331620634
33.554493087372364,7.135679847047308,147.65449165608828,0.7940491736841615,216.0367575464121,8.763554173447343,-17.44696523234366
19.788526857545335,8.210124143747196,223.11577399305068,5.575486482688888,297.09090169332575,-21.24101261108135,-6.937769582773245
11.956751997721188,2.223842522695355,235.1796761575873,0.3672105182241203,307.3785434043076,-3.30599147649377,-1.6345265823656936
36.6798617178478,12.57021653688909,107.43895679116238,9.203846982695362,17.651290589567658,40.426372742837586,13.682215644723172
26.67827695421433,2.673725876361342,241.9525782941058,6.11089756048654,248.94490250904002,-18.803378628250865,-8.052097163640678
33.79875945218878,11.809613693003788,63.87093624372463,4.553378280202657,208.4278652792268,22.142157679614343,3.1410119531824083
47.259192775440226,1.3968943173265436,107.74601337474482,3.685694254750741,136.41816657256564,12.016588178806181,-9.608947990856535
12.706667112839813,6.4098575908664195,198.16958981285475,2.9283271335673957,48.43648406809837,0.3094218256011363,-6.675401136333003
37.78477753979204,4.116278141276001,189.73898402566348,5.2464620925370875,250.4986190442618,-15.658733709571507,-16.121076112877812
34.482149797136955,1.6395335165448937,262.7022671145646,6.289785990785555,355.38813495308983,-5.652775870227597,16.070645846532997
29.34651932837788,10.329814173815176,336.201002923746,9.862784423441115,103.38742936953378,13.273039928150721,17.532684285862576
34.35378427737891,4.747328377477084,189.14084111937407,9.950243355575513,127.38720397470841,18.927056501865156,-28.393535018471198
15.188525502172103,8.439515064999116,187.09408806641775,6.318576074968361,177.30160333866573,-1.3106293853174344,-25.84377540850414
17.19628926624765,9.14108636595923,255.0913443012215,9.792576595660703,0.5691302012992328,-16.357448546036355,13.931166766296464
10.95947190072704,9.381911135844799,42.453260611657875,8.480697885701867,287.8431664519822,-2.601030523117279,14.231483104978398
49.95948029000523,6.2106170928655775,120.16521249617647,5.6041550491782655,229.50127569170039,3.5363349488462994,-21.57528464910682
10.451890719121192,3.0178070839513533,101.3856131701939,7.901955028462116,110.79811772780295,15.101768129194955,-4.965399586315813
30.267585083840366,4.858857590746052,2.207254476705418,6.858357886469579,122.89017068280097,14.770936407312504,2.8094090595025314
38.97586571244047,9.239900144947264,10.482257452125822,1.7562908823799772,118.98533955348361,9.069301892576018,23.212514064085745
23.51747421094172,10.08709436049032,329.81869914248705,7.972543838289249,232.43479943924694,-24.941670449657956,8.450111851107298
29.259820924814427,9.408007315615333,321.14099764437054,5.369675449723646,120.63947563237865,-3.132666590888899,11.209069590845154
41.35956132834155,6.2092959800127865,267.33047261959325,8.351057359656187,107.76374879016986,5.082667191994034,-8.238249889890007
38.99856617396999,4.732542621550396,192.91877125753933,2.0826247019616986,246.77758812471436,-8.380029804727862,-15.32213209638702
41.98141333943201,13.320442042773529,127.29439455149091,9.69613292435593,100.96561031539807,58.85040415857344,-29.008077689853476
11.246926587567451,14.754281532977608,225.54390514149023,8.424057749358525,205.55339081621221,-21.4495756439658,-27.155630948602358
25.582650955730347,8.92787800544999,311.2537285808013,7.515402086696134,253.895826256387,-31.818556528929903,8.683685088496151
22.579975935769085,0.4744232376848251,148.99304443036914,4.970544343966896,85.55120865829352,11.156874567324715,-0.04521770764729227
28.07625318451448,14.260901246513653,77.81035653528681,3.023182986305113,40.40325801609191,38.03793475312591,12.712064864377563
41.39775932949633,11.666855871911913,328.8073846201411,4.437740929871402,8.976518866785588,-15.542683957130146,41.728386766963425
29.30652764587277,7.500814626449097,68.47620429427714,9.236367678900951,263.67878403213973,-5.383587751180393,4.240964980135831
30.945118460166068,11.632998137996116,51.58621726194993,8.71798985438433,295.96986646665965,3.208208759616479,27.74378959386488
47.52095386867124,10.150759331068434,47.778176321591104,7.245706322532336,165.3726278210562,29.09314950754343,-0.589916234146262
38.54709561610526,7.835173098277596,1.4795529242848549,9.323373440208282,247.33883906397705,-23.55172557302067,11.887427037909276
33.7715032314882,1.306138373906509,168.07532489379432,0.46139770024290816,187.40797635782408,0.5520579982931165,-4.5538628154697705
36.3593714671,4.68721200031939,207.92154038740526,3.121428984317991,321.1688103939924,-11.304542635935388,-4.655667829604574
22.83521479384765,2.8881845943518774,99.5938339205033,3.191497905014984,158.80162419084203,8.63458939778395,-7.458803848723272
14.706033549503745,2.2398108419957765,98.50927890245424,0.1525671749039026,224.26018656391855,3.6512201103122757,-0.7630633211182042
30.56242647837856,3.0986606936002565,126.11452965268221,3.1848491185197303,50.96045836493381,12.423276132854186,0.44842149843597223
38.17414784550751,4.249015440130562,88.13702659054839,0.7124287122024264,220.77463806575176,10.549416488436558,-1.1197454843486274
23.54955570118937,6.654714575118517,46.82664074329559,4.707355790085525,243.17853762331725,1.42922515073435,5.32272691669096
14.23707675445069,0.806998135833395,153.52766827560984,1.789829932501732,214.6036905114302,-1.1188253619534514,-3.74061237435661
33.7102489559265,12.542616057037362,251.77157998458335,6.1631533768493165,112.4786344143715,-16.301708556235837,-16.462988017066564
42.69767916147325,10.693480270922468,241.51329555621692,5.334849288951277,350.5254800036716,-30.321267469652504,0.4772856448679139
40.22971742285141,6.985430445647534,47.446300934626294,8.128510177310593,331.0880551598652,3.48225663457737,33.906889375166884
28.73103621520489,6.8337625612011195,246.4120709299348,7.102159020788482,167.54276312438037,-11.449534724725286,-23.402449231394943
19.26776854617842,3.356916808752902,309.9946597401225,6.169420872483608,328.63017984361767,-11.462308186999328,14.716397616344388
25.683076734350045,10.494219316236423,239.46502267508254,7.887787063478796,317.6654004820733,-32.83865692212266,1.1420852230814216
28.13132270798288,0.45396198317764647,171.1203703331898,3.514408206839269,166.0470061337639,2.197231208930628,-9.242225230071444
16.83206179209273,11.519122721472618,217.59848331573735,1.273940019901817,37.05559571122342,-11.597208832695548,-15.023458380971654
42.7021156890014,11.951366600429411,117.3131021873202,6.494514127889572,285.27513823481297,12.846352183348749,-11.132211980529636
31.30982263713325,6.012247121766502,148.83908604001329,6.208748388565411,197.2616462204404,3.205230521150029,-27.978276751629735
48.955669248811795,5.757246881655596,122.65709694449403,8.139157048915315,212.74927165518295,1.4030916166043532,-31.44094102937288
41.372559064687856,6.530305620343743,283.4376374124907,5.445268801907685,85.01555489235194,-2.691825782405786,5.781442079155826
36.50449027705348,1.1684160388298748,335.1107732675014,5.7418829081019895,175.1869103398638,-0.0271992101763896,-12.717493184045704
33.68652540328368,6.943626514678235,199.8315724369541,8.220230523140447,63.42264079222722,13.092593688736706,-7.479457327280398
48.235337855158356,1.044114522441385,39.14806818055452,8.140667199820683,277.68361639344437,-23.23204829095379,5.952448833545057
25.156440534415317,7.414427210948143,237.65931324760317,0.9053300483235538,294.1320923716577,-16.057708325086928,-8.144275740469213
45.49046146296498,13.548840070700852,229.00781520860025,0.0018434045521698028,52.82112745879068,-31.139508637310502,-27.062200304275542
15.968657270960334,7.96883731612972,140.39375768308324,5.7793141489595,70.43998326389641,18.992311911654436,-7.586573790355201
37.260671519465845,4.748965758800729,205.2995068279266,9.132042652335683,109.63804789379672,18.11189343058525,-20.292417135932887
47.73333189984455,6.520905500403555,353.72890926482114,3.4426462643064006,32.14346565143548,3.491809172731229,29.313867139837598
10.32477009638868,14.796324727359101,145.5110697831901,1.2755569705743475,105.90647863200157,13.9354874624397,-18.201195082387294
24.76891574295631,8.233277049053406,19.12583202349833,7.033541244270671,295.4711821103889,-8.207324904675732,24.277496035218352
24.369785222321244,12.918717594691653,311.64466925879196,2.352411704638264,252.79987761720264,-26.52734456755859,17.584368726727778
25.77073294675776,4.771909644280409,137.80426134297068,3.8156504508249487,196.2427636685802,4.9003053128982685,-16.500395841982122
36.49950241250101,7.123071194336063,67.76166170799559,3.8459505769109468,332.8135354049775,13.192184263469736,16.68602603589061
43.598507469068615,2.3140093634058756,359.0841754837695,6.700660819228675,48.33988133204719,14.814694879330974,20.177077252737114
12.869839861508975,0.23561699062539798,259.68212365031184,4.8670133693461635,157.2246416731999,2.6764415817629654,-7.337355997436232
49.6087056803035,1.269951664345741,231.20744384928778,4.158554662775453,164.17031557626788,0.4596724428637784,-15.253931827938572
41.55713698130563,9.066442690451929,153.2535015372146,1.797973770975646,183.389369194842,11.567273875936039,-28.790764071467116
32.08200121524078,6.750686509689097,127.91060299625045,1.8579103369095806,217.64637263621984,10.719155376254458,-14.370235599607717
33.11754003112225,12.702058300105486,85.22998822008668,5.017288049254599,147.90161291929482,39.81852942530385,-8.29954892273966
31.846650414571865,5.5045503787840016,352.1640417995409,5.681495777015994,253.75771531975488,-15.811343820290311,9.845864031920593
14.526574784597388,7.222993630365029,248.57901535051104,1.4208747990567583,263.2655458860613,-13.999929272223568,-4.826488488489315
49.3431639252158,14.755025664409496,280.3931342109392,4.64936327315491,28.164456698361345,-39.07051370053122,21.44296611225573
45.596619132182184,1.3266952609901839,170.08256604551244,7.416861106733749,345.7479769046468,-4.870486024327686,17.932914492213733
13.123276735566263,9.505314961731122,287.3153666307497,3.124997214454346,18.99873797067029,-13.179115898586588,9.46058487728131
23.74184684009351,11.677906998706987,168.7927717227676,5.126631103907159,168.9236611621641,7.160384554729738,-36.271226851407434
39.35258189782917,6.31524160723178,345.80926889176504,7.9822322200699105,104.1150395594756,17.54169494484211,11.828184288956503
11.413049606994136,13.842967740927246,269.79310057659075,7.269717140869911,202.93425838470108,-25.436975780749748,-10.288846523259512
12.456710526138558,7.097407979310424,60.868526743572914,0.5161988479137325,356.5313385801848,9.830010341307213,6.32723898292734
42.35583118718269,9.364755082200999,103.25363557423401,0.8251016681508216,182.0145993506194,26.700841822930055,-8.732204172843339
44.05781024210537,4.1677319540140365,47.71395461028213,2.8097193148148882,308.82901826876446,2.6806635032544968,13.684089948143374
10.568120402523626,1.6732410643795355,62.8609851572464,5.917701254708113,54.4088208473923,9.249224418646067,6.175710585205615
27.866126707126742,12.117610369853605,94.05093164525906,7.007748725726893,174.5706649503954,30.390822826691014,-18.66853025713654
41.97488025647069,12.930216420414729,123.42527832288889,0.8440146570910234,52.225290644138084,33.52066147877921,-19.323543314914385
47.357674187935515,2.3122544777707246,178.54137920583833,9.935855747233918,277.33240409150807,-30.437795641745563,-3.242212819487342
19.517897564371612,6.602775125875967,229.52687993811048,2.1085674746153793,264.36999993815937,-14.205286780681961,-8.961914405841215
23.803028778530887,9.633916459723803,271.974215321475,1.1599436441453692,60.336142830888704,-18.98967716086436,1.9957352142959517
25.94979210979698,4.520506949305486,268.61419634052095,7.5242785306617055,191.70749965398068,-13.906375264766462,-17.19804055149109
25.192031766030176,10.584117068730722,170.85224907506296,1.4514983095558076,313.2999849059012,1.41939268733453,-21.425430611263657
10.474521603820385,13.9083378908011,161.575424503695,6.7849340525037505,346.23458021053096,4.064473747240559,-9.652574983786526
37.315052436551674,0.6152642254565999,330.37637078214885,6.374241512553996,344.226116120265,-5.6181621106528254,18.394420513150823
27.271435144688354,13.770630246259188,309.00804235139947,3.349674066180446,96.15161365891909,-17.378528693145174,19.591471577924814
13.931071536345456,9.815149223526213,140.8153549283675,7.731510153061979,269.67272823338885,-2.5784163329378718,-12.895816586328477
39.372538230386326,8.830864366572046,70.17324646698559,3.3740660308091455,248.50019840566324,14.642254689371104,4.982577113008267
17.196666095635244,8.21418833105765,242.20866950639646,8.316894998248811,4.306107968461164,-12.43700701856572,8.357589095241782
13.907950379033167,1.558609271664122,160.53919320215215,2.194163257274825,101.98692687364367,4.488541344968089,-3.241926821486306
17.723181257856417,0.35550709285556037,33.098861727695805,9.385054677288128,236.37798668316086,-14.486262613226588,-9.311947513145705
43.41836548352978,14.257334388723779,229.70983865741226,7.0807510582950215,43.1917595200173,-17.93703532606161,-12.071273988660936
44.25763297220641,1.948608798081997,236.30206640801424,8.998972151272433,203.7847695436479,-15.7715701512438,-27.982963769777445
48.686620350113095,13.440024455358655,250.43530811618774,2.5333573888665892,168.1040078235568,-38.2533661420239,-21.98959882704091
47.44728239646976,9.581707617652835,332.17034070409125,2.763835621577436,153.7140235990266,-10.105605197823088,18.646928459651942
46.1356597148118,11.548207637308494,116.4254860031692,1.619660316462166,26.63894161450482,33.943722064628396,-11.321770066730247
41.084238011356405,5.74198503664774,119.75570528615329,0.6005864782809167,344.0180517182373,13.948373990530323,-6.576596787416288
20.586594098189316,6.608622491665014,177.01984310591155,9.285862982322953,219.70867858341632,-11.450055731571537,-28.155586058014684
17.137686802590835,7.38085941692037,51.79413612654486,7.68707323307198,78.61913935115831,24.927241434068296,11.368249628368808
35.733526678755794,13.689138342616896,257.54411439030355,1.0328711595282625,26.25102121642557,-34.845566053947074,-5.469004340462601
32.853782393796784,3.7589452539276884,160.51753883626552,8.965123928912087,53.58753915899631,21.916908107989958,4.601354973402955
35.61341077115167,13.993405852969993,239.25810113977025,2.664364811152776,252.01987176194123,-39.23619327898432,-21.49039772889033
46.184701738157976,8.619603775855571,185.53788106693352,9.399110732301372,176.64460340239248,-0.8644092439161855,-55.11797030597252
27.442306698534708,12.660737305257552,281.1373333068135,7.853817050911463,194.44633812684464,-34.017190086186055,-12.204906187232435
10.132294411785562,14.312330188892183,294.4715973789897,4.8206634164753295,204.2077987842967,-21.563605005055237,2.2018987247475756
47.40168750035804,5.3837748989581735,245.46086481972117,4.006147984802325,227.6181095758504,-24.424092044779258,-15.345676688484176
48.35295547457767,1.3600046223426636,192.46546676161248,9.609255220000653,28.964442482779678,13.688849766082381,22.22735566402998
28.385574150220478,11.49762134514287,233.20532585027343,1.766183045094868,14.159225734358,-21.10968547089485,-12.44665957648245
25.36654700658741,2.865047413729542,250.51762029854726,8.964606978503467,227.02214068161942,-21.057487193502094,-16.070794955209408
24.370444860012395,1.2729372700915653,227.80485687907148,7.353241830279268,50.379462635899934,10.523204676339748,8.546440922955602
17.72370875637668,10.796085521174618,213.46035425256673,4.892325504777396,22.677347104147824,-7.729669336907766,-8.5401842358781
31.62208188873757,4.615963194483982,192.21841683524386,8.342502922697223,161.75061991785978,4.152828111088408,-31.571629351751685
49.83334512007781,0.5556401989555104,20.179603111585177,7.877785319165288,15.413232043257544,7.284626436296618,25.869128853375024
14.727484348916459,12.106555587111034,240.23391059281727,4.583703647560609,244.10801644080883,-25.355495524049015,-13.88310617561428
44.970215718913494,2.234304443864319,208.5644564321252,9.248158117535223,13.275960272293519,3.19575854035897,21.31242856398603
15.663618889121622,9.807472901686616,169.63906889099175,9.180190758285827,16.488609666866935,7.808196007482069,-1.5098241251134397
38.051872446771384,1.9580660031398978,62.00964322505981,0.4995799738662199,110.64144056637672,6.117956447918579,2.069054968446569
41.74788418331511,6.842768893900427,61.448179637840205,5.910424892899215,294.40806399501366,1.8333108780127692,16.666895892308492
14.253248010331294,7.45715244803325,287.70308004041215,2.205725242429234,289.6032711338312,-15.652000866791578,5.126991572886655
27.04845855752918,12.17281544609695,353.5893910054432,6.783978372961924,116.72457876420674,11.03737085442743,21.242473035231185
49.03413077714693,8.639505156787274,49.43858471343185,8.364270922891228,285.516601180758,-4.729701761505726,24.837373078327737
40.56911529469089,8.896278795612712,120.78134196072727,1.2074548955182252,50.84524894295653,24.673586083765162,-10.900865609622503
26.60617296935643,10.444436785198077,199.22678276451083,4.386612120542273,333.2431910150862,-12.609992083628239,-13.845870743881575
11.627955774477385,1.4995177601708787,305.0520156889413,6.12441505313896,279.9581895529577,-11.177655231274725,2.9566511370535666
10.625213050731102,7.304512122354202,2.285848279302103,1.7941285614771363,32.09084640761351,1.8316499064413778,12.979374763681712
36.07023167423323,13.303727129518785,149.84000719831337,8.074118032473379,278.12257506969934,-3.550020116863152,-28.099343824853253
37.69433323350323,3.0924032788449356,230.33725334362614,5.230868641318316,148.33127682008853,1.0136845923343838,-17.813247826565956
47.523584417864356,9.158069829457279,13.543636312022107,1.8000046698152083,179.9595485652829,6.67969992633793,22.110631776192715
48.011922564512844,9.407874810675189,281.72989091598924,3.478535668461462,1.6452148614506568,-28.506688206559012,16.86242527169173
19.425560293168683,1.7626173406768793,190.87164753410912,0.9568385495931608,130.2844696535407,0.7909947331360556,-4.675971741665983
40.44512956940595,8.095842395820553,78.93940811691998,7.703312831108588,237.35777702122277,4.189124770119275,-7.471548051824173
21.057063356956544,2.9057848951979475,286.78066979138754,6.852437544150776,348.6865816126344,-8.54955212178849,15.660241338757812
28.976513593648324,2.6448572605579623,241.25134864570418,0.4311560134610237,232.14990117482472,-6.463536908696199,-3.7348921781410698
21.402580800530238,6.520074634035875,120.34606652002753,8.05153674558398,273.02688749978796,-5.041610927174084,-5.992840610390551
11.732699306136695,11.106253272197012,332.9500844586628,1.758876082155526,282.77712650942414,-10.464446648818551,15.899626170691112
29.402455840976153,1.7409762819326846,322.22850296428754,7.214030805589324,213.37439841564176,-12.327079231370531,-11.380438511286595
23.038892572839934,2.981270933198193,243.66691651503885,3.2568495892035387,280.4311004254805,-12.732510072500837,-1.5881602069626963
23.04528898828687,1.4709620070217193,265.5892317632911,8.698863029476689,135.19165963598675,10.109097150238721,-13.622462568681138
18.826510332086595,7.064853897514817,174.38677772553388,8.90488843887039,52.1788579063077,15.134862287736095,-3.0768523472016973
47.11548465771483,6.824863088659281,139.43890939991644,1.3640461458072206,259.13563780408924,9.602618529464667,-16.866462685109454
35.28084467607444,14.6333383697675,72.7959206768936,1.272117646939649,249.19579062402025,34.30055238997984,10.396203163495343
12.386068785370634,2.0475224902230416,306.5944919555809,4.585789249705064,61.632474018054054,3.7998438025255235,5.402018796595801
23.743040329174264,13.296134579385985,217.30895382496504,7.895469650221273,229.67971699680126,-30.975152434009793,-34.50753206207195
34.46112361716571,2.5490322610126555,349.2489030882122,8.550040217466822,31.130759628196127,10.456129295735568,26.036996627587126
44.278950548699136,7.338200978435468,358.43916146397095,5.915808712951018,301.3160494461257,-15.785398988983113,31.278155689223674
21.1668351335835,10.950266319674666,265.02438928287813,2.466541770684081,117.82654103882267,-18.13039464593897,-4.364723881903811
33.178681201459945,13.37733942204859,213.0377875316951,1.4896970178004143,206.5322825563747,-20.699055254380426,-32.63293747199559
10.20310324960108,14.702760619397184,14.421124732929895,4.706526304295383,276.6983007007679,-1.4606186248993343,21.328973471154647
11.344822176008712,7.966825894376652,172.53696211798447,7.980175144721083,295.6648754721858,-9.365377668755672,-6.757135274702398
28.09765472867639,3.60767238770703,201.05530791810398,0.12422991493045044,263.4430622039922,-3.397533875635884,-8.092062689356462
47.99735582411482,1.9906800268298774,106.48455415712638,6.476401984613513,32.66262177925451,16.904937519666504,15.288495761296323
29.191318055699945,4.57254903336646,253.18961564706132,8.579221112309455,269.0232107797089,-31.604502567216578,-3.582846220488134
10.976538949138156,6.822611964914273,277.8606028102682,8.741990380222713,145.92973401084888,-2.7841797867903306,-9.43689825295955
41.59434851156229,5.556306909040841,167.14648346159413,6.334023028713736,309.7377543585733,-10.584328698802304,-3.9833722246457572
12.827943678164262,13.401516604134883,119.84620981761304,0.32714175407513757,153.32481109380487,19.035631690472886,-11.258669816540735
20.79157522262781,14.191432402935018,195.2766383221937,7.94478753262359,283.56906389057235,-23.598893904330737,-24.347916133017133
13.238361662761928,13.212708719338625,264.87388264840524,0.5481167521131391,340.31600272358565,-21.92297568308867,-1.0915842350090892
36.9861186635466,13.319668589334478,39.94795574146356,3.6559085894638943,222.88804214235216,16.65268495447542,20.68449277801708
24.622845758924782,2.6290110477998088,201.16456489082063,0.670059141573176,255.36136894291027,-3.579253483898026,-5.87244860624277
18.188503723861515,14.718774333774634,85.90777392885221,1.135576788264393,172.25764740598814,28.56564555705336,-0.14415844552295498
47.565917298876386,8.701790780327995,345.277343191383,2.0979397560040267,268.20601727008017,-13.416624338870161,26.003765315128206
19.01748905195707,5.290675040103462,96.24882684114388,6.802267389217699,99.77232023779747,23.55538424853669,-3.4073328520725665
12.534767202381424,5.178398726777431,175.04168585331763,5.266825991091118,44.175396332584185,6.58269622179074,-2.2086206259821486
38.393011549682754,10.1746243788353,191.82796749325416,2.9226435312612633,223.54245642224328,-11.467684409267527,-33.78855550736974
41.99615468779399,14.18047983496149,291.1665155895829,9.408758870000417,23.625932841057214,-27.660478790016064,40.20546028051244
45.67612853168815,6.868111798984045,28.861345206541536,8.979458598704026,103.81416756639138,36.72552349159142,11.812580956434509
48.265077196641954,1.6404738088808442,99.33938503510392,6.970821108516606,178.67834459378795,5.582102896554312,-22.69586347848778
44.99972558148389,7.8103145903466,225.8194310081638,2.9316944194239856,349.04685799528073,-18.652543384786497,-7.768810425589763
31.657398322737652,1.980410531972152,124.81208884154849,4.438600520618948,232.0863989571752,-4.765477336367492,-9.801194312611377
21.660671886521776,0.9442426288913874,313.84573227700645,2.323280635099673,341.08153631585367,-3.0139955146525987,5.993034712839886
35.78688124891441,6.175375943486161,123.40529230291976,6.460512264581349,117.47030895213351,29.40773713709628,-17.233261364043436
33.734290202216904,10.452953710798125,303.0868333388026,4.452563036829761,109.46964177646186,-11.958592638742243,11.072986257881663
15.278170078480816,11.840223927776702,61.82536515695135,2.6000745763467203,174.3275205335381,18.874202785042336,5.300201374105108
48.82896193508693,11.546246056874882,17.034817139817772,3.5312089535878624,164.13355338750023,13.718325051632078,24.11477218817246
16.654522901365226,13.861974607496322,256.25238204534355,2.852465821972526,350.35419213123146,-25.691934013517482,-0.8883441255831874
43.5732670748565,10.39288903452953,239.88814775649175,1.5348480016927946,85.6459167755413,-22.23438275142078,-15.193088249023642
11.64605825953872,4.749387566878479,45.53046434163977,2.604071972494731,66.41876990985817,8.899974314177499,6.731882297380456
32.49948969695997,0.5203363298125496,114.09975522822232,3.438470151122228,134.24937696333583,7.562565901221358,-6.722859444521526
31.594663851101895,2.438964121078284,108.56151702803676,9.204339759418756,145.642439240104,19.05160626112845,-21.255166743881013
29.976676633512426,2.180758299058941,164.89466498801158,3.202179309431706,1.5459500942681492,1.618467113800441,2.7084818227561946
39.5397992569642,14.634015542351717,119.26103258883819,7.054513565864925,170.6078425239912,39.51607442914685,-40.0694878944502
21.593087306501136,14.160142885986154,353.04832039671885,5.737275828934292,52.95005088930889,6.011525880954034,36.74463094521471
32.60926059739106,13.603211818891626,159.15799231772417,6.891469814800889,263.39058766091796,-5.171635938831676,-34.824690779730986
46.00697876217392,2.0913494018474594,198.34559650775338,3.0808220077153736,144.5867718928152,3.451548461441182,-13.769235857952957
43.63507664810562,6.689590367383534,33.293207269101806,0.550336361538708,230.8725550044619,9.679072844626045,15.641936617437707
33.33725766135271,3.3321578556243345,336.8394276213217,2.7792716917183746,8.117512688727931,-2.393575950573396,15.159940737381321
31.536491766408496,6.681871229081978,241.7607994731108,0.873769370901547,184.243507847134,-15.09021198933826,-10.226037748207602
17.778001573820518,4.766367182490066,217.82801586508825,9.434021641019553,327.04090207841915,-15.336403743937609,7.902613588138294
24.442594765889044,2.2191890756745374,307.3694651868237,3.6962996710920795,134.21921435288104,1.9764360551127993,-2.7476980184471587
21.38601462391621,5.2703255014216905,351.9085061580492,8.74301735766478,31.5355071250368,7.9994284425451445,26.45518549339669
39.11413427823927,6.663305432520173,357.3349796952271,8.036855045147565,103.90824659887343,21.154893314424864,13.340884722198144
42.22691140413304,14.555410098030075,152.57959144039438,8.964288265570534,50.24436727750411,39.887807113045,-21.08837773888091
33.48720270333758,1.2911696147515568,74.80216465266949,4.746131300060631,312.30929515591544,-5.915188518724669,9.231991226267505
49.465533892934545,0.9917367175019892,345.6343073594898,7.561140535456866,31.841380315890824,11.886332347859863,23.448975523792296
26.37842555010497,13.716157444565988,149.2250450176111,5.558138449648019,255.68892243839707,3.78569228880367,-30.515073348125682
40.20974991168741,2.053905598736281,66.96231051997944,3.8176953263180824,199.39209354378895,1.7823442466804749,-8.009251926907897
11.689316577553512,12.393724579586785,300.4506725868208,3.0391437928453446,201.3411804016543,-18.201061912308923,5.326447036156843
28.538073368227547,0.40260022035459586,0.8808029848979837,2.6267702356107083,344.1695746079078,-1.7134756537274571,7.066684232975523
43.36972285406614,7.0881175388593505,235.37266999281078,8.926865256405549,150.17643797825298,-4.142028428556571,-35.00548489271225
29.6754601320008,10.317647789953556,88.11009414672351,1.1935466352640356,99.79813231153844,28.257267718692752,0.3373507255071657
49.773318162746826,1.0008723958087695,268.40360649103985,5.810657700932466,203.6068522705485,-10.59949945877638,-17.049718163450066
44.73383672771202,9.419940712218676,171.3746567870166,6.942450986674487,43.05012624228592,18.578422486579793,-12.805034772805733
30.50103477625765,8.628955299132885,304.3008245038493,1.628472326819188,21.063741837511678,-16.31606766481472,15.915563832878561
22.787244457317577,13.174758966261487,48.77906179918918,1.6330885181492805,98.16132731749741,24.84362081149095,18.212771081483442
26.780560206248502,13.68156931793202,128.15435631228507,2.8985619762289594,190.66043876126966,23.885736656305482,-26.405728000850623
47.45268078947862,7.707997395897078,275.9192775643675,1.8324749741471835,34.02311485673855,-20.65771455698911,7.196385333070831
40.10514025900838,8.155685028725138,314.0795284050387,8.268219966068482,246.58817446198904,-38.44901373899634,6.82913700113656
22.04289235814183,10.281655791919771,247.8047911115599,0.9583340983405941,208.8167909278465,-21.160250267270648,-10.013741286954927
42.932592673217506,0.19346495758176985,186.5414686598658,3.730141951054918,174.5636489116998,0.980314616183569,-11.554693080888262
23.612523651393463,13.661819677393414,36.87042890813527,1.5455491470830807,79.60086062078533,21.320617717475915,24.591991245254512
17.53667139861188,13.455850991456419,220.83420938458303,8.314161818660438,189.23501688677896,-19.159291272937416,-34.76711733669552
31.28382614628885,8.26669242630879,272.2704277107783,1.1396673632671128,165.77688909896622,-20.153643476935542,-1.962884457617342
13.056013022829784,12.282671160761133,332.42751096380186,4.795182298735522,112.16644770486839,-2.030407496206629,14.811468124594969
24.502742629949445,12.255580549158665,320.3014987374054,5.976486394041859,274.8922365102181,-30.805595927447335,22.214928482250357
23.681805185141307,10.648423243837534,10.35343340043482,8.145741084113485,80.04882519198365,21.83432717586207,26.109770501424347
44.2726083678735,2.1353900456481227,81.56679504121985,1.2534418113411216,46.87857086360039,9.094706539838292,3.5149330802197296
13.144198484660702,10.36227204982456,282.2507002966105,0.7773529752199648,278.88923089453397,-17.833961681348807,3.796007737707375
40.29336137510761,0.6377541120742625,38.81425747130344,7.930551816507342,184.85250930147933,-0.7770415519074325,-21.224332925308154
12.370609482849343,1.783833269983079,91.08448964045449,0.6624736116562635,240.33111247195347,1.918242354219223,-0.5743784439011098
40.18201085820901,11.735562211699062,331.235305492916,2.0540118655266637,324.4229521752059,-19.583953930586812,34.225988195424165
17.391272983133984,5.27300499706631,32.68055269420527,8.458615224525182,339.0641926218214,-0.330018392257748,23.23307242185303
47.951664203331276,5.217548126601048,57.80064096934876,5.006344153046767,262.27947220701213,-1.7067803530372494,6.590086203236284
19.672900886806612,8.553530357964751,35.678046457850485,5.78133678162426,5.034352171286538,11.006819278681188,25.448492807246357
18.67992303246606,2.873212802886642,101.46844492732318,9.016602915079732,193.36553604571827,1.427607838610915,-18.234140253782197
48.94319615523498,1.4802857776245582,77.04553910621837,5.0419527181459065,254.79219265950903,-10.811980722670883,-3.1296550369551976
24.65852102581647,8.840708567029882,158.27969850949384,9.57747735882733,65.10547355195263,26.81453158330553,-9.375312911153161
24.192893797546958,5.694225850413574,77.1386401737508,2.27554212567046,40.62437231918719,15.619347414188578,6.650674002144559
49.38451001473673,1.8542310371140043,39.71381803677921,1.3591236990553146,274.41852457858744,-0.5404233687730433,4.858142398686694
38.18923660763241,8.35698184245861,14.619082731077517,3.2811540733063813,41.66013850660025,11.97108904922624,29.403569824777698
21.34445770291858,9.005842626412335,112.32248788577881,9.761790472350283,159.82411325957204,24.402152602846876,-26.249465002299374
32.156635644221964,4.358839875269195,307.9316401039526,1.8878498566727153,25.059296504495055,-6.75548835982892,11.23937977511879
43.642331004868865,7.135151953147575,244.48719898074046,1.7929728338707862,359.5403972469062,-19.25078992386541,-3.8189270445416685
29.6659349417971,1.5775782685395057,157.70100614546578,6.5854826328544815,30.602127633381066,9.716871113917495,10.350349139175922
15.734702466372088,6.009364317547952,212.60060363952448,1.0172215656513084,333.1045135950591,-6.623115942351445,-7.44252372825259
49.11413316986656,0.9706561673853531,351.07469790928883,3.386316463370881,214.18589877970976,-6.497338404420941,-5.829741187667398
49.62645274528534,1.841432515479955,301.71928728292517,7.252005003326394,100.26659962038785,17.715523061907394,-1.0317483541947832
38.53975229441289,8.7287793599423,98.27020460567667,7.894927322937862,231.7792241242604,6.826876280121933,-17.211171070106566
26.009421156673817,7.137394249440394,217.1395556781439,4.044435991907358,174.43182933411916,-9.019461917371947,-22.371280972935498
21.15562532763901,11.51999333366395,38.89320048681215,2.5068986035392715,179.0185615651,15.110765090930077,13.41543213467978
35.13484118652433,2.01912571076939,35.85722048288141,0.5285242073470697,24.56232234335365,3.7534675510869073,5.666339877003805
37.12429762683776,14.58108825747993,137.7478737954066,6.792043620866231,54.98519442223709,42.276331073677795,-18.970704501316966
34.878670460949124,1.4450044289422903,27.546213254250702,7.516097465153702,276.3259590952657,-18.138509178623252,5.624838008425144
41.709256609088726,3.028976316775708,238.35356398853403,4.902503602563943,94.19949855862347,6.738340500616136,-5.6811852321202
23.744625988448142,12.895084679930916,196.783212172697,9.525804949102172,11.375468348385095,-4.058553904235761,-6.616303102882696
27.216256225146548,13.72408737828591,138.10675562949172,3.1455919781978636,135.48116266220967,26.782042160939177,-29.34783250854148
28.386249552959537,0.49289694169936726,200.399958173841,8.603607027186637,109.09604578086794,19.1451042137872,-7.882574649386537
38.24236815099246,7.372194129677241,48.41576719645767,7.1572318963021395,175.48377361181383,16.970765613180394,-6.260018602718308
14.375279715316061,10.125368702101005,237.6282921385929,6.853741671099691,205.99568403612534,-19.782889224239568,-19.826923964520837
29.03644220896226,12.815272043233097,182.406617552529,3.9138481962227054,178.0888069627899,-0.9917095211780516,-40.67009616482511
48.834830337106496,9.254095145667469,126.99495729751493,9.777829444739039,115.37380205178731,51.19754790403564,-30.79170061080953
11.125879463691536,0.676776781104288,301.2962947182926,3.4887678779328923,267.1405682729789,-6.1187832481294615,0.26736082900158054
11.075993706343773,13.370143356750122,122.85234881197226,0.9735004922858015,124.25148991570165,18.087298067705415,-11.7223905154698
24.29464322684097,5.269038907041688,238.04640209617017,2.47613930960164,233.3098169591712,-14.368587404420785,-9.498631182273483
33.7012666716998,13.655835280715444,23.580084985631572,3.0491245623284047,121.53393254518902,21.131266810117296,28.626078179064983
10.788479607825519,4.8917525675942315,165.92737910744844,8.633685217982011,204.4977857568378,-3.545404179165489,-18.688714387583445
46.05639380847592,3.999283278778449,250.54505146363348,5.879892335998747,354.87532134313255,-13.164516923541774,13.863825879719545
25.10950373719738,5.854511855813268,206.11391212926236,8.08326568367769,36.02040595345961,4.924789393482056,2.89815290210254
37.00445181307444,5.039511937282762,180.99666813108757,7.649039005293514,122.2341929375067,17.530585506018525,-25.045850526085985
34.59311494216946,5.4500145803497455,156.95680761808978,4.969517114419057,305.0402738949553,-5.140100636027445,-5.741307826802422
41.485984347856395,12.60570733066659,192.9002484460833,2.873555590596429,17.111290000642047,-5.725745276090528,-27.74811458478982
49.84910773441812,6.03041028282825,81.31895173226312,7.42888025626101,33.10482068638845,31.939182929394118,22.740048137274325
43.767475360093485,1.421004227384699,121.26170201906096,0.6726977651140309,288.4268417297521,1.7220158657659426,-1.567628628498199
29.010734685392944,3.146087379826211,286.43462976513933,6.51536813555203,108.66492525987496,7.673266763514473,-2.9063086394277438
42.16506847736508,6.493657268225032,194.38112849598426,2.000769854658413,144.82834406536313,-1.3496823541673093,-23.237680046360836
34.99855503897942,6.798429079900709,274.83919737579293,1.8060085088682598,6.697195962248856,-17.53258623882497,6.323245131159062
38.133265827961,12.940647101388008,207.6635862865545,2.1295280501847125,346.3621468589222,-18.152050482380265,-26.187012978501617
39.688320439488585,7.009429700814479,337.37865321080005,5.327193350265434,221.19202723353257,-17.6489695866549,7.001619182497821
40.7647666057455,6.505867272761009,203.80191938267217,6.267584715774779,188.01705086405045,-10.089240535741851,-35.052208036927674
24.570986766364182,2.21615533236868,54.17015544113565,6.853066367322958,108.09924292477903,18.60080193285317,-1.8614960962558902
27.41555136747964,4.779797702303447,298.87717700011734,0.6442752952819675,73.28089493921483,-8.436365438478386,5.895463733009773
26.497535189072714,12.355660567474878,232.57535530485472,2.564466348801173,216.44361708318246,-26.346936784101764,-22.247078611921307
26.234637569929188,1.7033786494242675,69.0897641328983,2.4558660981837477,297.80237668599636,-1.3440668647002179,4.055116589596988
28.56638803642462,8.397375157992515,157.00784796421888,6.469220512036653,13.321344500158578,11.512913488604418,-3.4633501176756134
16.3743395426011,2.046459432222902,93.02286508888854,8.035381829572616,237.1214565504655,-8.595937421441153,-8.167149733729413
17.039408875791374,12.787815262626749,346.96328058906374,4.85841965542985,7.16714695034784,-4.246675896906067,32.20462319835445
44.383360116632424,1.2589431159836906,216.57590647989883,8.67171779748661,324.2069585906852,-17.512854867883,18.117461713097136
26.280274062387118,5.451513678394861,236.67501716955724,0.9030629245113608,339.5383711332959,-11.274465498771729,-4.974081806395695
38.969378126487214,2.108402278576919,40.295651000368686,7.3448040709084665,335.8567610638688,-4.624274835277182,23.424274642400615
30.87830235487733,12.434723740117967,341.88282012225466,9.315556252394627,90.65090103985663,13.669829342667366,29.386893789978096
45.38259449310564,3.5711528286138154,44.01966004333432,8.066872456178839,118.54292794794065,29.10367156217093,-3.9131298186819503
33.373048823248254,5.849260032829821,269.41472253073175,2.3593807917460863,152.2328394538389,-12.389414826308675,-5.601444996721891
15.771116348151569,2.627313831535201,349.1724513384479,4.394754127292003,91.55013137045484,6.99248060011224,4.414066343017771
33.57923777578038,7.355378702298175,134.89379444615824,9.487108894658189,113.93638071766652,36.32146870835058,-23.65425082456062
26.951252661601934,10.241076713019611,346.79352238762493,8.794335408827159,337.3100248885762,-13.436316113874767,42.389950113644446
24.519920490748216,10.7350684368319,295.6915318291016,0.2107421044556479,348.04985736223006,-21.726623517955456,10.866400063935817
34.23258931482119,12.622094497768176,238.40043639852757,9.40848276426437,248.64568390164243,-51.549984178059646,-26.522824222132453
41.55210842835861,3.595137438138897,198.9820451921856,3.092685016911406,345.0541002468917,-5.725140892932599,-1.197920994896112
24.514203936802474,12.18375448345188,43.93935674852017,8.669529351322494,308.75297009397303,3.785535929323972,31.74523170497617
25.53884059425178,13.646836499953414,141.4712045632501,9.77992854400923,91.99212840437691,41.69963762868076,-25.136115745715976
13.610013108349559,12.340615886077426,84.76576378250304,2.1038649126452746,320.4888219958678,18.24098787989099,4.579042940941217
46.63563204969342,9.470290539844074,316.6082091063946,7.6674090060911695,146.2639737438728,-6.930720540997159,1.5588445110858444
11.355267248760615,12.996668824564056,296.3512009427279,9.404954201854158,169.59286201968123,-15.135007585340517,-5.296998410767207
26.518452741651895,12.617451995542892,258.2589664463085,8.767612272392673,295.2868717621446,-47.15667716852954,2.7380842886557506
42.97603462944726,10.4772328131985,182.2804250113085,3.518563465838919,216.76173912378675,-7.46726741890714,-39.33196529715474
42.5371219360017,11.066782809060253,163.17423112895813,0.2735089333337126,18.755576244698485,9.692587406539955,-30.432240457996645
35.66370045654166,9.45234512277748,284.76695441302337,1.3609222324994052,144.23826599141293,-22.501390797100054,3.518781004874
35.13185092972145,4.705827039756925,29.60353851242474,1.5782243944409158,185.89172077836852,5.787862721122124,6.748663902027402
48.786583473565386,12.459320722056242,274.7385731848587,8.46960429802657,246.87121620561058,-63.72387852596148,-7.246099889616604
41.70569179636783,4.790986938568565,172.21157278464807,7.35172108810468,93.84475665131545,23.2820903272336,-15.27877718204874
37.498674867457275,12.401529140127497,287.8303204584646,1.9866371962725327,149.2187128390062,-29.831586503753893,5.780319159278443
17.275570152251177,13.145850193946066,340.11257574323156,8.84341430443455,80.81536805230725,7.9913385717779875,25.848691613473473
47.924368686369085,13.846685278251393,232.95840814948926,6.266273575179818,326.4641209843126,-45.36842015803015,-9.746121715247185
48.9651028699949,2.9739930400755057,252.4540155132049,1.6875595636504115,144.37256799996982,-5.85337885194323,-7.166653110459659
27.156134724734045,3.9023666995671977,32.0620562500643,3.679201541105127,341.0076630428988,2.0568557739827633,15.967340417372515
14.694020752344997,10.778751357552151,156.65714471347147,9.199890489003424,163.33483143011242,11.958582718394123,-32.38352841012927
36.94440170948178,1.777685235196792,256.88293630728367,1.9054416526893014,310.2972207429146,-8.739916924688952,2.274925122223306
41.284877737224946,4.319429592763225,177.90053678711104,1.3019933127841787,308.28158195598525,-2.506027907998774,-10.18291299751828
34.00331145988899,14.928111749599378,101.86820821177139,6.771886511844633,150.59915680388474,47.21765651748372,-23.617072841152094
26.340964076657155,2.1891427817314617,104.46946614538236,2.61799463894111,222.36488642060465,0.8239897777278129,-5.750199264129623
46.29312939891754,5.5445660929646055,246.33615101132392,4.5816411141856515,3.715287214498062,-14.689279233290213,7.209015621822093
15.328197440935213,4.848689694821741,249.4884808593966,6.868524492697244,256.8009416614351,-19.849184133783915,-5.775809638808054
38.33812666633455,11.041561580881023,92.24121381565944,0.9527942208200668,21.150832912031852,31.806811383700307,1.277120351233374
23.3145016226365,3.5226215948461452,326.96155345103597,9.967394367335324,338.1558984628689,-12.27277146429703,26.60865548073222
48.68839377231851,8.973480989362965,269.36706253548755,0.45511871616251587,91.31647781755862,-26.836602496726776,-0.34525184919868424
34.78631507782271,4.537610334626272,142.09085316698494,3.7090121308146595,348.5008117646079,5.455463675548238,0.14501026473331358
32.382415545322,8.70730364837187,93.70499477648687,5.037467218402014,334.917698816237,16.83901274996338,10.277097426837063
45.1158700788274,1.9787930052334046,114.23425924548509,5.3042380089260375,51.04646424760044,17.982391262315787,7.650229911430012
14.673682246586562,0.6624324223231443,46.03373810437188,8.716795591516158,300.52945361405784,-12.161952074743871,8.454114073703861
39.912934708771765,13.89355563708611,101.85318294916569,8.769363855065135,220.6553654272266,22.48970929119167,-27.11832928316592
40.46255675754454,3.956369107623325,112.68371371089762,8.926718098296508,113.59545100683661,33.97963558489862,-14.644814608570586
49.782602635405894,11.455131204804484,54.45530861648092,8.530336612675548,236.67101196344782,6.987303003856351,6.283507188555278
41.92880733012843,0.7983328240647852,53.50349053475392,2.298605455692211,12.910409340926318,3.3779135205313406,7.9388694669075015
20.408958543406413,10.589442938618307,157.11475194818266,9.952017433581888,333.79428281015066,-0.5643574116932033,-1.6865367853253943
11.63166834161272,5.347801743688275,255.2504912160905,4.8519951446175345,177.47587800396022,-7.634827787687109,-9.561134973291118
43.833534037996515,13.003189505791706,44.5155242521878,0.935778782049842,312.5423194638038,25.191977395052714,29.609309548937627
17.226198564456002,2.524425024159622,183.14559501503282,2.727915537599279,320.72202800757856,-3.4960328721267864,-0.7664509587185933
33.42709607255344,8.753210864738138,349.78584767494544,5.260154065999957,205.48361200842845,-9.960201818507755,10.09260511920301
26.65675965559876,1.1525319419232112,276.57123371452,6.769085160963626,319.452371286726,-12.927589992030622,12.29835462415217
11.038486744249237,10.219685172438748,245.0301873975749,3.941698027667276,212.52185921738624,-17.077123503032983,-11.457757678861459
48.04879400314984,12.55465812871661,55.35916872616723,0.8106323674494897,299.0517212061166,30.11051250746248,23.56795243357645
36.381572926001276,6.810832727144293,343.872551150282,5.942042593509428,2.0899298682338685,-4.56229790505339,33.991224134043875
48.79082055206507,9.842591355260259,342.3225486510747,3.2491546830101603,263.3562782402008,-19.605090426330936,28.391272478283394
39.37278238143872,14.361041687097414,204.89703689929297,2.1136686103998747,17.525609497434385,-15.32580500311753,-31.19604112447542
35.74576118080437,4.847562700302932,19.992608634889084,0.7072408904996674,342.68406791109555,3.9059185622079675,14.120365825021093
25.255637196466626,5.982877454366225,64.08388828060659,9.650493098115733,311.5855838627384,-4.168447451275933,20.46812010184414
13.567532307062159,12.785187498653986,58.65864619509162,7.794925451457219,102.57692003980635,30.81398028226176,8.237051196975015
40.102342651615274,9.810964482367186,43.41671427694556,4.908450976096125,155.6490309903036,25.067657809378723,7.590544588882102
42.254127836734,4.651519608169899,246.58629907119942,1.3128666847232173,239.587306638063,-15.851396619431373,-7.375678352464034
43.282114972906356,7.689798384890473,176.26429289847067,8.854130386418813,171.51828718671635,5.367613302253098,-48.8081298515918
32.52228307734154,6.34605870659154,272.3366316565356,8.109943596142234,220.99240204012466,-30.025542903225638,-15.0960427797672
27.3642369004149,6.3902564823196215,14.55771226289067,3.4174484739655098,166.8689552211643,5.62759128873239,6.748124465702058
18.96920849311668,10.293548037890584,55.8250923085238,4.953222537583017,226.64144928009165,9.665162076114251,4.683163570691622
30.987111355057387,4.360545367175992,157.44798681516886,9.072077110524825,171.940091461998,7.4004820251071814,-32.698951417886875
15.94426154619045,1.9168462251477603,325.04530271997385,8.415379542757087,188.3131405262906,-4.173707951480711,-12.180520360035036
21.81926535622349,0.7159241159626456,27.551707105552588,0.450949036584386,38.747581719119594,1.2937207735866245,2.0805040047761474
26.996540848320546,1.4172654373187372,237.90789141738114,5.6847821036595665,91.21691918346843,10.516806375629164,-2.0497284791280923
20.19440817402836,1.2265434230096743,181.2400442798192,1.1393549099949118,238.1681964295836,-2.017986424331257,-3.707474425763112
17.1820878345302,2.733122018304819,141.46464151362431,0.8329056513496902,315.63192496878116,2.0967913852433986,-2.88697953683371
21.905900631530987,8.80812582270369,163.79933351760755,6.702598664905719,224.57174189999895,-4.747334266334348,-27.96551289668426
20.602975589434614,14.500794401553861,313.68413456978027,1.8719173380038412,66.63146069764633,-17.969920405613063,22.048242788542495
39.881172770913295,9.060793100966253,313.78168614526953,1.0633065874724767,192.37536107338576,-19.30313840544029,14.914964166719923
10.233882783333609,1.7501739054886167,61.82472643322012,4.771198739123569,249.0502427952958,-4.207671663879518,-1.2704719659479067
44.75122083953532,14.487057113377023,216.67947844660358,4.867224939376113,222.65977481549746,-36.101092021689645,-45.90533025862402
48.95687568686748,5.41093174636315,242.56913145431113,6.9029335435556085,142.19900555663304,-1.8058881715223176,-25.106789623644403
22.106266345869045,1.8763423489534041,4.995330487852914,1.1191250246739548,5.718688745585654,0.5835885976016865,6.332250546808069
48.82081454641256,12.885180453972737,75.32261292041979,6.486232217040224,233.9063373732632,22.789209416235565,-1.755019312507157
27.43153895201972,9.390887266940178,284.4041531822809,1.9091445271740515,108.33043304905004,-17.224260588359275,4.104590383477797
28.537022217561496,7.1098363125934325,7.854058160820414,1.6610549317609768,54.87200637132839,5.62026447334968,19.293730494328564
38.103924228330236,14.458003061083723,169.736111514762,8.597964454406222,210.68145697822177,-5.0478099402248935,-60.26177294564164
18.053536800989924,8.541456926180134,300.18187180924434,0.5092218021936756,2.8347411525165,-14.116972472081374,9.214141482690426
35.21639521349356,10.696392219340943,352.61529765760093,8.486162610031903,265.34819281338196,-26.347540563098846,26.579094247400732
33.83358202310757,8.314567878733541,104.678831497775,4.874965131258992,174.99634582406327,22.24103485548593,-18.28815132989292
33.641571022455146,9.17242939791988,244.32045017053431,8.166892369660303,175.6445384285307,-20.024773068207896,-31.73597733420879
38.57161315104505,7.924632134178987,151.9216371141762,3.158501502369022,22.863804820370607,13.901058123052087,-11.445761540158378
45.715087845414956,6.257061871417678,170.40166975631314,4.947888003490618,338.0272113727386,-2.466821411765394,-4.826569523537527
23.870564534761126,10.462716605838017,7.490492895841849,2.880107814536179,69.19246710037108,8.94811108315232,25.14111914889932
23.753895592126455,3.481546697128855,79.09284421471605,9.090701541675186,122.09507951009877,24.471056116627235,-9.179623158539409
34.084005312160784,12.637007018387223,236.5049291301386,1.311585670946046,105.62185511200279,-24.450237832263923,-19.314746091893067
38.455407437792786,14.39705052415219,299.90906848632477,6.731072936393334,264.4504675991237,-53.701749203476474,18.277866115530685
41.838906548120036,11.996325884492133,304.0312622363066,6.218423784316226,101.68459749706919,-11.250645868837925,15.929792244720081
39.97017207330224,10.005846785331864,46.474759447461345,1.9948422280187972,218.0696426122402,17.19878685720147,15.187453026617973
14.036149023020998,6.2397654290930955,357.7562047372835,3.036518933975615,75.39585888727743,4.557436411975467,11.842412380903767
11.881973445195321,0.2719589351251811,317.126198514483,3.570438748369206,57.09796743763479,4.377730714204236,3.3288301885508154
43.11794753654649,13.416862059773381,11.509202796620075,0.6366558624606389,155.0233665185343,8.734083473140384,37.26865660957479
34.70251686176367,1.8103204923102378,80.67442994632947,2.5782214100407677,122.51671703576211,10.53426936138606,-2.9060707293510726
24.209639063290922,0.7001453753666825,315.9769129792455,2.6749123555658527,54.42421456595459,3.7525058427132514,4.57582212146519
37.605423293619054,7.730811641099617,241.01492045440617,7.06404917317793,333.5875554431705,-27.425289811296615,7.145006573343554
27.51306825846043,6.85703459709664,302.9749106770393,1.109308449526113,38.12106938209281,-12.002020834641806,10.905862745364074
34.42290175248857,11.732343866495869,341.05805781984697,8.236102280204957,15.108997394368512,-4.401921904843366,50.46182128378448
14.216443350030868,9.448891742310598,313.5130106951225,9.109857705357554,56.53171704862815,1.2714907753636098,19.628649564676294
21.684919508744287,6.622768651168571,182.12278201744525,7.325518941170924,35.74592601915048,8.482351696852056,-1.4144675939453357
35.883718837421206,5.019112879689124,49.598087104216546,8.48595091714638,158.07904592953025,18.906762445972618,-12.494112475071548
26.629993548756627,11.535497457525235,88.31378326216942,8.091452157025287,122.8752251210286,42.700913561956696,-9.442989598984175
30.200909129161175,1.278507925497251,134.07708866500784,7.548452125117824,129.83162631540404,16.662780307999007,-14.204322509795169
36.59981019659378,2.274168217913015,271.262581576959,4.217222093583326,82.14552141486075,5.201113411738244,1.7111541296798702
42.07074714565958,6.201141281204677,147.3513549812398,4.587530639159719,306.86057259005236,-0.9519484217412941,-7.232080580958893
41.78429385489184,5.426615544826565,10.714653725388107,1.4558430589848648,3.581536846945137,3.210114209767764,19.803279429049923
42.24987462680003,14.15464260461716,30.520157231310794,3.14804571879289,353.50017277936746,20.051099807650797,44.966576600148095
16.572987268588623,0.9220249272807979,273.30925862009633,6.601761722752366,230.92767159896158,-11.113032824003263,-7.550884617668094
46.1004452629558,0.8671474431901766,227.37872237575758,7.133695170214084,237.7301874406099,-20.448178265583582,-13.476670013971528
30.79113452811871,4.435866372954692,144.72101449133322,6.808706574200868,199.29975416121403,0.7807701820574398,-25.1734247155794
22.172920918926906,11.140462530444774,327.3231071524072,0.07902233503785383,100.72106811460156,-12.623114310873767,19.90608653062575
31.111669424295737,13.806758874676579,252.10622299773772,4.461890507033418,73.84808569795423,-22.29660997388543,-7.557871666621882
31.777011640179058,11.825123684650748,234.73335146286914,6.974709655735687,319.5629627425908,-36.08909771504915,-3.866378870610758
41.262523725258404,6.067585584752298,71.02647153400544,3.0153141233534306,13.3092620482747,18.655607116133748,14.232538969877279
23.379716989396076,10.876480235034286,266.4188000318052,1.260056459938712,357.09262903544663,-23.83905766422521,1.264215424934876
21.357114378730806,1.392293517850891,198.64290649004926,5.213358651154404,272.5366767409949,-11.796565585708969,-2.2713327441227382
16.401093609160704,0.4183683794348686,286.7755317268949,5.925036017499132,86.88232049049758,10.085971881292611,0.8100576336244019
40.966311485750104,10.89763869599393,355.30369208677746,1.1044190624345962,21.580465905145072,-1.4045930239605675,34.35616356540092
24.919154721425905,9.404842984769422,127.61040452549373,0.477328729373212,234.34647097351765,15.918539030425917,-13.564133041351658
14.989992215852999,4.469416689772376,265.26913048235195,4.5314716055229525,353.8622025027501,-8.633629036974844,7.231925521193015
42.2155024843687,14.835001183479333,203.6150015687418,8.943388978953616,225.9879666536107,-36.30392230966935,-58.10683666000847
31.331546260266233,8.933233719375494,126.12136861467792,2.845354949453649,282.5241346167663,11.217419203823164,-11.75007268971757
38.594178728093425,10.08650703057328,257.1663523909424,5.196666474455023,89.14799927086898,-13.011093407342424,-6.067765016008088
23.113878523245997,8.735535687866276,296.22338026969004,3.612675328128754,35.275619423085224,-12.482235470771851,14.781565177942493
38.46561682989959,12.42656444147821,29.50097883648796,0.6219367254441022,319.863346865943,16.013715016263596,31.618809856133282
29.050122861499904,6.69246130564131,132.94591787201225,5.262556031551488,211.76620484313844,5.179655987057196,-21.98508966477744
30.75779997671387,5.921737127603754,94.92973543963846,4.98827305707791,152.43199019688547,20.55498576046054,-12.347383970767495
27.60319819719131,13.965534114966545,176.23478400273697,9.732724831769046,296.572258909221,-18.474065271347957,-22.730145405726272
15.773847253854836,1.906859668131664,256.0142043588803,1.2938518798374976,253.62888652642644,-5.544346322204946,-1.480418798087806
44.53086630378398,1.7708723650653702,76.55131402578692,4.733555617377712,268.7386701737515,-9.069668706711711,0.9270105824049368
47.762782442279665,5.539980894516857,342.6558309998794,6.016002137386635,147.10314929277462,5.042531395055054,0.7387818366064316
14.83465712356149,8.576471316396136,14.501570971309388,1.5330451069580175,133.7282475067142,5.661437897490234,12.597071576928725
49.64080404474132,4.548901240600044,174.93319459313156,7.91203701070468,51.17033006374015,20.886053839765232,1.367241039715271
33.58496976547151,0.7297656987034501,321.9310542185532,8.890572062394194,77.60932405224268,21.544566365871297,6.495234207816188
42.76500276913056,7.331904843682693,44.03804598088136,3.4864894351038735,313.3535529381461,7.563536152726717,22.6304155354335
26.703006172530777,8.59588637683934,203.67503138523392,9.002872879641,281.2857655870171,-28.653323345055313,-14.257421607464568
29.009101937550298,10.800502430686741,218.05549567797374,7.619512314984372,181.71499005798768,-16.7454774202698,-39.203780009850504
28.437446582817664,6.748940870227748,161.66690598155358,8.663455525626551,117.07786315793834,23.685004671091857,-24.921049374729392
41.992464847794295,9.9675346862811,147.4661977544773,2.3282228335920285,142.3429665121379,19.846394561437137,-29.980943556482917
31.639778031653076,14.371192381208074,320.41553943987657,7.3591279445122995,232.5299506773856,-38.092400980340024,16.759485729800893
44.63814293313467,10.608129392356137,205.91812571018423,7.961587814360494,254.66358565677183,-37.14999952311388,-35.13528167416139
32.44177420293083,1.856724170287793,201.36701636504182,1.9242673333859683,222.73345973387626,-5.097941054691057,-8.081834065786339
33.07422332692598,0.7931157898857588,205.28797796242955,1.8939587288020976,171.3008491765705,-0.13591188216886596,-6.723648931984959
45.87457120974781,1.804247646583736,337.02545159659826,1.7974340142590373,6.830490074951241,-1.49994165241506,10.537985611228065
41.47028184110075,3.6793004158538443,254.02237282701043,8.876558287408407,159.92260896022066,-1.4245982382112459,-27.186664595836767
42.27684096501584,9.102822317231203,144.64723148943102,0.4498364397490795,310.3107608570573,14.455919796533953,-20.94217905989823
10.930529934154913,6.555261296835691,149.37711245313653,8.596484104387592,114.25767673197353,16.684450072849863,-13.693204569624024
20.287111726708737,1.7196693621336796,35.76010789752405,1.681559926670173,51.85233105540881,4.733227387170402,4.950363094542501
20.22218101272127,1.3444284522042453,110.4459186105378,4.07276434291963,60.90877727574811,9.784187598244166,3.0671001397324242
34.579017150736846,4.87936044277152,9.781629270227414,0.5850178225356584,140.37829604408083,3.191598425147777,11.570562619294702
22.801658553618353,6.1923421799776355,116.71840468687076,3.7551315830333163,297.98690351710127,4.776092617193443,-2.203387758381684
14.838650540077122,3.0383918702181,270.76814603002117,5.8602907684811285,177.4725987248395,-4.83476189195143,-10.112115364871611
40.09559914601482,5.775730194452075,41.4292938779556,0.6063197790336938,167.33647196831993,11.306852764048921,10.689919982029702
26.28305854363984,7.262572649371598,146.6977643078183,2.3374045575957814,319.01612256992024,5.681917672680721,-9.966399941140565
20.766389535091893,14.452120317463505,243.0350744466736,2.463160959108046,199.69468202112859,-28.211863676985086,-18.255670568277218
41.408567466012045,4.569192629483972,146.42853171045786,0.839083555808503,228.88763800379377,5.5044524793444864,-12.664530556741127
18.138276273870936,14.518672690805086,134.38987936495474,9.853087154640876,281.52851855947176,1.3858739511745597,-15.743871293126235
31.501425192538687,6.3562868492326245,328.13738345991675,4.517420011892325,0.3603811007122282,-8.43129974589217,25.128965412429572
28.586082148884067,12.440576771728312,104.129803740242,9.720818040324872,0.19545541452620885,29.204384794032304,16.13539462949548
47.340272641721576,7.232793898132026,215.23239054024233,8.394877216219736,136.8552651981046,4.871971698342218,-37.382702282139796
24.056716812383733,9.483104111189483,210.65729992573193,5.103284216024822,16.374502912982294,-7.522530868269583,-7.222712628929644
39.56731782379427,8.446223669119389,108.229805471729,3.9530490114114656,44.27170737817374,30.62239006671116,0.5348301126361532
15.586010731778671,8.347186222540726,100.60498741403626,4.319624320480985,219.76031140785878,9.700557297224407,-8.657615568412984
48.296686947958634,4.774559127233729,245.5563585486043,3.426352563140532,94.0897920181641,-2.915053066845159,-6.966356862475191
40.10776004426303,6.790771216863371,88.53418259635363,9.83021947157668,122.98672970998734,42.99047713035438,-14.807505531121862
28.391973662076197,8.992705009332735,5.714861818004864,6.918450603911708,232.719585090971,-11.08977974047152,11.445823114572596
10.081900539632663,7.147934251011823,324.5201978344343,6.727064041311742,148.73869180742378,-0.9431007641795359,0.10085791456932114
45.810727088597396,10.549495125820119,274.48748693916787,5.38131453701472,283.4298845799215,-48.137214352149535,6.342107254080874
35.96389104463651,1.1628467446546242,11.141107390269521,8.320838646296902,241.78070813613857,-19.24466561347906,-7.564341653454953
36.88983652693498,5.2949209852560255,292.6012490354144,8.27466835091344,128.8676665665982,4.262691723247297,-8.659548785550772
17.08746547673517,11.51948766543005,250.93084837620242,0.08431375956266085,166.5693114204185,-20.284290792843727,-7.177536872248986
47.44991397648777,6.66866485134102,79.74747529277204,0.19781669664539314,101.2084141746131,21.01370199544826,3.572095466320243
46.855947586654956,5.367315283959174,32.38794694737414,6.134427087399107,109.14427169434143,26.79725075240323,7.79054556366051
38.712381190403605,3.5138691567017633,177.77112177183284,3.6299917874333287,101.07228888140344,10.392004397981674,-11.822691524246093
46.18030360461703,10.604520098048482,75.27107568508939,1.9608679402070883,295.604449434854,26.04360193172661,10.872980625186306
25.843447181864537,13.0487434875981,204.87680330959878,4.940113214438937,198.64266745565303,-16.224654057775286,-37.91728861934462
36.39353684747661,8.485605717320986,245.65809650026347,5.6514023375160125,23.52982500001229,-14.913577207852938,4.586784953408969
15.129855795494747,0.9757398211320006,93.46481305422502,5.6990329068510945,82.06746307880513,11.623973510275048,1.2777710656869157
30.923198380738157,11.733790629468258,69.06655717760461,6.779787169629149,357.1024873042991,26.656806422942203,27.527590447338532
37.71943261555864,7.994122760123374,91.05158600989674,5.60115977250799,163.41340452956993,26.59861116811724,-15.29301929215031
47.51561475608184,9.614494294647102,339.5067205578895,0.5186279754236189,337.9533585628847,-11.08235418314277,29.52671870515125
27.301926864487392,14.92659714894845,98.65281465514279,6.801734754316156,167.97122194176092,38.15927510485912,-20.992870525004427
24.458873724119933,11.385325719803348,318.16887899964524,2.2454820608321313,100.05589105651478,-12.018978342891929,18.068251098276782
26.802482763651096,6.732922455248456,1.857342280963028,1.9460813950528066,29.451204514767536,2.7468406274754473,19.69180485822653
32.87278467645434,0.3805790830699324,265.47990442235823,9.78095611106969,152.57529247402582,10.680210976093239,-22.552950643643545
12.977614676056866,3.749762422987462,59.21336709350994,3.1080585764977418,225.3580873094953,1.6427279781422408,-0.4304988088858339
13.869043894968254,7.199496302598968,290.9012666989004,5.9253077057913615,225.4669590042672,-18.4120065213962,-2.6686785274734977
23.372101438196772,3.7561420627482494,38.82263519233127,2.3835921256842205,122.68870845218228,9.519182848841599,3.577860333062447
12.177314407120283,5.003826825284403,285.8800030144134,9.435475772091063,279.269809842015,-22.256066707752435,4.552122008868579
34.78266222433135,11.461478556953827,225.1255527192669,5.789344692589817,30.79249166570012,-13.736761146590148,-8.291092264826656
12.427477811787835,0.5001551334628973,112.78059631906557,8.476921446126973,23.41015876645331,6.094947201713886,12.074100280793285
15.101431626678178,13.78673681643461,159.0906251946388,3.014710740055042,225.42667623953548,4.865322113155413,-26.310243934138278
12.631610364266507,10.16346686211861,201.33289857799656,2.949167702341773,137.32397425626147,-2.725248210138567,-18.671877268688405
13.833210056216112,11.279450365652293,83.92031424678702,5.995758532544583,237.50065136434833,10.34347345175197,-3.4037754755151415
10.424261824313174,5.758800372206689,286.2592839756464,8.799381674841843,222.92299953445828,-16.79549176652626,-7.0429265732957145
23.584658995545333,14.063772783701431,281.85448951534886,4.540767633707291,118.1497208149195,-21.40187666429646,1.6376705947766537
17.699252697231348,1.5403448058987301,214.26303876033262,0.6754447216456005,284.18991254777166,-2.8912378418857907,-2.1037099388468734
17.74458167087137,8.598181991947623,229.45094483497203,2.5628610220097903,151.56252125876955,-10.105187958341489,-14.9180310768149
38.984921461597345,6.669364704108618,87.53489203424878,7.970255840127973,21.776825830080135,27.121158576834354,21.675064227093984
22.466674323237626,6.5377219222254,345.506886501713,7.543736350368234,112.02776648193394,11.464732535344986,7.491380707042827
45.40887640152684,11.632434965553658,53.06726253799016,3.086744144806972,123.44411361800891,36.12815082445224,16.09097148100737
24.753199806890205,0.12122763518399582,211.11836848231889,6.783003743335633,20.634352605487734,5.229050579958284,14.02699483111279
30.284314697737628,12.527623946903264,309.13279399021434,4.220611404166825,70.34656667369511,-14.269535761400022,23.173011912834863
18.01487613932931,13.627503276012229,282.6949705528122,3.4155192367252383,240.42965003297493,-31.170985557197252,2.5091177422370756
37.79126307125121,14.728848837398258,215.9144291972293,3.311454344690492,208.22786959852937,-28.328600310420658,-41.20961231821441
48.52259556521788,9.241547059226585,150.7303038113032,1.6227998662626664,163.5487538233248,15.656844143573968,-30.250905274439084
41.56765547708959,0.6328822481554752,78.98611732708879,0.03697072258346146,80.28903193443567,1.91453683590782,0.37013656521821403
19.21096040801309,9.358800263681095,86.0468543549525,7.345861775305003,342.9317624365908,14.21040573013422,15.174348332249574
23.260604383728296,11.10122081368176,73.91388970697314,1.842445122158849,356.35609568969267,22.973208351919233,10.702493694854315
24.512685838309554,1.1059673530481744,10.806331930227394,1.1518929259778532,104.60743754019529,2.9553783614714852,1.7791348393601267
17.776137778560688,8.785295886476572,275.59178448891134,0.43904825861076024,10.686806378396078,-16.49001403915159,2.4509684119061053
17.91299977424767,2.612199137241955,318.7376026385992,7.188366739026049,122.33429748648632,8.314806703505461,-3.594957380808966
32.180198206294854,2.6781214620159064,7.737130100934713,8.428814207150682,327.8336220713591,-10.570266641256122,25.072832956999402
10.839750418497838,10.161785684962965,136.41219284946402,7.874140805379415,39.94884343309684,17.931520012407887,-1.9681093377151289
47.444564166735816,4.576085670613162,86.45397583447868,8.094877702917922,237.92713747687284,-7.128527108495515,-12.488046950850377
47.64647022692166,14.65652769048022,359.17016911769923,8.816637950667594,316.2196211214302,-19.674093628819303,65.51496673092777
12.615100776700174,2.166483687168707,332.69596820388796,7.9489811651141284,69.00526517420778,10.307818772159962,7.654641160580631
25.127821175561515,5.613829529056505,215.83769853885812,9.769815402935665,88.0378700164325,14.66046871788722,-9.543561091383317
11.847807694400064,9.240420116557837,68.07677915391888,5.354683421118761,284.2516041806645,5.256698782403708,7.410697771054506
23.107224180451524,0.7988846260449806,286.4202912213384,8.728514919166157,306.5409498138503,-16.884251132900417,11.769959745303872
48.735372300172514,13.287514316550341,75.3255264597198,0.8140770185489365,169.4402256962582,40.98786953902865,8.087694556938912
36.540087942745224,0.9730956145487946,183.1009699383505,7.5130803795473335,232.22576313025544,-16.3523326760915,-15.213120252754734
30.366340689142373,7.478816641743372,167.13621992200214,3.218231328762089,134.59633968153028,9.84473441771394,-23.763480811678583
37.78038694956811,10.734748090328859,178.12512912268141,2.6833545849611373,144.3405853935928,5.316163575128087,-35.82726294548444
46.8474089475347,8.759739322558483,13.177615661858407,2.1952628265980345,73.08017881772533,12.662232605099907,28.333262561968752
44.526730547661955,5.938499631575538,110.15965307510065,8.887089295467955,205.6933392330658,5.1872241277662745,-30.295225132079665
47.419956279525636,5.611610329284806,198.19871060932581,1.3433031552748942,30.250133769342934,-3.34515329620582,-12.96735454315429
27.780212616569017,5.27362427452701,210.2264009029526,4.652531110663867,223.60529512982538,-13.954507946054353,-18.861618903199485
27.044093743309734,7.013264831063038,147.22299912798624,8.0450446529346,114.1273532680199,26.155491037311936,-21.567734520248788
25.29483706495708,2.693485965023394,84.16454386431688,6.453548526457581,129.2734566668518,17.430086108080566,-8.655250239401246
13.296740440880601,12.639050837803435,184.60475621219484,6.4365439920245855,282.9143865370227,-12.000138696958956,-18.374113551299512
47.0642367684071,1.476136645516889,25.68552382055877,0.38281385198429607,72.11037486905471,3.1103322148839663,4.484925643536348
17.865852914782558,4.938619388270039,108.97760978546798,8.155647797024463,246.07415873081507,-5.314522174178665,-9.377585196315605
20.978582260204085,10.584639564607372,359.27845395826876,9.9840509783476,270.8580083983147,-20.921219876706765,22.197399310214514
39.59284023735691,13.685737951971827,3.0721962245359213,2.994741520423089,296.0311881064448,-5.561380431229554,42.560875296688174
41.3251301636822,6.0571671216728165,146.07305419348233,5.799537804559325,235.91106268972646,-4.128300971125233,-24.023257041987655
28.880159751800008,7.689704595797653,274.0177934060692,1.4928114313979535,143.10190261846972,-16.438400158746326,-1.5894042235940378
19.077052093546353,11.237056129784325,170.79777065024035,5.158253504857692,282.95087336705245,-6.370018854806814,-19.595881300496618
40.30485196970055,10.837655270218592,166.10440941629886,7.919148883661319,112.70694005853385,28.401883669828084,-38.920330100492954
17.51386208200245,11.551965990133185,251.25885688042365,2.0958475350350736,161.9898967970899,-19.4468408954561,-10.779681810443563
32.33787269297363,5.620502509804466,207.90304150097128,1.2834564079025335,339.6074404240386,-7.901911981107621,-9.664768303536297
10.387246161639752,12.156020774563565,300.3475973582154,3.398222418538528,150.89303369268,-12.860303976106344,4.616989073885561
37.43051223535126,6.050530757327553,280.31162566383705,5.376040063771397,117.3886252291786,-3.257983951310493,-3.83993074796318
10.929593613021797,11.780367161952963,331.9719085848965,1.5369123948546737,342.9495164597977,-8.935941604903686,17.715910780446585
23.210021128711364,9.44758960595121,217.08100295775225,6.078372714957499,312.1001119965234,-22.201850207812853,-7.530923188941294
49.206884617006345,3.063069278228208,140.6290127555678,5.344905807557243,67.80192413121429,21.82855880760758,-1.1040157097749121
14.345534243834424,8.542725178815962,162.55271755189585,8.94743794982474,33.56694237673668,12.840774012841745,-1.187430169886234
14.172527097131468,8.293601629618863,11.541295480213565,6.890245497477345,175.9007961277802,3.6578099760688305,2.1303777104183723
17.46768420904837,1.042365533636358,346.67804016859736,2.8381762061932903,83.89419335721425,4.872322956485322,2.483816368340617
36.38279572856298,1.0496914894875524,20.683145021757568,5.185316801894238,61.85725806383746,13.462390577964806,9.335621961120117
44.38829389506949,6.162918514509342,56.53276381085993,1.1074394828928757,193.12308691910468,14.709399118883152,6.979408873831009
29.13004569504939,1.0314448612547915,343.83483562835676,8.656994939333178,46.775622020376204,14.673012081066462,16.86257577129874
18.22708019905006,6.483010145041655,255.4817810604375,4.747800242810044,217.33540152782868,-17.648924203016534,-10.409922399286536
47.5661701888781,8.812379300926569,180.8910076173986,6.848359291177722,99.15875190953152,20.627702223197446,-30.833647096396
10.297732350553606,2.140379821404619,23.029215461386322,3.9923691455162014,290.72369969533713,-4.197205707919925,4.901122127740787
31.034260192183094,13.654538084107905,316.5261809285365,4.60204560031708,207.40779082529633,-28.95954214757976,14.648150991071862
39.49162843558272,4.318676774907759,317.15786643924196,4.563066240160304,252.11395430080745,-20.654442491858433,5.0085871568879305
38.46591734658085,4.461730911332037,220.6899042161901,8.099847648281148,63.045463483177066,12.072597166634976,0.8076943974717334
19.965392702692178,13.49946930457687,263.96782305499596,4.578281520654633,327.8999143635393,-31.99318411608086,4.96259415951024
17.337772756374488,8.529228988535795,141.67847433322748,9.456873613868986,86.2902927308906,27.685752965996056,-11.430302795661834
44.82158367572195,4.106644155370723,226.1099531768673,2.918895905215809,329.86668008586605,-13.37594183016221,-0.9752041795641269
37.92175970272355,10.83614083777011,78.21175282556659,4.9348757722436,357.26029987834306,28.8386871743002,19.861215918892164
32.11295578516442,14.929745722792902,27.552109002641355,1.0522456097897015,275.9540689038025,14.992135876158212,34.14779754909106
23.040525439410228,6.764039750938017,90.99598254750632,5.060645717727778,166.38029522909548,17.240482393861903,-10.914531553896477
12.927819680829828,10.41728571157404,269.9050108066605,3.811555679414995,268.54467737498175,-23.098017729378324,-0.18519572012206648
44.230925796748274,5.950114917506425,3.8654501007353037,1.1468271694406562,330.1693112338558,-0.5085656483467207,20.814579642551656
23.084414503066412,11.230140417543673,174.51332543856293,0.6823717119208439,197.4342745283852,1.8858931576978997,-25.66339768699291
19.691744361395102,14.250276361151448,50.492073666182,8.204266896779975,302.96251191267334,8.237039358646532,27.10877394791062
16.823563825635865,0.27099191475531637,36.18544357869906,2.9414465370887055,192.47537990600418,-0.8804705852004808,-4.913849271805807
25.633980085984874,1.1637794976747196,274.89205691245064,6.773831417653878,55.25873183188495,10.074106885214723,9.051580411717495
24.323479586225815,3.250086499126137,12.400144348796974,6.750441307745785,77.81993984536027,16.248079821399706,10.240241402741693
37.869694545196296,12.547517117275715,292.14425733860435,6.410121892581875,257.90775595318183,-49.708849784648244,9.41064524019863
45.88039520466127,5.859275835418705,110.9967303263784,0.5241525618884968,1.6796637886709576,16.77711623843496,-4.818620443317554
40.89638780873881,11.506713576809098,334.37539882877405,3.746447034832565,85.87451630826925,-3.579360497891088,30.7361097892388
13.655457203399667,6.32524095787974,356.14462498755444,3.371166424492489,69.17465511549582,4.547783075284548,12.529723020670351
36.757978219739044,3.308517779269655,317.6229807345357,7.969241651548823,298.9622399142321,-25.19213916561715,17.25470734445787
16.715315498117057,2.5057088260366585,149.64480358734752,1.0768382858950143,117.77092781785609,4.096494321582118,-4.917699513663474
32.48216468894077,2.8432130394138415,74.5629535344083,5.417026534308784,338.0123620781072,1.8334513319880692,14.873646171468682
14.832158455970328,3.2066998004040097,128.36747733065795,1.7362155776466848,144.77021631179298,6.113647717614899,-5.92737142158527
22.649608854049852,5.837799893256418,165.15933542873432,0.6601628406317306,293.43056097809034,1.9114639648776357,-11.562134703993951
35.997799820872956,5.534699415110678,24.239256670814882,2.185608551732959,108.55232951280655,11.7689359233256,11.788087187985218
33.954763859384066,14.746537393757063,36.652892354959235,5.3618153029128734,356.5912635028407,22.32289593008865,45.20947585375047
44.018601348759255,2.5718866570227013,345.2524935760203,5.998671451535395,353.3097221487359,-4.054855236985723,25.29865611604727
37.85261463778181,10.168507835777856,350.05206702430775,6.937207440505283,119.53675704538207,11.886966993446642,18.322718146825032
35.414138067280135,13.259505482870164,114.46811103886176,8.515542124686434,173.5669364355866,34.992348393575426,-37.494054050760944
23.404208724990127,9.127999832343674,210.6132891893995,3.823713996337811,230.6131037105099,-16.609166592309723,-22.46003616140996
19.297019095247997,8.812028211127496,355.81711117018017,2.326059044987959,221.88552285148776,-4.355169983274637,13.997050532045558
45.871177054660365,4.632729430093949,265.6487822104933,7.572457435991296,223.11584225729308,-29.953901791061128,-17.979061315763865
12.396920662389839,5.617854427403935,106.78130293432058,1.516705853920276,73.57871883462371,10.863690151629468,-1.896949608247171
11.51626862229823,13.851137093302803,215.30706789999076,9.458764973560438,266.1320289659462,-26.726837982665113,-18.297665609186556
23.147594074686467,4.171896649622021,231.69674577794606,7.604938822955449,187.51422945440345,-9.27248238560729,-21.99625002773117
49.102700178293404,9.720696376194493,103.84383760540432,0.23693332292214153,304.89654439564293,29.247778889710116,-6.930324497262741
23.250810904123902,3.6337347558681774,194.1522307654219,9.066320577090842,239.4021668718417,-18.925108065167635,-17.718727682396082
19.93352198644036,10.310247581036169,259.020799100994,6.080631976776255,137.33493140138603,-12.096745373715335,-12.972164427837818
22.86547964320942,6.635413352003229,2.175357515082319,8.698667398962549,25.19457119195184,8.538840444789992,31.310623954845727
17.698617891105073,9.515504389108631,50.951523913285335,2.0422001276583224,33.03338127228093,16.15209265215023,14.639129637733564
33.70522604848358,12.46831317937744,335.45256848316194,2.363101281778853,28.139224897670218,-10.657042401563762,35.192455780986826
38.99956419082709,4.671944547164307,259.8025556736667,2.449249582291899,63.51678176303538,-6.784051455931147,0.7474667276819056
19.958777219981165,4.280293350266869,161.37762925312882,6.356037721142247,97.86988251263789,15.457744315226044,-9.937674697823564
41.25155701672158,1.200239578375203,350.1198721636049,3.9824447317210945,60.39577371967474,9.44426874537241,9.134448005807025
27.65504283389367,7.579388314045318,264.5741176309807,7.603244644096378,295.05737083668043,-34.27100815086918,5.944442694466902
41.7423440462353,0.2971661569844136,137.31095220046507,8.540422103049819,273.18899606410065,-24.28792018315896,0.7487660931800624
46.86129996187435,8.92775042398248,55.00753521194134,7.266482351399906,92.62501997472408,45.04308781355704,14.796187983284765
28.546049388005517,6.804046588006512,135.05287857630216,6.060253566566432,25.89827388498401,17.98150436361391,1.5343066744259417
15.46625397052269,7.038877218482912,55.70080406820397,1.8962581458822303,4.620338009266867,10.596767785474054,10.399656602415149
30.02799234699268,10.880180639131867,176.923338365852,9.256910712705563,338.5025946950457,-6.948479940371703,-5.570903675090072
48.81970546907007,5.5971734654945235,176.2384011656932,6.410487218761597,211.79124195608767,-9.496107297408058,-34.8101147129146
26.35150339752423,0.5824034652641924,331.7771694422655,3.848260114500638,203.61909313835545,-4.212073588550517,-6.983008158534718
17.769128013536587,6.544469180378714,91.89303008956709,9.130859952537522,260.00830565011745,-4.665958084078541,-3.4268291470140935
30.384334537127152,7.329327646826924,247.85618225146078,6.964554120429204,234.32628049492786,-30.97765691699189,-16.984602933440463
47.060750253212554,11.034963084026256,87.24703291044531,0.3450757206580446,292.7255076923157,33.15535197131303,2.0546152766491383
35.23810854749648,10.146383981584318,251.08971208068152,6.4533353707108105,94.07905144957323,-8.474549796310534,-10.044120820827036
28.218830807288057,10.215997265357604,91.54369241795932,6.02149326937957,342.6401683579212,20.18540525526427,13.124905850739204
43.66063599629027,0.18506081216752124,277.54998678885465,6.443973907203187,330.0778271136074,-10.137503253733332,16.735421576798135
25.90667686047249,8.79240642944115,324.3584339985653,5.185370438542153,67.97637071730358,-0.7272780249976183,20.890231494199888
26.91779439622867,12.446243475400447,91.03364474372003,3.022195659626038,348.3660351630484,27.724257439703376,6.408407541132742
36.339442398146055,5.741829155319903,110.8723919407728,4.116089921628106,315.5041692611233,6.750917399524071,2.4232094878157904
39.10608317536651,1.33310159026914,229.02488951489485,7.766911148841228,123.9814124488986,15.343382965873113,-14.725814933538045
15.708539268082777,11.230951086751245,334.80607173878315,3.9797021969414494,110.91612340741834,-1.9029800940342945,15.644084387622833
49.48101972591837,12.245840671478575,0.5682879304396948,0.6984149496066294,250.6740146161784,-1.707498678506465,38.158489340634844
30.998479550135826,9.817817876675008,263.8952049251039,1.7063425612748628,134.874499940157,-21.50135696709451,-5.651329871088043
38.161887864569444,2.970307933517313,65.51435933218112,9.484833114611972,162.237882347056,15.610801955306666,-21.761052324150526
42.57481819765966,2.784570627019649,21.233543380868912,1.827293992726402,273.299286582161,-2.4034110830111484,7.956690518636966
20.374076659365628,13.534099333541342,147.165264775328,6.268373795820131,224.79172408066958,5.95557182510511,-32.24302351822099
44.73447967661429,2.491891989090644,105.52521072964772,3.777285376539944,99.63439302991685,18.497213931011046,-3.923398716190297
23.68607670952876,8.784696001721187,172.04296272002134,6.7280459225575315,36.29129114316675,11.423299002559254,-7.201595649829599
12.442258675718527,11.276980447234257,2.6015970074833827,5.8244544855659575,355.54278027317946,0.09432790961141391,27.19064496239247
13.87367403837095,7.835018164491639,2.614304536876735,6.029848718648711,355.2828632767561,-0.23293080763967733,23.269970737397795
40.454558809350665,13.981925713188144,170.3634419477596,3.3702996823468467,154.60330367951147,10.87291050268825,-48.33129041023214
24.83140488918423,13.352282942430389,359.80024869353,8.168471920460242,338.7567768248604,-6.763961538106422,47.17252234661338
36.603131413004206,5.676535473481833,20.606955819650132,3.560292338809179,118.89189131749623,13.972966920788704,9.81554969163729
14.007094503368336,6.8537888903776,251.39097708948705,7.25220187272289,319.669398464362,-18.90811658929832,5.646574506771303
15.55452109148515,9.028637646462156,312.8419014142942,2.7946753018395554,251.7352636942141,-16.51484253701873,9.372923625710555
42.60207034603883,5.526448426982544,222.60661041011332,6.588761051733275,171.07179392404137,-8.01210803047385,-31.170072673711957
26.525063711472868,2.8190240267435938,355.0253059693155,9.575471426690944,292.5428571998036,-21.134452584817506,15.067569485154515
10.665212164454845,5.403084182005504,16.47154203843417,8.075578118548767,117.18907180469178,12.851228239964774,2.1991512543930405
27.772246370780064,9.101445244759635,144.0594687023287,6.125923454311518,29.292923252286194,19.84340024096759,-4.821281012806848
27.116651218856795,13.972252042011648,335.1040215149811,9.868714634950384,308.5560000823431,-31.975232720605135,44.26184173688347
46.20811048163644,11.014166144824609,105.79067035453446,1.950769551988093,51.538120159127836,37.218393392903565,-5.475166527293858
30.802177153895496,8.57838937471009,308.4489397555562,5.046366157512795,46.030087614454445,-7.734296269813784,22.146977873180006
41.87283041688498,4.52022457484388,242.30237781010348,5.487466602565318,314.9228796962581,-23.046105851459444,5.183152072107867
16.72211405527847,6.6943005049658435,41.64431105241682,6.62642110442131,86.72458088106033,20.428561366452364,9.935765161831249
18.465632847080528,11.298787811123939,237.5082368550244,0.8943181563518698,156.56162647612487,-17.800922495823762,-13.368455546451866
38.630606242782406,2.403529166691392,334.4282492811999,9.026485188565388,275.87117657757415,-28.110365292478818,8.675725465795677
18.8150413987562,3.864428140140996,171.46883444891418,8.9751088373811,44.31531965413311,13.402990774776246,5.092357304255088
15.43025729737764,8.018149543577602,261.1491863213864,0.9044175442710856,249.04243737316426,-15.550017407694826,-2.761885042153557
44.87762428039497,13.976699327227333,275.881459210702,6.006794204165564,231.83515461952447,-56.33941685238989,-6.895173771878738
25.080412897517416,10.761641011718789,264.96089563526294,3.8165050487160412,231.15679295830037,-30.962316305839018,-7.550152388861119
32.475997795536514,12.842115175384535,291.0410934985599,2.2355083569209233,41.64838749730243,-27.01843125566048,16.16248620936051
13.507213625723873,1.3370914019910067,266.6092387824667,9.37210650653812,268.0623908275572,-17.758569337252318,-0.6570831170781242
14.644248954307738,5.516055389577612,307.19891125570257,9.540686188652746,207.69006300933987,-15.25238210351332,-8.834855307403991
10.067139658569966,0.9282740492440505,192.817094537234,8.471185966442937,352.7458193341751,-1.827454832709122,10.742185379035734
22.785719564938812,5.475357636531979,244.54878133694123,7.965653026573908,187.11049764564183,-12.781044504527186,-22.10795297404163
34.06470554792165,3.3321233585386634,142.31245818218488,5.382929433313163,165.81699724296809,8.844213544124614,-20.702375515485137
15.78803146366714,14.143348630162725,301.3979956418687,4.9983266502604575,164.0824309965456,-19.199488316801194,4.595961577300519
34.0586165438273,2.1880604789100504,239.52625353400322,8.012917550485676,253.0680514303132,-25.16864477114081,-9.07339631143115
33.95521233085971,4.633371401843949,356.52064031285045,1.2346401269326013,358.86549759776096,-0.8041621137187692,15.416088198235316
38.260890714517814,7.1742412035625875,298.327429575129,4.950255251787238,253.49057158781923,-30.893289935335204,5.578900197966904
25.068345087412766,14.71714192742968,119.9320368094206,8.27884694313752,75.82071084756537,46.97911029799902,-12.016730908760083
39.30632410479572,12.15627978277263,252.14666891739668,0.5256630423037589,311.5554824424829,-33.868590441261055,-9.56304581894574
17.160809295409557,7.3125697740236815,141.0508309876668,9.843895421550585,237.33011192422725,-6.901324510619764,-20.576469537410574
43.940729844329724,14.865948224987738,197.25944743471447,3.374101476552893,244.04352702522112,-22.281642146068023,-46.91115021411406
49.61257199892615,11.365712775814837,140.78271408272053,5.27844434430857,101.89435319342513,39.281374652739075,-31.465079318696397
37.85505262704604,2.9263826498138155,308.25079915883845,3.937724537947741,47.124246034254774,1.6323178050143285,12.476313250121878
40.09065919854565,8.705755196421082,289.82584312174015,8.498097206248001,255.45151136418164,-46.93019874568927,2.338448602490862
28.301300005505677,2.4554170195561733,49.52194541005896,6.959555259528884,104.78936495630822,20.649817579154888,-0.4385904173032418
15.792915287544233,3.2720470954878373,269.41770635869966,7.353188965561836,3.2877052605247314,-5.114262961767541,13.112946800980506
39.03830047134795,8.635231454143058,244.19441016599333,9.88484187859526,53.13796531826319,0.3797070723716054,6.123980128006549
48.01592617711441,6.406665967342844,302.99763277590455,9.259853367234133,34.577183485107014,-0.36954566034845016,34.77096351007212
48.96635039862267,2.6944931907649923,18.889961557424527,9.802767598288892,234.03520972918636,-22.312316982374483,-10.134903208178523
33.73569561058922,14.545904600832795,225.710116774724,4.039939958229736,12.237418016559719,-25.060846359623742,-16.283735085890903
19.63421684403562,7.3293884064282775,247.6742781297562,9.545553637481257,235.00690809094968,-29.210361283510544,-16.522757899791266
25.014865629628243,10.376922747995401,286.31707550186604,6.585188514710303,279.9830920019936,-37.13630060744354,9.161918309594501
44.59583157843207,9.754664046552135,99.07777449220464,6.531954738879076,132.23630014193705,43.626905338774776,-17.87987305657881
14.800015424677024,1.2395548584369815,176.11863874575016,6.6879220983742504,183.50945920479757,-0.5653802742155194,-13.743676006116727
10.921070452585958,8.594728632347584,206.14700356587326,2.7372480700705824,268.32934613555045,-9.73416306124169,-11.631327635290813
41.77374857451886,2.716448908741758,174.30893182742227,6.445966489816977,156.11633231796924,8.40248575864948,-25.08891513152772
32.856923975120914,1.4916188260796264,22.85938841817178,9.088805233106799,286.28093774247156,-21.080392431357733,10.15210078279869
17.395593942800318,12.193019058638278,7.108699841549635,5.560601638068469,193.11004431583612,0.4663695683688611,12.586703439988948
42.48785034718742,7.328448936037532,186.80440173575144,5.847215394599869,256.9496847300078,-19.320243555958356,-25.302789613230054
41.60270769944807,1.8613399289743837,271.0757487616461,9.656810437037228,323.13682736633257,-22.29156740521721,22.602844489382175
17.226566929222177,8.986539098830805,64.77752031323789,5.547217685523098,288.18466986079954,5.359010986010013,10.42090834322018
14.921812128765332,1.9322398575113364,74.24276407771242,1.6121026193962185,202.4986354442967,2.1675597320651834,-1.6825761532598735
44.058004246076564,0.5250791927364074,352.77423653675737,5.061483107401275,130.88147064938707,11.271178556045376,-8.367182314832373
31.777086011053083,6.345769909445541,340.28225449426003,0.0008556431783046659,108.21599197849521,-5.447347482036158,15.204108364524492
47.84858463579255,7.79164607501993,281.80865664499146,6.5915757815616125,160.1713035281585,-16.83721517937491,-14.386759506327753
33.08285876823747,10.426522416577045,188.15985357673415,9.860195219278124,126.76216526494895,16.67150003280064,-42.130128588871486
31.528379473266106,3.1475925841849635,35.64328729020144,8.197632956857648,85.35612801629468,25.365640443373486,8.167817289543681
17.522946042319333,4.495638443837147,299.7460096886505,9.574229280219077,216.77197932262288,-18.210521015178728,-10.279577966863197
18.641598699028236,5.385977433330831,46.25716136751759,6.223127426357196,26.769477411698524,13.049938164810639,18.091616702530004
20.198694843254813,5.726734695930287,325.3175760715825,4.000593755846302,29.971467406351646,-2.557090785013995,16.58898945620662
20.16717573300769,6.380150460474116,250.02553352391584,5.359043196124054,25.400896568928275,-7.497600893691649,5.396733388883336
39.30699594897022,14.930389035469275,250.8490561873141,1.926274203840268,133.97121342205384,-36.00202997134644,-17.65153440051609
36.29272212021682,12.30762312316456,217.78008922230828,4.196864725766167,55.25690759636251,-11.129208834105528,-19.95426870711223
49.69795965784313,6.50440697136617,9.3275507319448,6.036072466336018,27.908854911067195,12.348841403736596,37.40915375605243
14.984848955711772,1.6498519872105766,197.4127625408862,0.6595935917912055,230.46389603637675,-1.7520862469068172,-3.4854413143022778
24.512779387606795,5.00276022904414,98.37108085065086,8.688553705669742,81.27556874240074,30.263186253216247,1.3180114904121005
10.394533305748359,5.657339727075979,348.75845491887037,3.7863235139685014,37.800982607782615,1.7728583447082347,12.432783633678241
47.025434411616175,2.635970584281795,262.1978693841717,3.0654955348988655,295.6835696879576,-16.640276127752312,3.005755208637371
29.58474400506632,7.93440178210663,252.16399286670168,8.653983494788163,198.55520350917743,-25.31294851017853,-26.11720826103094
34.29867777200524,13.448553649481006,61.46906997620089,9.465103056421349,140.24279911102425,47.250922187704695,-2.255452141902431
23.806915523435173,11.119457074755267,348.48010215125277,5.316821377848959,214.06211225336497,-11.452874398657027,14.29990123656709
43.985200644329566,7.15292803112158,45.92599312411225,0.09497468819158805,184.88355082839843,15.364749583343341,14.616034005027128
16.219651298988737,1.895525396913678,136.36823925615752,7.354223748100541,19.03126515924178,6.739259754158454,10.147468927758332
39.016770910976376,14.617497701587233,254.70086961917679,2.4911162762504233,219.13307659750987,-44.1999345522434,-16.327869786573235
38.27147050433951,2.7465678869515657,355.04865920126815,7.984688987483517,180.80252843540217,-0.97455940987703,-14.658101411754263
21.03291897553692,6.416476240820586,339.0037234026793,8.813877100036438,293.0483702000609,-21.55534542863579,19.55037895108784
22.207497249732985,12.868822114945457,341.08367346255585,4.065147844745099,112.5852884671719,-0.8905210017276426,22.58138390878969
13.605623732410873,1.1921230044245579,262.78309081802684,9.44866948527348,59.44072520072766,11.581098042437505,7.7515164469366695
12.29646089213643,11.151141854284427,199.49751894661816,4.928505331899741,314.767066268996,-11.433188843870717,-11.148057367933534
48.48665325295826,6.359754354920207,183.12565040349148,7.307973663242785,172.6761411071559,1.8387511114484278,-42.75503028339037
30.600459481812074,14.969316386815997,319.70899218073015,6.978819528571634,145.96972260627217,-14.423471998586452,14.073432447213394
34.65146428054094,13.66329608463467,268.5302138524092,7.141600729896046,252.93301695851184,-54.449810897499674,-6.502447301103766
39.98671810181755,3.6633937054375494,266.0339346380731,9.508683899079184,296.41082167402243,-34.75039203199331,11.35267446556057
45.213275833410435,7.921671273270037,219.309699052931,6.073735464263859,347.2730581512424,-19.298995347235955,-0.6216320023287167
36.98088673656742,13.228958483455006,188.4659096998535,2.2506857793639745,27.044054658251518,-2.537801675956381,-30.424089780274763
43.57635740438664,7.705267260218955,342.894096809077,4.227222688161421,136.47411570976843,1.9218859233944023,12.814867333477151
24.931347957172513,1.6985026379628394,329.0562630032207,2.4976522350107433,194.08306409627002,-3.339193291645987,-2.177464821551435
40.65655644470637,1.767981010310136,107.70407746676268,2.935450394805579,76.70374006632228,13.073696380171768,0.39577578486611453
39.52102888559593,8.53262916881086,78.28675011024096,3.048197994314804,335.9201197720213,20.18554835284626,12.816499090090264
35.7189454184559,12.385910812029747,12.754485731938292,4.630569807625853,222.3895289406675,-1.045132714477755,23.370080347597185
29.530658441035964,5.336160958471645,221.59088943695568,3.285518012817997,127.4013879789342,-2.287235911966431,-14.68902856525266
10.20617644480517,13.352944149348913,67.01677430230758,3.545323238437156,36.48160036719866,20.773117732817198,11.632826692041627
29.68184477017654,1.2711566905412703,185.15469583469317,1.5371066637872943,44.5833534651941,2.3732568199796003,-0.4212471916644702
29.496486189040674,2.3344560082384493,236.38804055786514,2.2609523289426168,142.32917737030542,-1.3792119516627057,-7.5575964977781425
21.971398104576974,6.425122047833359,65.58553452129556,8.115438540986306,39.13019743690586,23.221998946084355,18.94436395155821
27.542882757270228,12.590361919927227,58.26034821834254,3.537377770773402,156.2256556905186,28.752169580051223,8.023873766641643
24.36946984636076,13.057711054670001,71.44726246475896,1.8956706885173735,14.492270709014822,28.650037925674663,13.351557444813285
25.781840211467674,11.158859804035743,324.35921170844404,1.6031250108931072,71.63709269028381,-11.419204643696428,21.949106484565004
29.171799409299744,9.978643430351692,95.6878632513078,4.210953227361129,198.04452224377044,21.03432570697057,-12.17608287555393
41.99280341915383,10.714814379151983,116.95957146877322,7.6439270958555845,317.43595111336833,12.815517322276028,2.259516350757508
30.074343301652235,13.853418760958297,303.5026488991838,3.8884850689334916,39.50380224558928,-22.479158479486095,26.363753576166364
14.31518339893608,0.31728310057411835,55.99511596473602,5.000009314242671,276.25858252046675,-8.041558162488592,1.2343311737040288
19.460197404634904,10.174654777702216,123.1707593402223,9.764385267875106,265.4753601766407,-2.4247135299698392,-12.622702671024884
27.373140597400965,4.3419994356732845,174.9345277975601,7.60899897135436,89.18902771428775,18.87891631523801,-9.962815243632566
16.09982899703043,7.668597532830414,89.80804310150427,7.667276048289238,311.10005002372753,3.425564942277081,9.178128174660596
49.770282417820624,3.7103155627470956,295.41938986254644,1.9841245914915817,254.3259236349023,-16.759925869183384,3.365636225444999
42.39809873791482,10.517174310660739,180.84021970626827,1.8118824950359003,357.3186006229661,-0.7026362313463225,-25.59644017402742
33.64784795907376,9.517157876721706,82.5783092034312,1.3229581267597645,13.8119153573378,25.545187032989453,6.584642901450382
49.61595183377784,13.936474972912198,153.46907173363923,6.164673581692837,32.736754947647746,30.401748389418067,-23.164532107330512
12.038214618072702,6.109457856972274,110.32054075641324,6.333099751183714,83.31395357727322,18.82952259965344,-2.1686414319207046
23.447114058159542,7.1879285642523,183.5509293805526,6.4387315550189825,109.54439639761878,12.293036803517728,-20.394802045998446
20.76984356748347,4.208339111097016,126.36882496007394,4.180741999072479,115.14271857021929,14.760909140752865,-8.790295030305659
11.90225576810587,0.6133369356992752,18.767029328309505,7.447547042492002,76.31191836829562,11.579227564552422,3.6499211927884616
28.882326567220492,13.627229624225402,36.27421196644534,1.8484000304537296,341.39814687418254,18.133755673830674,30.910002958906194
24.543249706710025,4.565350425786741,34.87939954415792,0.13661583386074816,198.6365616125383,5.742216787110364,8.088109049856728
44.47897080490234,4.968176002864022,266.86515697548305,3.6138496356406815,280.370990723431,-25.643104743613716,1.1409297322674576
31.154482544873296,5.57388427536028,234.08940359458998,2.100333018923343,138.2577683881165,-7.853332215792029,-12.18876912889164
45.48775199245379,1.957281078721429,267.331477229749,1.2035434723674454,211.1621241912161,-7.85057633799622,-3.413782449029145
46.48707326771061,9.815327392974028,68.55609617720468,7.046600538922085,333.18023022643825,18.337543097865613,30.406821354477607
12.99518404657185,8.198685342707897,123.44326875009764,7.2535065914838395,356.272061422137,10.367782846394302,4.4269464329672905
18.079964677559598,10.811541991718748,15.77199821188671,1.9170672758081964,198.1784455193365,4.4937304077153994,16.478742759329485
20.101020303841427,13.156130137967521,307.23778593981035,9.068148475911173,351.04541663111917,-24.060578249038354,34.24972185332162
45.79652111709476,6.727233301460515,258.2373148372353,9.108491795966458,24.375058515484792,-8.637626047645563,21.16061635677854
26.760166443515644,13.969984906067426,181.3929939621587,0.218748984257513,215.695318420928,-1.0913614418977537,-33.035590762487175
37.868249108638445,1.9340135480824512,16.360281289287286,5.661747683643802,285.9805368638831,-13.609848705541769,9.487202697355604
37.752133366522465,11.110727952554841,143.09777809835464,6.846942792271811,313.2920591894952,4.682387741685723,-11.623569584242013
48.8615367039995,2.48277330075334,270.26200490698375,3.841504198498918,280.57398245102826,-19.75469199931889,2.260747336159838
26.03395837760519,4.072412834345317,66.26388252747203,1.6000305542273796,78.41077993184767,12.199554833235585,4.517083212333938
37.868869903344304,13.18732525355674,284.6328758046511,4.554409869299661,254.7914476648606,-47.664982661914614,5.9368901783660215
31.002928095708672,4.551152570449756,79.32107796289716,7.082547043898303,198.77433153150395,5.51309387757057,-14.738530372229102
16.844363875368074,0.6841869876048479,85.75803894596984,0.39090675410742626,53.330211483959516,1.8454575820162968,0.5264001000106248
45.34409888915911,13.90871936078795,97.35654796971248,7.906213183069227,231.26872474557544,23.188701936036214,-20.455043385371102
19.96032297299393,12.351154000681532,192.45417268445,0.013999614763668955,125.08628359262522,-5.3501615332937,-24.345565456020847
34.20638143188316,5.536652429911703,29.968616222694635,7.054617172776638,197.73902606259094,1.6274809994392951,-5.077719303120462
38.88318363833773,6.125143233500692,220.13353218259155,3.246351404880082,20.61483521270683,-7.897872694802997,-4.6300425114567645
42.6368862421537,12.358976791294271,78.94065337606965,9.652274644351737,63.62468609329604,61.256939397084984,19.632164338723808
48.86418819893554,8.060830420700935,352.3544594084732,7.781859929786391,280.9847471861097,-27.49666959039188,29.896260848411437
14.257709301293549,11.186546834720156,137.51315191713175,6.538247187237825,313.20928383948404,4.757042376505131,-6.432362219229124
35.37222164998701,8.263167054149395,294.0649306713533,2.2063903752165306,96.76566089250672,-14.377557460535298,8.35044533574152
33.266551980316834,12.115994415233432,271.0431711552056,1.556414771531217,83.42033134946436,-27.521361525829697,1.0388972132183008
39.05144495782362,5.529600100405609,324.7805316183156,0.9369106215209644,65.34487579301326,-6.59548260566319,13.849200599952715
17.40112090575635,12.935282570434051,67.98957172838504,4.9051838325973645,262.6127972077309,13.425757176480861,7.943056946310162
35.902570868147684,0.3157095585197456,58.65071355321329,1.7773426933213465,141.911040600032,3.6957694651483024,-3.3402190441568504
34.3128830754304,1.0418117951812988,25.937528263793965,2.452538345383417,327.28717976989407,-2.3003820751570476,7.935788363894311
48.81541860178241,1.5035069798276102,189.64027799237417,7.267646249416782,290.8773815948059,-22.2162991790673,3.4944366779070446
34.13174065939484,5.668126946388618,7.4577295751331985,8.265622482713464,274.84047218401855,-19.785500853949795,16.665374299056097
35.77928451737098,0.6561006380817708,89.40346000524123,0.8359554609400388,51.34881807785791,3.5351499840515164,1.4286006378685643
35.095375060927026,0.20245356027786654,347.8898746027248,9.576176910971157,38.2820200566445,15.755838758108085,20.6366666556719
39.445260410980985,5.075848756662033,254.6840717687269,2.0232164218448165,172.95315499217682,-13.179068356582086,-9.496220582140783
32.51404937874981,6.664892973243994,58.73199902965571,3.3175631969353834,55.62479650803794,21.717029615295132,13.729219169718792
12.235020263053901,10.380617968826366,225.89490708485724,1.2307551518982573,296.9729645254411,-13.504887169308159,-10.52874030653104
14.112612469387678,4.4510773683972,184.1552698546981,8.364833847827066,51.06060952272822,10.48902995479774,1.3873513345577058
46.48667848834775,0.36001304835175774,153.7687559331797,1.4737651015303954,235.93125509667868,-3.2684639150917447,-3.535771580794494
19.035375690964138,13.18485155900018,138.5077706518461,8.842239135120153,296.20255324677584,1.5791506152843997,-11.764312210974804
14.49634685868638,2.5433859218770314,39.64883536717358,1.0173625466575087,344.10566465149174,2.3109733762582203,5.048748398557919
24.292316161480528,9.235451519533036,42.6063493622665,9.233196074120865,331.1544971952554,4.000126433116172,33.125764415195086
45.823459638162504,9.067595729727628,64.10439963866938,5.3048064064118305,215.86013455161134,15.433887021371925,-1.0366477193300234
37.17733246840374,2.2533005356547475,240.21841859353972,3.0156376678316485,294.32251619787513,-12.949604034065029,0.3382306271411979
23.935427330554177,1.5588384424626751,329.8443679491451,6.617317152702249,335.83746027606986,-7.713320848446585,16.314620810640104
42.428776594097805,10.669600233288504,27.49301734557899,0.021787648030665574,335.9141814119949,14.460326646217226,27.895048130662676
15.94571792417289,9.837811829141053,115.2921612054174,3.905995744965627,259.68364690889615,9.108750602767955,-8.839430574949183
41.42184376011468,7.176480198053616,24.232908492826283,5.77842879499891,345.4507131994872,4.341411330481872,35.27080644155889
21.139045698841755,1.3567052770093162,358.1178057634299,1.8187233632456812,138.60626315280163,2.4040550868665025,-0.017443835168911903
22.772631196441196,6.357481049145222,249.63150046933882,4.139443457256489,285.66057256741453,-21.43011714879149,-2.360197599696401
23.338605802721162,12.03211392581801,235.42351999713304,2.459081216393799,150.71746735097565,-18.986358353502123,-19.57324779082508
29.88409177623607,8.00655970267222,191.69079566774158,8.21404198036451,138.46581123845561,9.439056877599873,-34.52967730778177
33.23855749217303,6.327611415864445,208.0355182258287,6.934989527709192,269.3820598644035,-25.793928844723723,-14.733648797354256
38.12373253323145,3.5278960349086037,1.031798073505441,9.93905312199854,6.1756745760398735,3.157984585989144,37.382196260019875
32.334978721715906,14.364236570923701,331.5254762743136,0.595773898911619,125.76511241427862,-16.342336927835984,31.5251875323869
43.95005996505294,13.001587626931839,294.84376289073924,2.94697288128647,51.89048722901075,-28.375954922150562,21.79570400352455
44.132488236278405,14.577294021622288,328.6634072034635,2.4249740847004473,298.01585078873774,-29.161705486280066,40.76394302575711
12.234626635013628,2.0670196917544077,346.33871473730403,7.039628561070305,135.88588195971658,6.968084871699381,-4.81003024939127
11.053875296152391,14.47369788863235,133.8063232561201,7.014017634541529,238.5890353424739,6.694308540071878,-20.528183127461766
12.950811826237011,12.56155791810814,313.3717117975827,0.30185730359603924,131.48791857704444,-14.469894169392845,13.692153166579766
13.159731699539957,1.155979448461275,204.9059356688296,8.137112588919317,53.898200955617206,9.971485805819372,6.135955292641542
17.296980461408115,11.153369077307625,269.31856475682565,6.985639255401921,107.82277054538143,-8.45454298834723,-4.264207139541788
26.460899329947654,5.060054858472976,281.3028868447615,6.95247024396132,103.23686540168521,4.19432820697712,-1.3940728560707072
16.235493439436194,13.217357133603201,11.562878619898044,7.511329291282609,181.186352206212,4.5370872535622375,9.896096265034915
10.434703050968253,12.490201416271265,244.76527587597894,8.759765137307085,199.49613165934704,-20.743109653977616,-19.810621865839003
43.180729227678285,13.787253451205618,180.67407749721573,7.09352815354726,152.52129417152764,9.230169099474576,-59.57712067397185
16.27202548737156,14.596834938072023,187.7403761142619,9.77926283710249,45.04800817019124,9.024602411642698,-13.759911460571631
18.474569738031153,9.285656406283023,78.80630866605597,1.8369377272207255,268.55846547600225,14.114341724616052,3.4086771489738203
32.37177151593071,12.625694842324693,293.96118081564885,4.684360956953188,112.7482777459322,-18.54211687541345,8.519189759009254
35.67563337239619,12.408805196784815,59.33676942945862,8.033392606040696,232.79299045145422,11.530796030014983,3.966113038285055
17.789223572587836,1.6260132310241522,28.01108755597908,6.031901670902763,304.77933884240537,-7.980760420679759,9.286326103614261
11.121954393246742,4.233103971491798,194.96444939320708,0.6531916716627728,214.95987209641726,-2.209556545514435,-6.964188002534469
40.260857614781564,4.636801688493468,198.60889578328528,6.383889610260867,11.652045000498404,-0.545189670737412,5.322986514920675
20.76672049911003,14.649947200356733,203.32685274001085,5.6373932202528385,284.48125313349453,-23.167356641449803,-24.77940133616841
11.827224507346422,4.7187043830615565,339.6632909111511,0.08478730772000675,128.39369170818173,-2.44331840396013,6.788805982520309
21.296087193113273,5.972045827681133,70.15813435025571,7.518422707218029,261.24772495106924,-3.7784790558045813,1.8399714411613228
48.95402971789744,10.539852158131422,35.05674093421211,4.072865612544952,266.92248300677704,6.277188964798334,26.565851665507534
14.040115327291819,12.112414998009076,54.067196909537245,5.8717550930432445,137.56022342818298,23.29671771342586,4.694456960191005
33.45432814026246,12.780406441994936,104.44297714561431,1.5153781087975182,166.71824029349554,33.23167368359874,-12.176551094251153
45.40815491257689,1.3993629760464605,258.6465746415051,8.844020680758893,290.69137219582126,-29.347682649795715,8.669677558661142
36.168805998820844,11.532385727601632,57.97692952774453,9.636673592151695,185.8682870657771,23.875324420078186,-9.425458516595121
39.14882558844653,9.770923725137905,334.88179323605476,3.4141528939813526,282.7266690673763,-21.126126069594285,27.11869523512469
23.56082835520553,5.40474533551977,308.14291908182804,4.309014457465179,320.6447751566357,-15.304768906322582,14.618378975480194
40.96700003232762,5.814514075120235,75.17543076666753,6.103872329509038,26.99938405219938,24.252900759785113,20.017062010283986
16.09605627265598,9.41684469518116,179.10821672578282,8.047264442961048,51.344107656733925,11.649380661533044,-7.950793940763946
44.818299206954926,8.207040786840059,348.82096266044596,7.814455173547181,31.380366233053905,7.490407281179831,44.50380492874707
13.764559762122586,4.705780502749714,336.26014967574883,1.6147248497725897,100.84223603862661,-0.5169177409699728,6.707175823617919
24.533130631854675,1.3384386231527379,64.50705093023036,7.7194051042751335,92.8598758206635,19.94437342487356,0.4269711833467018
28.93043815448396,3.840394552403654,315.59683292460693,6.502920830559788,50.56100769593275,5.671001828590024,16.696045367543103
14.958648971224022,8.53100174906764,14.25335087515382,8.590032554166395,144.33811714687914,12.413646756179157,2.2514239905565194
44.28003836264714,13.757101745968846,46.43432586415082,3.667322658932153,304.14083171537135,20.830455566134184,34.671118773918494
48.08179834891719,5.605246434005783,245.59232286177516,5.059424299753626,94.61787578364536,-0.1919110991639439,-8.527257259474405
45.021458265557335,10.238333796263737,223.4209405770554,6.4386678529574475,266.77532169679273,-40.79652419933535,-23.626689893585144
19.792671412153627,12.318525526016996,2.859460530000919,8.530597843624502,104.63781606626365,17.814360980412037,20.38398461367595
16.328232160250458,5.989206305201634,26.272323729831434,3.8822299893318766,166.42028600643727,6.500039497760526,2.913447516390942
13.740124806445229,6.988163940812129,231.2944137501841,9.001265154651533,167.34707891406757,-5.827249698181289,-22.01324560739943
13.432901853404449,10.976671849379128,330.2857266771594,9.224907487403218,276.55799415648863,-24.170138506345957,17.51999498325399
17.978839993930002,4.930809557192571,114.22255041653268,9.964382320968019,175.0662058334698,10.249755502473187,-22.879515624210196
38.09163354077481,7.14329203005803,100.21502259111635,0.3828233886570642,56.06680230403037,20.476044454676963,-2.934734130999596
28.798701806519563,9.60324572922328,115.26718292053314,0.31323254017611823,216.38786881203941,20.592874105178005,-10.543304014292236
25.21139295768745,14.046894998312023,130.1373932081557,4.301097391438545,170.42747018360717,25.968124839203842,-30.14428676767026
12.163100603667761,13.020309026123142,342.95220340119226,6.8367144035488625,97.1453196610932,4.671342456292961,18.26327318798234
35.42749171737004,1.2538692513560385,24.93325783763759,4.0506848008713945,107.40124907016246,11.808624582081594,-0.19994104734749607
38.488268092698135,13.06933694553247,188.9200594803524,6.69644399680744,93.40100129148497,13.048475886532547,-37.27990327313397
43.22196366004415,1.3866189004804834,324.59102536940827,3.420191478980017,271.1433782196477,-12.535642475213272,3.5573961135598826
16.581331252636105,5.239143886634145,150.8763880534849,4.754994178973606,247.9789775773038,-3.4165695716435396,-11.692908820292267
16.42756639885599,10.450351287065146,127.68925553959019,6.929014367633824,140.08966815684474,23.26992018059041,-21.419143949946523
10.397260356220137,11.746085609545478,214.96630990118973,0.778087133372104,240.4664958138478,-10.786400472911856,-14.572871917523836
34.660494966690905,4.855988621420741,355.09246093378493,9.389690587994203,267.4210850677235,-26.03927910369377,11.7380748086026
39.4687714377423,4.747729340291035,54.18226065293252,4.586590672568932,53.095171003046914,21.324437702114018,15.694116181367797
44.57205394399399,1.704103141130895,349.191404898616,4.0638663815559966,187.44901135580966,-2.551522987783754,-7.101197972140964
10.147075649571002,6.758384511991262,299.70389804703103,1.2571720506469197,161.75831429667696,-7.877294197047226,3.0994135550544875
48.778300457709136,1.4616908173806187,78.70419791679613,9.790319888864229,151.26339920402012,19.363804671182127,-26.16852409124835
31.843449108119128,2.491515420482683,135.92036573446853,3.4808555401685135,342.855677223334,1.8017969338724513,3.9145288461295955
48.8697802065695,8.652546438027672,5.173566440435553,8.137793493553582,5.828856741637045,5.071425254565038,52.754012895065884
45.86619654505414,7.531278001411055,312.39293340525273,6.9931714608617614,233.60820382578177,-34.222749185179666,2.8395854754291037
28.2398994010847,6.155802162557354,126.79603947808525,5.4246701617426565,188.34113620717267,9.939634653778395,-21.725640062603023
40.60324559683401,1.700699991697317,63.29296980184676,4.283836139226071,63.68225782358113,15.418807390173683,7.663480966570269
33.795672405557966,8.141443182067144,137.36279623664953,8.45091608610791,247.87823621110215,-6.074440724875872,-24.07477001848172
27.499746869238386,4.248725440587023,223.33553625378423,9.251355968854037,308.51901617438364,-24.04274037234426,6.3248846472088625
49.81452884901171,12.089096438575668,37.37233424387617,6.496245862277336,221.85373377575596,9.571598258066839,15.196598152593817
26.45118656864026,7.446073936292194,270.6216331167314,9.272289093191455,35.892746061601144,-4.666666712124401,17.63124277523178
27.764134259033654,8.718503729165045,11.748793425974586,2.89904459206054,151.43070873821975,7.5220672449793895,14.250642056991131
18.915174834990577,6.8194481974379615,137.18873918965755,1.955602381850975,169.04672728626832,9.830479235702143,-13.594432187995567
14.977622434679766,14.514241530792923,329.05055468545083,4.129347421824452,295.3504710804625,-19.56453564227408,24.8411005463729
38.15339827079629,11.11729585332519,2.7378485967371446,3.7464380102005634,80.61717556954838,11.790031693100916,32.674112585868144
21.344176908614973,13.194107412399557,95.21966539817159,8.384841747781117,286.2497553777812,10.616879516386398,2.3905087274787435
26.58866097727442,3.6233165864822503,324.0674111788069,4.145566600015358,5.590823363131685,-4.010183907706295,16.43665392790217
16.13501393512193,5.616086107578458,294.01452412327205,8.200343902501867,215.98044271982866,-18.04221711108731,-7.890122948211457
23.403597524884564,14.387408894172397,357.41848494713815,2.418311130683092,350.4565163023059,-2.291305356382503,36.60453656362006
17.706416134914132,9.666515371946737,298.2779638362613,8.013316462333528,208.02730168757495,-23.32836194581487,-4.738587105666692
15.154818576393039,9.544102369667407,351.8480284670038,1.7371727081476906,325.5016940424217,-4.108288031504838,19.123108821220477
30.691083120835913,6.561023805026282,35.848052617974176,8.011719742888978,181.53253676454858,9.075432572168442,-6.730484398051603
35.2576427390974,11.764219409824777,303.49106158600654,6.273183816422922,93.68284420253062,-9.519919786782825,16.32400138706753
32.116220342830765,14.23050455626897,73.35452760436826,0.9326540697843,157.4715739798078,35.8020303825554,8.226224382369955
35.15576504767901,8.899322877047428,10.014600325494012,7.0757591384405245,331.413981840491,-4.920691105968458,40.096103077410035
13.15090017670209,5.736072736824661,267.2422646306522,1.3054801511328062,163.33425423805963,-8.768402242420505,-2.4997104924972637
35.26007168817215,5.37182027696317,86.2998783209039,8.97909240586722,106.89210228456861,37.40829315882681,-6.065821278514461
31.416688811915154,3.6788162655732712,280.8104229759802,7.8604819907327705,277.3409707380287,-28.87555878764283,4.288121937808766
36.37030781857635,4.124472374055165,336.5913216155546,6.274380089576603,229.81916512941734,-17.51540810116935,-0.7168080119791078
33.17418303100438,1.551288453221118,165.2859805061791,5.958944419226372,38.54759522572708,10.681934390974265,8.218082764432914
21.298521537183124,13.419071828644093,33.39977076543354,4.942450511800022,130.10303444101572,23.270404070145258,16.710301941377494
43.532635333529846,5.862003129050699,176.77330468862445,0.21956968409904243,26.48734908659921,1.274708467775851,-16.850461001225405
48.36868692209803,1.1446902763429239,247.44110786293862,3.7525436945046122,112.89057692943994,7.536332295596964,-5.962612397426902
46.33209599580721,12.12823582750972,64.73031690382801,0.10140291628525921,64.32374594718144,33.98909341568988,16.04701865079757
32.69175399279994,9.099822884962961,11.32217051233772,9.759158741147104,357.7462479832928,3.6214194973292946,48.21085548804311
29.35643970814825,9.210074946283497,196.7337978020701,1.5838826836458253,267.01085844353116,-10.35705185161322,-21.779675877918116
47.06332716989327,2.892678894785505,10.639887399550556,0.23038175091109503,184.22809953947328,1.6017747103602957,8.094553005612125
16.093840663524425,13.00311386937916,41.32384451840858,2.169577854089261,117.91430212470448,19.025476827547365,15.848719157687054
18.790444458556994,10.916158485219073,338.34531728602116,2.67590532255668,173.36695396695666,-7.279247807190198,14.655498222622793
48.12917443870599,5.228300695279639,198.53896107295773,2.943208773958962,268.270004177423,-14.422452557020069,-15.805880705242753
29.832068215627068,7.6898482009409745,143.97917458448794,1.9305423833499213,62.26542555716274,15.366647110730748,-13.122825472190716
37.48229826868646,13.309723367996082,101.18979503418257,3.9282592462669754,210.11337194990486,30.645195088488858,-16.53348626508749
40.65795468913879,4.673776943123316,285.87582941427416,9.537620747242894,175.6194442216292,-10.845523855085201,-23.69834621387966
45.31429333870343,6.356059826500316,268.94853724392215,8.15892199566578,224.2479464316463,-36.61954870631459,-18.11857127982313
34.29182600469763,6.439694635538843,204.17113249785885,3.739604867837926,227.77144830646372,-14.293628990307482,-22.179805347203875
12.570650115431361,2.5087357933949326,12.153603918217675,5.113568101306532,211.27292742975783,-3.4040505397196474,-3.0706223611889505
21.738941849434998,12.400296279480914,232.23526941341242,9.651452491469545,126.8112008526206,-4.369916719308513,-28.161996724435966
11.197598014667616,2.698563539502076,116.16521831288372,7.908963723921395,128.78802603717546,12.974045910864948,-9.283818847138912
12.905613248105094,9.85431917440075,133.90714237253576,7.795145535055763,44.02929785451201,20.30430170560964,-1.9940104299640566
22.74356564530504,0.16351536476641282,118.39298007606021,4.653766272028479,286.2861916107092,-9.309212515980338,2.642833974515461
45.94975895662568,8.424608752083236,138.81271796003824,6.01801911087149,189.81445013200366,13.84044953065057,-37.55483794334599
14.11680774717292,4.170727027535321,218.84557471169217,8.8336012368967,309.5685500032022,-15.990129074820363,4.03539373805416
12.992967836245413,13.389960301623134,151.8300506887398,7.562012034297404,114.40198609845348,21.49627127531368,-24.2962066904217
22.804856359407427,2.956848783380508,288.98106916111954,4.98650968423425,356.4934979288992,-6.686578672987869,12.805620768442756
26.849489843624536,1.861390186784987,61.61030245211006,3.26874759727501,137.82870654100097,8.965489518862647,-3.59736816091269
33.05655271448752,4.275553712752046,231.71997906260214,8.561030669194365,355.66371561343163,-10.393400015745375,15.284879667885896
46.465725738338186,4.265487283213963,302.99143096854743,4.028107899204506,322.49862903392403,-18.559161530205312,16.984384130615226
46.721379318092374,0.5868036677006472,232.11923991037924,0.6945411465982609,34.24313439984677,-0.22325090374547174,0.6599688902663963
42.10053128453459,10.848805043957935,98.8824766441306,7.5369227935243,144.12396333155178,44.34284226772133,-22.799611282684364
32.25800805527372,4.697619918043009,220.4354329179689,3.9332749171885704,250.72449799051924,-17.33490022343389,-12.499147396756465
28.18326964775819,12.730084692064352,348.1749100071926,1.2141294660475577,134.60618985871486,-4.181186752942807,27.823281212363682
34.71908006153811,0.43932272762220614,17.220325895878304,0.10396027108538264,37.84884987529017,0.5157345533481128,1.3348295178473832
22.914361614402758,10.313983677802982,156.84568644674755,1.7019145256293355,68.81748959927891,12.195619986324694,-19.167723643330476
46.09105939039051,5.533192994015025,325.03700996578493,9.895650297771494,336.27972817247246,-21.922357527165246,41.67195860437094
44.72059489860862,3.895315365864262,282.5798527561681,1.1080359703304898,340.97214989024724,-12.570315362626104,5.724639111325899
13.001687009253242,4.939934613695918,220.59022787947964,8.124855263498162,97.16833957671626,7.891725287048064,-7.758142131494321
16.81354520465684,2.0664498862013065,165.84975453588748,1.2628870695332195,310.2821637189428,-0.8484096746927675,-2.1980822677035547
40.12139307979652,13.316976187767873,347.7010548291485,4.132939177520845,160.84070653144036,-4.233591939334334,26.04711183649844
14.894932365943102,7.913833920716134,208.0385000411693,6.612689755119669,351.4858029856903,-8.188607897095629,-0.7757914765210199
22.876454523993722,10.962968708877225,81.29898662155696,2.638120335802583,106.64430779291165,28.861827560236815,1.9497459518824085
13.311770961585548,8.377728518345439,314.23403953951185,6.594807777340282,264.6965803810272,-20.70644944179788,8.623580774952883
18.235649375607093,1.170250930839523,349.8354752217089,0.6026692846771675,4.726118455675414,-0.3024590688668904,3.3790930372945325
18.645418723866456,12.27767166328358,67.65027475023571,1.0453471795059843,75.11812488018234,24.109253505969818,9.625969906721064
33.62092398452834,7.914669571138245,309.0451803267691,7.604879583744806,112.25715469616983,2.333613655815057,5.51175802367866
28.16087861516754,2.309983877220039,181.6241073462201,9.141252646599748,78.76253910370919,21.32648439037899,-1.2642937885839416
24.545751328937932,14.625970250267374,312.42916333207563,5.13464042566871,280.8075814252627,-35.43243937098884,24.228259397028307
17.518138905954153,4.167576516765427,59.11067699682531,3.0714677983145853,313.13929682826415,2.5233487301988884,8.012433304948605
35.93531850041877,2.209346010642586,315.4306450380565,7.450259932145414,86.60248611846309,15.933593440944488,5.455277507808187
45.76392217303717,2.8054464906554673,10.291049863744885,6.618855039096281,162.95072977769712,7.458503358930427,-10.897470179574436
20.623149013020452,13.903915794600278,30.264035817933525,4.314736367170962,54.223216644630426,21.546405289307422,29.79671754552058
30.087615677967197,7.618902362928484,19.136545947809623,2.725888667239299,35.21257115668342,10.078735063974056,23.34290804694038
35.94486993030385,10.980024143459643,152.13181398671406,2.9400589458234325,144.96915715629038,18.462564206488807,-32.7935856586468
33.76196660874059,7.9434413024166375,177.70184179173887,4.335653417496722,245.217788949264,-9.491703136512642,-25.591527987604977
35.853794291300844,14.384575759367957,79.0487152447376,0.5313777100338379,12.84766470702721,38.501860308243835,8.788907128637652
20.647129785647135,0.9877107887117248,36.37151672814346,2.2646501572877376,223.2794667171271,-1.9836022376864169,-1.750934529832116
38.63293272392731,5.878621346453437,36.46953790753918,7.339243726735462,316.6299614981276,-4.337917648520456,28.240240586459244
20.730677990666525,3.0855806363033995,282.8619545198021,3.476331132419348,103.67731790324453,0.7598165718920349,-0.2778080365542257
33.852535870068856,11.008234061647974,33.92732401660363,5.032401525063994,252.1696417328909,3.555680476136409,19.947863205171952
29.070333164659363,4.579862823996387,326.40039598686195,2.3861948527569,113.44049964338015,-0.8402839004590463,6.9758998549276665
12.7781853576438,2.8101661800021644,323.9529198697051,1.4183365525486336,4.584538040841335,-2.486068802452269,5.949221429666952
28.984027632451816,5.010812247636935,63.90541874448588,2.638321882580036,27.711744468368877,13.921381224815029,11.03544331137623
37.168117690164074,12.796345018938243,213.84185587444682,9.695415308611851,209.93718892605847,-32.9360741435128,-52.385114947245846
29.532293639546197,3.71265643901023,39.37895906167881,8.189264388188036,204.21602282536512,-2.462513314365818,-11.284504770728306
49.616524067717364,12.530385467591248,189.09690634260124,1.673047375305926,52.769865386876134,-2.064178835143327,-36.13211295646187
13.756403952834741,4.569034070211568,265.0271263781476,4.5261635251836365,264.53340147645156,-15.168308608607148,-1.3853819099859712
49.59172473720165,3.8600926842624528,175.13759293610798,3.6428933187388446,4.881979361100579,2.026153661233437,-0.6884777476335096
24.105055123905544,10.652357265398525,320.89406986846905,7.7452629554224774,308.5042177993505,-28.331651410754397,29.014046863599475
46.08667309394393,8.936153108368238,40.59398425502687,6.8578415750942305,262.1575953835853,-3.0008814087732105,17.93128838983157
10.829091116160265,14.679561563989402,308.2555887050332,6.593669130957652,50.98792529545711,-9.515198467444112,19.672370258665417
29.913289258153636,3.6655170743447756,266.76447458930454,9.732905881905594,129.39117427371968,9.537831632803957,-15.76417616258401
39.774604764364355,2.907631686402177,343.7331865429891,6.387337528760108,347.563101787959,-6.236487300350294,25.710342074535458
45.08576143589369,10.182022885782615,323.7196976576787,4.492693467984472,344.99020513440234,-21.794400335863223,38.04136418614461
31.076275162384583,3.9796399969973413,244.46389053452177,8.879949028134023,140.7694412178786,5.097499468541546,-21.631723413718262
26.69177143134668,14.909155623195373,111.35638705347597,0.4109997734067461,187.2279838670852,32.27059519026399,-13.616690971305431
23.730977724245655,9.185511446330091,156.04546432435396,4.5502767389016165,348.53509281060997,6.213740500461376,-8.65501222202239
41.69362048715288,4.32612800339504,349.00916042179284,4.98927018994339,246.789611972624,-15.77364615651631,6.648723612549949
28.652698898590522,2.25341627633417,348.0017288351166,6.2379513351724185,239.15531559689683,-14.07642164950609,-2.4026376138688965
22.145823981411695,4.323899306127782,287.92262335197347,0.15592399640814825,14.743113802649885,-8.65743661172997,3.147726673780143
21.320691950759468,8.896074271586064,19.149581609755145,3.058215007565188,154.9162182719408,8.78722296153028,11.74626260604184
36.41013259712161,0.009625671420473991,90.51604665501984,3.5021823554278972,101.975593288949,9.360358894894567,-1.980112345067501
44.36042174756325,9.97988998426396,276.79873616896333,1.5503701533142666,30.96124750935253,-27.4029535129283,7.551076037356285
20.826755804611516,14.938713841108955,70.82186874403268,5.852248364557314,29.058457796936676,34.93128368072782,20.653391493167383
18.754310617487633,7.097666516855519,127.66760564999475,8.117090886719545,229.33607354049903,-1.0537202862291632,-18.8234713411179
26.902531504366873,14.503602225798684,35.3299307934352,2.612609112277189,108.72815590302619,25.437005629399778,25.74666958101485
22.429432026535856,8.458614174554079,244.41235598426806,3.2247990224048673,208.14027018922187,-19.566303354598343,-13.892811341434193
37.3328473471583,2.992599969732066,48.848670645597764,5.542837694251773,108.38241569547796,20.728116458617794,0.6105402549447483
13.423917084137837,8.49997635116264,226.19477783155125,5.458306758357001,135.34773976852043,-3.802126595318005,-16.157301024896913
45.036859164790016,6.553392234747368,49.8995550689526,4.4190133135120115,112.7737663788606,27.535927640542454,7.607691450703982
47.39519258891442,10.688977579499667,168.61639475457207,4.276691709947031,151.38203938395446,12.92551623755146,-44.24270670147462
26.41034497656941,0.41509407526533537,201.20727724963396,9.574917537478335,151.53070384140634,10.242561229439506,-20.429094602200873
40.23425821679401,9.228128258904306,108.86039468040725,2.4264565542580496,184.3944464200736,24.47817305681806,-15.472780583253298
15.090994423893015,8.149043273170934,203.60685613758776,2.9334318677735336,271.9206624048847,-10.866519855864311,-12.925121131250512
25.706372894625616,6.044131890320692,2.1430245534390924,8.074810263737701,314.9679141229613,-12.561187244580884,26.891057066852028
28.40883011794032,0.8151935135564675,19.68939168202087,8.298942892713361,233.95677863461978,-15.488147627816673,-9.904504042699473
23.33933818171611,1.46098593122588,104.60769268542248,4.814679003551073,119.27073472107264,12.245420381726081,-5.9387916741034905
12.434590793085896,11.10709409243809,242.7886797777974,7.393634223710848,19.087295923874947,-11.877850437265538,3.0381650785581282
18.20257798321963,2.1622785063888026,266.55268272921626,4.953046525746788,80.47569008334605,5.252152905473602,1.3283345523347219
37.027230453392306,12.783835435819867,108.3211951417193,3.1089082896070206,356.09710676335715,32.76200595203579,-2.5189806748180583
10.258032025580658,7.274327161572566,247.59889090248907,1.1470886369900446,0.01285623824558435,-9.725541745383621,-2.350093664775099
34.151626491516545,1.815516261736589,34.87090922142705,2.0429365414088227,170.5472651785336,3.624231727380105,-1.3870734364991901
43.309058101714996,6.657238124763282,20.03513822984693,1.2181141450944355,145.64064096017944,8.819966783966116,15.596567646671527
49.307850654138306,12.304064359694106,303.0194892375334,5.467192475517953,295.8071251257779,-48.315486226498244,28.804350858591803
37.252817880848,12.889708316865487,222.1770665373709,4.323536988068101,229.03097933379436,-32.84733652886897,-34.136930723546996
17.392314118649416,12.278251507647166,236.68753062669543,1.7077549183007323,266.99929931660233,-22.532812548152396,-12.866182549621584
31.86724102507562,7.142375984840071,104.41302794368302,6.67535529285816,345.2729091938955,13.306794977482854,11.924375765533085
29.718565454286157,10.015494891462625,140.82811935913176,6.976527035225569,38.64090209474361,26.295089307005906,-5.699207442921242
26.675858740059613,6.37249434160067,10.069437191128717,4.570822799215204,203.1152702882482,-1.5863770669567772,4.828467461553638
10.44078575984778,4.541423548096813,232.2392355960014,8.93220973440941,223.15552651891542,-14.151735248684213,-13.564150466215679
11.705271872314311,13.605876530117564,346.6067490737831,4.6790710749048126,260.3034964576815,-11.993488659767277,19.229235431130544
21.07616156611444,14.726305286397919,128.78915861420194,8.55839571811424,181.15402367622292,23.43639937357298,-36.86022724608311
23.953363270327603,10.593369252054652,140.62475729507398,0.627657709605759,236.13092910129558,13.699430367758934,-18.86895250610068
24.074680106620008,10.788136634582402,122.14478764991033,7.1518233313161055,283.2108721912961,4.811564563979996,-9.09549653937972
21.133605773735322,11.439113802288913,109.05475864150894,3.939287295059122,329.817608461955,18.332357798438068,-0.6835548051697797
35.805360222978784,5.647841017233767,169.83083261626246,6.589718101946602,207.37402360931085,-5.492179075037596,-30.830185307723905
47.09648981898433,11.630969978001538,189.15620664746584,1.2942196948653983,116.66758039583827,-2.1512470459086535,-37.38117050766319
48.2077838721051,5.2214283031776425,222.2910086718131,4.037738521961121,16.174487550764244,-7.488644795818063,0.04838537837973078
44.08124736931249,2.3876951148775567,34.754558797880634,1.062204353469155,336.32420722064387,2.8017593014544984,8.797246307986551
29.05652026047092,11.398639220543343,353.27822266390615,8.085554832016546,263.7529388548268,-22.809837100984062,25.410987768306832
19.464687438437878,13.496914641643547,62.63926522537123,8.924728511578103,272.092994677984,6.1121589207600024,13.006230598582789
26.80224624943012,0.965548537141826,220.28530486057835,1.144737827585508,304.84866701049043,-3.655418586306806,-0.19270484520700948
12.915267777898443,11.450279247871276,218.35198839951943,8.406793551851768,332.47830437618643,-17.832320107064582,-2.4729914205606978
22.84636858333975,10.480885891189011,135.94642049042872,9.888708638950867,206.5606781864804,6.185347625082983,-35.34586835472397
17.989377139722688,3.7874241349588718,157.5053474633816,2.8608933259171643,72.42938717585358,7.998319692671805,-5.04742241201064
16.483583281655015,12.207566111743015,291.1219984620922,1.9229581271125595,209.5588607246242,-22.614230488468948,4.997946965213731
35.16462652678261,10.029873746954587,73.27425965641518,8.100088472706272,321.58476413700777,12.242990256977999,24.721997423252432
24.382440082545777,6.120410550567696,196.76910334241995,0.7196511582070075,66.7095682445916,-2.4632729426890325,-12.431125620564822
39.199084626955866,13.66482750269959,231.20365582507563,4.961754693846173,299.6650471887806,-42.29544610372811,-17.26147947929559
32.81480277406446,7.105993051176921,126.75817883264025,6.184788636845033,201.1310323121531,8.958320064947126,-25.920568365316985
15.514941454409325,1.0073201848802782,153.90422959006915,3.7611822690052463,25.512342191449324,3.6691572315395145,4.428135249353075
13.125752248523348,11.735810360004773,107.36171391851218,1.1792749538058223,83.00646199682681,20.238085136851062,-5.4938545636761384
34.0595834078008,4.9637969235937085,80.64764094112817,9.406175187967454,332.01839847962157,1.2768510135624158,24.01442050852508
20.055273887642144,10.549099708859458,24.463014558548558,8.714733359058425,348.52133440751464,5.326488410251466,36.68533370733225
12.991084913737714,8.630338114656329,307.1502779900544,9.318090499285411,180.01692289416607,-11.199345611862658,-6.682506337028414
25.968786364389928,0.8497229828620262,251.10644698926072,1.1087447094002745,169.55233437786754,-1.3872046288573472,-3.141969518226249
46.69565349368272,3.9457960784322017,10.792090681336077,3.380452425882644,93.91719782489575,12.68548971937441,11.24669420763706
23.381649818428762,11.471038728139396,50.143906127840204,5.470873476323662,264.19416098787855,7.342531947415431,14.842072840825278
46.966970490617975,9.950041910147615,316.1772646191587,2.356172017272943,26.24828465311485,-18.095005339405457,28.75327498546214
47.91990386362558,13.564857983216832,253.11269894690247,7.65574222858902,12.730346951666501,-35.29741467324796,11.024405082614944
49.242241701711144,14.248616741922516,215.33314634966985,6.124326506954699,29.01365577807059,-16.6977941349076,-19.86096739792483
32.057010078064046,14.199010148212079,97.3830263346338,0.41740977049329997,12.81603052299332,36.23520860550043,-3.624030903897533
30.30417061604411,9.75505452792246,155.34560272047915,3.0341835157231856,305.94006088019853,4.008507783062741,-17.61026831790621
48.85862595670078,0.321648932760194,19.928357075805742,7.736132426695716,292.0907410280611,-22.27762204427317,10.136615275276634
31.367434444468884,12.904417072913242,245.49883787404167,7.379235701121006,198.8985456048131,-35.73871184356874,-31.18823853586001
12.085616703964703,11.485222731965907,250.35859141562477,4.297186486522689,153.66008935746677,-13.986456880525562,-12.1048445278299
15.510817204589603,6.56929281927562,322.97282235052546,9.82534556862349,132.37512146416358,5.872681056489872,-2.449582356428209
17.74582515452076,6.547872452222025,20.852102382043558,2.3203342476480304,211.9022906096121,2.100899919614357,7.892018071046825
19.085035447199786,11.212135339442908,319.80072178531145,7.931808422224043,204.49750018477957,-20.762623958710268,2.6552306374652552
49.63754946046087,0.22347839995352226,259.13766570368455,8.126218919223819,27.580203267899538,11.270479104178904,22.77924538029779
15.068635773228372,2.7089021670739326,15.738994129637756,3.4966746421468264,235.87522268707224,-3.785575868134555,1.1317689621845668
19.769773780730013,4.386190823806401,218.20458429466717,4.787013654230745,44.0554886786081,1.2365718055601693,-0.012916786329696173
13.072153352611622,3.752982833054305,195.7126304068412,4.949292518590031,264.6787060263227,-9.704118284800064,-6.647132482673875
24.278332560551217,13.726512960205989,79.30342405792368,7.1313385890959875,338.91371557188114,24.29994787488218,20.471605622595188
41.20833621961052,4.390251212079555,235.31179344590072,5.268441877736038,96.3126897423656,4.7145931583889364,-8.921072364402614
37.91086749476766,7.5516810384815365,19.439112281715577,9.004253775688548,253.98060308547943,-17.07369007578192,12.889612826339825
34.87487122005454,4.1967576829842566,73.27977663530196,1.3713148863185454,351.3378261592849,10.166697094643713,6.834362145712754
19.221437068265438,11.12862988035742,75.87706747792137,3.7238998506151697,293.89669540269983,14.62432486132292,8.361617176362724
15.678449283798832,14.668645512510675,251.40309809520738,6.499080863907335,163.35467474979302,-21.52771717063362,-19.496001444572265
14.56954539456655,7.483612355179176,12.152226100172738,2.7796733072579016,138.30359718314276,5.9017890059473155,9.031652606203902
43.087154020397804,1.2673994220480367,100.47329357003215,6.097477256054898,178.32869952012186,4.220862017161997,-18.747065949340183
44.51091241317635,5.769948748203337,15.989598041783566,2.0573012068366237,66.39364687780474,10.466758772578853,19.190744640765356
27.24339858665822,0.7838947691473119,109.85330619864308,5.415491667613112,125.20963383764473,12.16552537503844,-7.98610857103643
11.039684090034365,9.131089384236716,321.5409699159755,9.226986827564058,326.6818497666104,-16.12359977202133,22.29422699253991
42.40974746743392,8.864379400373712,272.6107979554254,3.4094438497562907,298.52620380931336,-34.84638747668231,5.974987304056176
27.36304040722319,6.413237837994024,262.52140830668753,7.354144882589631,20.56269355612107,-8.91778449457531,14.291614312234119
14.368408189205573,5.821658442073343,259.6669290638728,6.77969524915654,309.0650734061063,-18.811789493435846,5.525422460023451
47.51904294930738,6.952538053374925,206.13691910296134,5.683030543402757,186.80863003161738,-11.62986384225001,-36.99108760159068
16.50195478210002,5.719365529790424,268.4281933109515,9.246611389385679,47.4741766361634,2.0126513243246844,11.176023249069283
10.60733654519919,11.993833856575048,342.3482035009668,0.8553686737124688,89.97574148835324,-4.090429054860691,16.80778565474027
31.712182252354893,5.062985297785993,142.05643336399072,6.155472492744765,130.2101520951766,19.86852326679569,-20.256817285170012
36.36919774130382,11.73639431443413,291.69341890337324,6.079991758789056,44.750308621542565,-18.03914863171383,23.570651911739198
32.737643021576545,4.814840872138715,95.22631604323804,1.7878439608073737,166.5807366834283,13.45922525249873,-5.625815263664876
27.596371176502316,6.996592510901811,347.71877742663406,4.80207909924858,303.9571189908611,-12.977818397490935,22.578134331251192
18.713699999037647,0.8787725395974116,337.98033288595735,2.7644567114892804,219.71826790661538,-4.094030987944359,-2.562166909551878
22.561061368374013,0.9606523186459587,64.72940752567723,7.659768297280051,99.41196332450723,18.069634265010993,-1.806927272338381
44.76221486774949,1.9083372012621442,226.92174421860508,1.4690178536801912,222.4617495846162,-7.2067224525220315,-7.211260951850001
11.983186969957487,1.7166984440312716,13.860640125959911,6.844413839781223,309.8052999266326,-7.575668138274315,9.45377342032626
33.195628618399624,0.6293338038110413,258.24877084838505,0.6081286781805595,257.2378429555119,-3.145839856518954,-0.6829155981701287
20.36219000079701,3.8616761210692863,244.21961504351435,8.574903074607798,127.20061506747369,6.831246103293517,-13.985208858748493
38.73277188680561,9.008682582679784,125.90267419292668,0.7747914274735701,159.77256626446336,21.25843173013159,-16.88803678370469
30.441420697406,3.5546806682693117,117.2840565840283,3.713593619252581,296.16945956025904,-0.43278153642310446,0.020735275231237082
26.638786814031945,9.628305408337189,315.3071297847508,1.4307948220293665,117.55459501227755,-12.824747517931474,14.4085456021573
41.52657847413032,5.024786775011437,146.9295186032444,6.519782124066024,169.44661244222993,11.45241491085563,-30.90146615624604
48.94004800738783,9.328745532537706,57.712614928101665,0.44610577008669217,334.9110652061013,24.31329241729974,17.01645489782172
46.47490638233049,0.3830292939654095,219.25373253325125,8.080342137299908,183.88661129531613,-2.431944556846046,-25.728277681077802
41.23495004834038,7.622734060525947,209.3351395176536,3.4405274644449224,77.35273909853613,-1.094421311513317,-17.08336627521138
43.22907077750153,0.48899292838491426,261.45351420362954,3.8108966322699054,359.2155065664377,-1.5904594541056443,11.096667097749803
13.137798892015024,1.159671614910493,336.7864331397041,2.245810074016629,181.25851928601165,-0.8288081047796355,-1.9303358753095101
32.97756988713871,8.223495453665171,150.50884242376873,7.330456608626422,305.1342287380446,-5.047265848798441,-7.621531921980377
31.11025595611499,0.7714725591728844,170.03849742793432,5.2444807082664955,158.76626904381936,5.119658039939584,-14.224873508785086
20.767308829731817,12.540134106789946,105.50351119030285,2.4402899539980663,87.5064033839266,29.88077941711252,-6.678653274871703
40.70573657079778,5.429474364693167,164.09562254945854,7.481882793634895,41.55009097983185,18.582095476624698,1.0878541480936406
19.6418590679787,10.991974952549697,316.8816404608882,3.6188115983970515,126.71445937279287,-9.22947804849855,11.726713921676296
30.225737713707616,13.719532679278066,235.1987738482328,6.05218583571537,161.62848772905386,-23.23040880600749,-33.69560032688915
26.75400919609168,8.5401338146427,297.6422103883936,1.2528125886408192,193.54172295465924,-18.35385632452257,6.409007863389757
41.057930859704534,6.114261598226255,210.5119210461151,1.3814015392620604,93.70042328915103,-4.993081990042402,-15.498127468004698
21.47540758298987,4.707665084074886,29.342144631303874,4.210225902872229,353.9691902207098,3.9013964656439346,17.347592124210756
33.04047003215558,9.489446492654224,278.15219127623374,8.998724682622827,315.5060509105391,-40.74814616932371,20.152320577259708
10.620490064254682,1.8118326833798282,94.81540408420143,5.54578778977557,334.8450595822162,-0.8121024691737593,7.162753779410915
39.71415969759087,1.8959692719718957,12.267240734316989,4.314198644752164,248.41676339579243,-10.268897774486424,0.7560121427329873
49.59733935386381,1.9856663251180662,312.0767959248385,9.186230032750526,325.53374135530834,-21.217806956557197,28.3146081899635
24.174710848168427,6.034762601956206,200.49868111995283,7.119835115476838,42.85067171790436,6.058138567481823,-0.9610284706002563
45.897052831863036,13.475308381390626,212.93208076918629,6.166295938772841,357.88827732193954,-23.104257642082462,-15.747273968606436
11.809507928416888,11.081226347467718,127.78474764504176,4.488953419825004,147.19490101262565,17.362654231564846,-16.389369160048837
27.99014858624264,12.522070084030569,104.14481098024265,4.771060474225408,48.457994342144765,37.53647982686178,0.2483354245920868
17.33803115001543,11.48933569970259,329.8830650392039,9.366214462323038,30.1642168671809,-1.990321560479309,33.909882322643035
45.82396686309092,8.9032993010858,133.15460713659638,6.4940476010387505,136.57484915373678,33.49668369468958,-33.02883219918669
27.543481641030986,7.630007869288308,211.70911595633513,9.447680992857093,34.883496788254924,3.3005724268784906,2.983505460073207
21.893941311029632,5.1167581656897,203.0872817811664,8.973016256480935,208.73815434397787,-13.35397604425075,-26.56690559566819
43.76261708976136,6.400342950812413,116.20802624720623,3.1857830105200566,64.22969239402502,25.721781670391366,-4.305813718337812
15.727862430195337,12.2098077027186,264.4652694289259,9.8920537330944,75.84504809225761,-4.5862154923664775,2.2229871067791787
30.76539882369525,8.627067343844145,221.57189900556398,0.994665350567222,102.52474441836263,-11.905078658804399,-16.70420087142516
14.74204310412501,4.107727500047801,158.01002800843125,8.853491631844697,103.85237558270808,17.568915745436428,-10.278068864266736
46.70772262198597,14.832083613370006,271.2487697467431,9.245158525681092,239.91610035528493,-70.4447929922537,-13.303275143333046
15.640125005238058,3.10264668079057,301.9643984968315,7.548647386495205,9.846044893718897,-2.3952690942403003,16.213823417642224
46.101652097626044,14.397850545940297,194.33870996273853,7.98992001974081,2.399438439396917,-9.906021028820522,-18.291645769233952
43.30017978620476,0.38665958153537183,73.13073800102995,9.418059583595378,205.61945850805134,-11.000025533909657,-24.898060009474623
39.283576740272245,7.813408426140848,299.17361351390014,2.9494158117469538,39.46135564036908,-14.00205559109762,17.222830614484053
38.252887999768156,12.671161866181409,159.98582273719242,4.322659484539594,94.70035159044693,24.141853140950865,-34.237981639221836
44.580110054259904,14.896158756142839,263.38814735962154,1.164626402291623,127.33961857341818,-41.818004294933914,-7.300435066726927
13.162683172308661,11.89980382723083,261.8501724806884,3.271157157177268,182.54166216195657,-19.53438270948885,-8.116820371607881
21.04432119532348,9.459359131998017,184.6238806988994,7.770455708659329,254.45152854664272,-17.085620626072902,-23.843980007402376
22.592397002062945,13.870949712212031,156.0159447502938,9.323680006347871,285.91106375803685,-7.142794964146752,-21.713264531798277
22.701087948798737,12.621465611253337,238.00695375761845,8.775735320603907,12.829027039600271,-18.83655233332147,4.022113839134841
35.37988621809633,0.11955882376958382,49.27488216075011,3.7620905691470807,339.53845261987624,-3.2887540651930762,9.675886668522981
36.933905242585624,3.979290701834344,54.51591830270422,8.13868851863629,264.0818466158323,-13.322579296236032,4.0357513134539085
21.303986946282365,2.978594523084095,315.3110211486832,9.508327582203314,308.5764466254569,-19.857187762484504,16.769588973903787
39.97783905690582,0.04796565707610334,24.21405625826724,5.577371613026946,75.07690977749661,15.441936430110486,4.225366754656824
17.12460101807497,6.27239022642169,94.70657304537413,3.8029022984971386,210.20362410320104,8.105688007211478,-7.102688454558854
35.50858508011811,7.263495944119372,236.49874794155863,1.800643345556382,108.03620563931067,-11.689735297127648,-12.286934952879069
19.275733493280136,4.381738752273001,174.62158215403488,7.9674617670496914,141.19562011378375,10.712027188063086,-20.956508042993836
24.285114867512377,7.214385788375574,34.75196390461169,1.1236742111235065,317.12226810197996,7.449188081121543,15.021627872211571
40.19844405768413,4.309070306225943,348.9703714920748,3.2539704626348795,238.47054833882675,-10.300180878063237,7.236642181749142
14.632767193375358,6.971038984840607,114.80614362523427,1.1353629341407545,250.90868907654396,9.076324753902199,-5.692941075740776
38.192752041833955,11.605226719622102,174.14594428571684,8.047213097215385,176.1027760534075,4.829167039804954,-54.617928564347096
26.480116750962118,3.5229006069484208,104.73488492110812,5.074874029688996,320.33182074394676,0.38929123170644875,6.99455168387605
41.31311577826912,0.9120489167709617,277.84751680753476,2.6160525288424674,114.34260895879915,4.295140759494097,-2.7680635218591094
25.655135753461877,6.629273193910636,143.52462421247196,9.123687301176291,96.59420411871328,29.740891756155406,-14.58748451995907
39.1274738964284,5.097623352289146,294.6688504250815,3.085106495591725,147.53215551131674,-8.405953821178738,-1.3423419764944908
32.90022786725223,2.498027146162066,74.23229575633049,6.2528650544818944,341.23600593635484,1.0169584478567977,17.09152031354863
34.5321588548277,4.945262647705003,217.78603400525623,0.1991991661696546,260.0023395389495,-8.56021624478432,-10.461696086090194
42.09651511287335,1.3537906609960109,253.70298743235847,9.122285645656333,276.0631382149805,-30.381528446173476,1.7098104083026855
32.11576761706614,9.823973743157296,186.7136394662173,3.6209775161350266,71.43833305446971,5.844669037371724,-22.01598313939677
16.279716443463876,8.035482175148235,309.50022085320484,2.293344683214089,288.4627421059124,-15.258893303671336,10.63482466280054
46.426151208245734,4.972531692690619,77.62143521802437,7.3333434945869245,338.4049666293764,6.638978320517181,24.257140530665765
11.44299889966308,0.30042559897025645,338.5278695043917,1.02520730357612,143.25746688905093,0.7687810153434074,-0.8277797218134855
29.395997834886657,2.3541825953598745,108.527916734874,2.300052391853593,278.06818848628706,-0.1104645812465126,-1.0410800897785075
19.89234955125392,4.086873689656935,44.511419033098974,7.840536115903909,235.8993451615448,-7.30473390728126,-2.983274543909288
15.247727578370537,11.107886047283742,97.19951801236068,0.8491662946736123,26.60048739331571,20.100569861601077,-1.115726826625572
38.884514779892335,11.435789883059131,149.53680848520625,0.14741783906906614,298.8905468211417,15.960713564294279,-27.55308374221094
34.194874441318085,2.27771335418038,264.9144233148581,7.926200061375193,69.94226887322826,13.66830915505118,6.6444829791520315
34.22766323664875,4.682845560994568,116.54162342142294,5.123556311688077,8.43550256472402,13.052010890175033,7.860404385152793
20.96198959914018,3.040000397676142,95.13718388180774,6.560507087126462,169.70412712968184,8.68326382450924,-13.906661501974376
21.64954615519481,1.39593592534806,348.0790786912967,5.609962588441215,174.0058268784901,0.6249892954872679,-8.85204728299788
46.306630284452275,7.9980585545219665,88.06105358650537,0.17212532409682457,178.93256054759533,24.570393779058467,0.3026949923592911
25.74580727561038,5.591065000299407,196.76930947041768,1.0830429533325392,80.66190964010812,-1.2473317826875414,-11.86204027131625
49.007623799113,5.960229274392774,83.56159717552885,3.698216265202039,202.73517637864828,14.203174788506058,-8.668857248669244
35.71274260002667,4.986532123063271,291.48508330262433,9.758174276622723,34.340052618971086,2.3329237802180014,26.669375704026763
16.770228507423937,12.972415716435007,176.33212636133604,2.49969058363801,50.87900359295476,5.12036653801585,-21.02124527813652
34.65953881683063,7.102719864629841,260.2916689386517,5.666392055197179,83.67471293520823,-3.6393878070922625,-1.5244063364001361
40.69633915824227,3.7803577346941726,112.12378462094071,3.378684806400792,54.22031084555011,17.982698730618754,1.5891359575868034
22.857719269096137,8.479685403264696,146.352342022315,0.05571769685632666,248.54304190964027,10.030730192181618,-15.282434309693565
40.201517213108986,11.920436861596281,196.4119447762785,3.130161759218222,234.7231048708123,-16.95789703393261,-37.91155590248201
22.873518306425815,10.633022578395494,185.19520163335355,8.5865291014079,357.3919292085242,-2.9229068256987887,-4.344219067089355
13.257372355827805,1.5756581454391054,251.7320030026257,3.7568605040969305,272.47921410877126,-8.6304733494909,-0.5448289047305265
16.483724570256175,11.222231438921133,59.83091049680367,4.3760125987044844,349.8898586699311,16.377683721961425,18.236301128397297
11.562477912158617,6.362733374742924,61.459951292122625,8.031536305292628,175.3896156724657,9.573070456038902,-7.623919668966436
39.959737322990605,8.206275748254434,143.7860369930645,2.9675102321493085,156.77258490374646,17.178633072798398,-26.681349135257832
21.768946266157325,13.829553262914663,243.6059374928381,5.224801027952592,221.4361754077392,-33.381714355525574,-21.20338749428233
24.865272511187307,9.75331073618818,50.94633478277057,5.232512405889025,73.60626287022934,28.35522642010104,17.160822746989453
34.55999283552032,10.717122000223394,186.97672231217027,2.5123936289630855,166.63685974346225,-1.9140849640794437,-34.72530267191136
47.44809995000874,13.906193906079706,259.2468926208254,8.523961747276905,48.72212871257776,-22.567961239803846,9.420130312030754
30.97513816210074,12.441120237917126,3.53562708472972,4.163029430748953,54.12566758228568,10.40508376869772,37.33521668093074
12.68192052641818,14.654642008871111,112.2625834683125,1.876744270270141,249.85626186270432,18.97431097006637,-9.9664791440347
31.50925977784204,4.965526956474174,21.998804099784746,4.686941027228121,56.32308769254327,14.599955169800172,18.256175717005164
24.018111716611244,8.387341337279585,81.37062373894959,6.2882175307072306,334.0366195838946,12.257876012732005,15.295210868196643
20.98322459584104,12.311316457932149,312.5135370598706,5.844683850506179,110.07011541887317,-7.415183794168504,13.058987094956466
34.98003744095231,6.049025386680802,91.70977832377272,5.410169932365369,237.3723253081122,3.97884035751958,-8.271907068546593
13.099045036029553,2.2863270457434965,263.0369081938187,2.799855334932003,94.6575421312266,0.8516465670392748,-0.8244763487637847
14.092884995551135,11.953267215451351,211.4341422329757,7.660543425600715,118.85766839411893,0.805859368261995,-23.554739381163692
40.87914730709798,8.88254962169847,99.80550161001976,8.072995821927899,313.6811702081515,8.413707466062071,11.728996931033613
36.73987654126577,7.101102569249276,60.51577986003072,7.8336491608493795,356.0714012229416,15.448744958033828,30.954448123144594
13.653530755504102,12.05030742454421,52.736995902657505,1.6481838729578246,314.8610723025268,14.051603393715624,14.1126997959405
22.933515035446707,13.439300131407611,18.788107404939606,5.117052630129038,158.28804756064758,13.452507189733117,17.231745248222833
36.593689165022695,4.906340461510232,180.13503785135353,1.172964963374502,201.6522486624777,-1.2137066541012869,-16.378851578780058
25.09238206562984,5.782947879982507,170.81208056060214,3.117618325252043,187.91485364817,1.1175047462121226,-19.896185511334163
31.227420293748274,13.249284133916458,303.188839532463,9.553601232626757,340.3763758253839,-36.072472786074044,41.00518714032532
43.3441973560264,10.670215168172566,302.3553973243204,5.60485865486017,176.43366165634922,-25.758033101055986,0.34592194728736203
41.558602228921366,10.280513776865579,200.84583046968552,4.3541337290474855,125.34497606817234,-0.3107913983236692,-35.297478083802886
11.011822183769473,5.485307632614558,167.7873170187184,6.7003909756236935,262.2569411446754,-8.209294649179009,-9.385475408571022
18.551198427967485,8.396910340669917,359.24404063387385,9.394071488900781,137.68466960425755,12.083586842808621,2.819368245091967
17.160224000570903,11.214427425947608,3.8420718200578508,4.420805674865199,189.3609341245882,0.060567933259304096,12.769979863837483
10.224581535514714,4.65586047565023,33.879054248144264,3.68867426483386,91.35371760283115,9.07133864754339,5.454956586289576
46.86255813032225,9.101616211946437,12.070148833084993,2.749514180546556,172.34455275078,7.014963032092155,19.087895996257323
11.756695507686686,10.432486128538603,91.09366341458691,6.252704117985591,349.61064998794444,14.40276793560908,9.213359397577854
42.93302834940746,12.94777982510956,333.926942121173,9.972315773930122,227.60642978260708,-38.625502861717685,14.51636422329517
29.612019411853243,7.1017262432652695,314.9772592866231,7.5058634985675905,290.6750467225866,-29.598006952404965,18.84500864919115
11.527743747691467,0.4325545519128976,321.9354487716538,1.5319175053864398,265.0306208706406,-2.748505874355939,0.3186533990933391
44.83652885286305,1.974723087566862,151.0461299140989,8.458031350331511,20.177277919769885,11.710766638340733,18.778553813555476
35.49912622886624,0.9348820873614272,35.091165817085695,5.440834855845433,354.02523418461766,-0.07773352532398592,16.615491391916667
17.767295138569242,9.210056856735083,6.002803443069706,8.372735282182017,305.3628093293304,-11.16212638864303,26.655286228742124
22.659211426298754,10.639634300307952,326.0609095920421,5.868474894921149,339.94835087546977,-17.092182890711864,30.820791481311453
30.653617982319354,14.108177423234508,145.14231048447147,8.377166738191429,241.07082294027524,1.8287690202120643,-39.071015340403136
12.59819602755902,12.375713150347739,180.54924974668785,7.289570664363795,30.2287320951423,5.691476645971647,-9.738880481131998
27.73595483437432,4.132881828605647,71.52602440072603,5.0546583093145125,62.26855686834374,19.960427047334182,8.707268397732236
39.87313712898612,12.56789545801542,1.1607777477743086,2.73763139252062,126.24652000052664,7.020815694632135,31.210622372668833
23.65809961147674,8.522598985892417,250.66518657650263,5.661892885735098,166.68193393750713,-14.797220328962968,-18.29725366117642
14.650467609766448,1.358425786625701,262.6381357841965,1.85658889394263,212.81347085226307,-4.06712941071423,-2.997496501234234
48.63062382343631,11.500838529616873,283.94520434556847,2.1752585200924877,134.83064119313414,-30.288232874691325,3.898267200426333
13.250997327923294,10.864151486371158,88.82356249393247,8.37308322495897,231.23426094171901,7.12229395354893,-8.250457913201869
46.05916794079122,2.8662908912533993,272.0997156628949,1.3273481510942475,19.200709585486052,-7.439724808528826,4.16300733166869
38.23655852290289,2.670060539129755,50.55338653485761,3.1554097990678818,81.34573683663528,14.46647628525836,6.062183519288208
17.5298116424082,13.253528684291016,63.76035148307796,2.949323449980772,251.1209377516463,17.197818740922173,9.27353634276435
20.58180573356511,7.348284910077576,208.33061911836825,3.488591966954658,231.05732789855733,-12.701389696539946,-17.74121894346665
27.986925789564868,9.465396108520016,299.4229589504813,0.3673109374690886,300.5007091960331,-20.44950637346083,11.552449862021657
25.42722766271359,8.069231759985309,75.83860693687218,7.021874668736263,124.8917510551428,30.927489511437734,-4.650502595472318
42.43633290589385,11.944071012216323,74.68090476978733,6.99653826419193,181.3554906739297,33.39683823154543,-11.291979546380693
43.19430731032246,11.914425447838394,32.67270017249943,7.734089956486373,92.95698582061952,42.00723569978645,28.577849103002016
28.707527894033763,0.47172076127522167,41.50734682478555,6.583321812086825,67.11318381932031,15.429085193399086,7.048665699164674
15.592611273302692,8.802311419284823,134.02178915558002,3.7791015698242783,211.82068142636837,7.732575717633433,-16.631598006936976
11.353991425744304,10.519324254760104,226.6099486440293,8.693291015999321,2.8433887448174966,-10.974280631468178,2.2155499363797624
26.856310509293056,5.020687170699816,233.23727283680998,1.0020768781834477,328.73357630432866,-10.628621904020326,-5.027011488122552
22.251025188787473,7.002618485701617,67.01786153567032,0.2174996911740823,291.3196794836255,13.29936878457233,5.991800669595625
28.25782704161845,8.639478016029868,156.58865171032957,3.993334805486505,300.2747080303128,-0.038393068145575526,-14.197300363885917
20.102990783265962,5.5982216746667675,121.63617382735556,6.785558417525373,108.06238721643706,22.709396023716785,-10.203878701190646
48.83062688380168,13.161490697522057,274.74227679156957,9.008655244625093,182.50587283691698,-42.627702222375724,-24.963704838235078
26.83943939980692,11.611086719039191,343.4334985010004,4.007501273831431,10.279861532519359,-6.0713496402619835,35.25705698171848
30.488174011225915,13.835303966021101,319.1742886220396,9.652356110336743,339.4246794929412,-31.007598701668933,48.630739859076535
17.938485727159343,14.58641628563273,270.66603310583315,1.2989082681690467,119.9329611948504,-25.74017394820245,-0.9152288796259873
48.396531955540205,14.554876918762771,111.33847419493522,7.658231119920384,288.536264632619,19.777120747171693,-8.988671369485303
28.348540781734542,2.480131215667843,0.3035554073683633,1.4749100953643413,317.8637065138268,-2.3472603467037327,8.591682474615148
22.051293345548736,1.2056290564604455,85.02608976359954,2.0332198170236406,32.46008202946469,4.860455651400562,3.8591418713982573
19.789300904911137,10.270703646020765,304.4406226219167,3.7425781045067885,171.84387219964512,-15.947195486340602,4.225901701369323
23.788474529955824,7.062010416741938,247.2431178529339,6.987797484732559,328.61989654623073,-22.35468090208303,7.121952916964631
36.73747401723014,12.470204881968048,254.2406762196654,7.630561733018587,34.49695065264857,-21.01769311086776,7.941787923321433
15.140095746027438,11.445664458192407,48.06945669619798,7.7326043938928715,323.2876645173881,6.838751987699959,24.32792625177082
42.79164304576802,10.955581613557465,152.85327833069854,3.938503603198764,25.7964465385093,19.826861691245604,-18.320677352449326
29.532373151146373,11.106436770807095,211.11442394318175,2.2169404391637535,219.0680404315711,-17.511036985799137,-27.555228067863908
40.71375704859423,5.536988492564905,122.34634235891797,8.232381418465938,219.8039485193883,-1.706310546132034,-26.756119276699813
40.06737840121411,13.71879001080278,232.40781666954194,1.380799002941674,67.6693977112267,-27.418085344007487,-22.41981979661699
18.449293763022993,6.531009423678779,122.2511960436698,6.5404493495729294,153.2560751905227,16.420256692568735,-18.086876004313318
21.398564967838546,5.802232735820814,295.65900514300716,0.3482666061088058,345.06458836649466,-11.111417276941982,5.950558628991996
26.869475596999514,2.4531431568655515,245.64231951717645,8.342324950280082,167.37217284919632,-0.9619712165567753,-21.420991653605522
13.305618866171498,10.29098429523453,36.505834729319005,8.62466479871225,289.2780924624921,-3.3251652773197,18.3137040292967
10.488979566360644,4.785386673592721,206.885595489363,3.8399028544350444,163.6891436887675,-1.5874691220189014,-11.630680514345151
29.445575372522242,14.398815781272381,144.61322063270615,7.713596601375288,109.0636246874424,38.292739005788896,-34.93455064835857
20.345961970706284,9.51175769224298,217.30897702697686,8.02418395193002,162.09717885212726,-6.718017498013555,-30.959538548270814
24.913012618125535,7.103209277096033,120.62286305353508,5.350241658968496,131.35024339111126,22.82744788733455,-16.12053116752503
41.41978895033584,14.711017618782645,191.41618634357957,3.8347182326252973,242.89880744221267,-18.381410710925326,-46.9798661957133
16.015488805459952,5.0567353458927435,336.3037474060304,5.901530180710298,71.14069778742387,6.419196209264746,11.814029668675605
42.513404373681574,10.91443149807362,163.79617032825718,0.4854359824033949,101.41702394443749,10.36760774587985,-31.138937030045078
14.862057825296136,7.344321175692682,132.15748353322195,8.891659349153059,247.09954986681572,-4.780742749027922,-14.603147508904854
20.093072183639563,5.061926172114492,106.61200341627111,8.191693426931675,195.38945925388327,5.417664155225509,-18.91423242990882
17.14912721313229,5.353280426978345,6.306837505379712,3.246325500136863,228.95377198473682,-3.478328098439294,5.963111916815121
33.83115622749426,5.35866723193649,13.180446261589736,7.386803060487997,89.50561838659728,22.607968952821693,13.869946352208567
13.361874382193445,1.4185886225910427,261.64346554928983,6.329200230050853,155.19619674517216,2.065842454742534,-9.822914171432517
20.987849338467797,14.577791630256645,248.0371059641749,2.4410070418398924,297.20570747024544,-32.457061478728846,-8.969586899830158
43.39671609767267,10.990316661501561,188.4811491136594,4.5841956913948785,27.553011756925642,1.486076710969991,-20.24379649952632
24.911813151325994,2.2012567083560097,351.66359976359956,6.378144831394886,317.5332796305729,-10.424018482959866,15.51166842601424
25.276519808957655,14.703997305638984,28.355351698385043,9.274405511970897,269.73611972268634,-5.200300853919918,29.277271714310707
26.901196360808484,0.3357521277588238,342.1291970374892,2.5685800404544135,235.04235615854387,-5.171309823852256,-2.6982512467702815
45.31701447942354,12.552799758949872,156.0367020030142,1.1642543072733869,68.99170939268353,18.80030906754952,-33.59760428673952
20.43902993050766,4.548021288467362,185.05424614322737,8.542436494955679,87.75086499700372,16.606488361507026,-8.563515704820208
41.95816399122215,5.613545802235902,170.25062410142522,7.607190455159415,157.30042829307337,11.366160755519566,-36.70683744564416
39.87479170824983,11.67463461150007,99.66737196268667,6.7143964056478564,217.66412454486957,21.116480392207976,-20.74444922738092
46.389856392520784,10.173123734248335,98.16458524628264,4.07182791882279,6.738821577565397,32.43803042270685,7.992601558082273
26.57299359357738,1.9465041467661393,96.13918070851892,5.990794508923457,351.3231440525382,2.4010185786777636,13.299818390127484
22.726375787600187,3.319855282994893,6.506252402388006,3.2460883424474085,22.940085083984265,3.533134682929523,13.534647993226361
21.51325247531055,10.680504062322841,297.71099154525916,5.879141645190476,228.51815860184337,-29.0265324106295,2.245731955410591
23.150080603795622,5.835592688128674,334.7541704830271,0.1256722467355964,122.61455204391038,-5.17712155386754,11.319683396483248
23.854652590342965,6.6657459532967165,166.30111863887421,7.425711564643281,75.82946204846002,19.358831086570994,-10.272824775858302
37.90901457369727,10.094789272926143,92.04933483196615,0.32266509985167446,306.82500396425115,27.327973324488646,-0.4659161765305845
48.70894434410587,9.470760951176866,202.07726504341505,3.452991923920213,74.71843264463485,-0.7208390095303798,-24.788679397392634
49.39474419641249,5.537871826890789,105.0562953226917,3.153380859754918,242.82049334240585,8.068545535974172,-9.136016041990437
11.182582722872642,9.372940464124481,60.0243498737771,3.5162637803623396,155.35108498887325,14.473526731582528,2.2454756648261593
49.83303361086254,0.3511251603873522,350.4085447058049,5.564394872192443,176.6724756083256,0.8429847428244275,-16.602617965389477
19.38874255874286,13.817644216596266,47.411060156184284,6.071217428804866,305.8805486892003,10.44546236810854,25.665774701654374
13.879192887470033,3.274580710899661,357.1671262370631,5.707450158100499,64.30407785893667,8.379066642475696,9.664410177279988
16.364700724743194,11.662870196742867,264.40585607590333,4.011165093635793,147.06582700259136,-17.218188838858694,-8.225858562561427
40.051236813590705,6.272699933550384,215.72947368321343,3.194034976549421,130.742885372782,-3.5520361035029877,-20.507552756622225
14.225551087926199,13.271367999186054,345.68618407788966,7.617531317190264,114.3990348341292,6.226341597534538,16.540665668252576
31.425081948193426,5.882600496534169,309.2603715168517,4.948332142593576,167.00901912944042,-8.713235055800144,-2.7814977373254273
43.04553744928548,6.741838882524646,332.6078006208172,1.7762662768404447,103.82681162060389,-4.0791832962950405,16.475196753136522
31.306628236134735,5.010822724133904,167.04773512652977,1.7227066817396708,326.62111874965063,0.44296303671645765,-8.702836877500204
25.334136956977193,9.796563619907934,350.7290609968979,4.102938040262084,229.1100750152376,-10.635914043265906,15.86945341523489
34.75503868585605,2.0785806264399804,223.17130611248348,9.989098838009372,215.84454123236605,-19.356230684975706,-25.58919635958965
39.2859197881148,14.18233528988439,117.00731172809377,2.499407542233084,204.95021302385808,32.77632113915438,-24.63984378669116
28.87654175888391,1.364496605677092,133.3065283907877,7.429653748969925,318.06449297336303,-9.638070139851532,11.139342117156115
36.16464179436546,8.28086039178097,310.83777807273987,8.503090136737136,58.09653851983547,2.589365530755309,26.905691265264927
24.762572861629756,13.119752955360187,63.07595767066476,9.371408873259464,331.69884645881285,16.300228715111096,31.887531024050986
22.908968070939196,4.394728734882118,322.00043686568966,2.0700727088453053,166.02465156696326,-4.766845745977138,3.142983375374781
19.801878834864823,9.048734803906067,356.296798043535,7.96753556854113,350.2099034645128,-3.8964023980581626,33.91882615071604
30.008597565108314,1.6673594493814141,217.44244651224582,3.312592347866703,331.25609343645203,-6.447559287568909,3.9094965412569835
16.370663417835072,6.933183489968582,346.4906494702638,0.0688331386900376,11.636124592486699,-2.9335121203184564,12.438915325023865
37.074895026191086,13.005940711472277,358.3924380635866,8.621689705946713,25.33162088614242,9.138597056078433,57.16736697563914
26.683584439031726,3.900438720363047,257.7515679109314,1.2098197427239155,279.57475020372635,-11.672761055109296,-1.460657652659412
35.88357358849311,8.012562176000053,8.539245410767213,4.808075638693111,261.3714303189744,-9.639475980014563,19.480719488192065
21.718522850174423,5.975951048915207,296.0336728472575,7.687615159146969,130.81437635268713,0.9439994137880081,-5.054105655970472
38.66498497944769,7.673395495407453,233.86672972453005,4.285885377781355,44.66046480316133,-8.941824103464581,-4.144763891068804
15.839349581918235,3.937486494847433,297.0822928006374,7.535778566570471,40.24214401780005,2.448424947876087,13.558106082270434
16.758138646621852,6.19339581465762,122.34046467469656,9.129745903839817,286.3991157243606,-6.516736007783033,-1.3596405873389221
18.403399367483765,1.456885560977348,231.13280571801795,0.7406955553771566,323.71031206302223,-3.046375228037411,-0.614405738130587
29.663077221066494,3.670926662942086,93.59983923494401,2.9529206968243504,160.08194356440035,11.483519347825585,-7.394155602845687
41.494957938902424,10.493425085163313,204.56322833230814,5.944281297605086,274.076185602006,-29.93296521012163,-26.529757345300055
15.920958972507503,4.326456452824974,79.56775424526192,3.7085111859097655,130.5807246041978,12.740242182482014,-2.93494747072657
21.648731919128515,14.171878663730249,56.98888036869742,6.338945798929137,171.1025432997076,27.026409756110926,3.063465616291113
27.59449412622413,4.423194246862972,267.7439398308956,6.950825164359292,52.74941041083476,2.640042758030013,9.566311615115481
21.69331516598094,5.763400114026564,229.2344388518519,0.2800470479517536,76.19833566220798,-8.608012808388402,-7.773799298377079
22.118262692798183,8.763521613039082,93.39162208958152,7.211393677338328,268.3646058535853,3.2696148456556475,-1.537980327953556
49.84470084810792,6.087669485469273,222.64559689165233,1.704101262420662,123.91687536080589,-8.63897093273766,-17.30558555106482
16.235074277858562,12.789157088968375,113.1466444462647,3.7436258329435237,311.5471277638497,16.297203100523372,-4.6289335932579565
29.409831359498646,2.5368131552765805,189.08527354552515,1.7538735631107105,322.9680983480368,-3.567342657625093,-2.705439193727328
10.569303831084014,14.204223796511359,123.25211823684769,3.093082845690046,80.75159619772334,21.918141464833397,-10.703244233972532
21.132621946525937,11.670215397562288,284.1387287009724,6.499966621171102,128.3405269649959,-12.907565317672919,-2.4523154797012117
28.372868469181057,13.690537583675598,326.26872989827604,8.399771358538908,304.46853648724203,-34.939807776607026,38.81733885946382
41.32349753012818,7.861774999439865,82.21367528212093,2.0252998444110393,239.1278708861961,17.56314756124154,0.07510813577756004
25.939648934126502,1.4826003035934558,118.62542914353267,0.6719772719944683,199.1824131175594,2.4849755461159084,-3.0929282478294713
31.39015491205621,11.118868314221027,314.1416209086852,9.704372197234466,20.15092790713776,-11.727981600395504,42.63614952438293
32.66808644621038,3.7195791950105397,92.18594615919253,7.394357784292448,248.2916538199785,-8.137212546806357,-7.424537925456589
36.032288628078284,3.676305774041257,248.26948209298337,4.560660509573719,14.483805243491323,-6.164436997437985,8.279038629983075
34.36550833754639,8.279634819642814,32.88931062459768,1.9001416663331716,299.0492568186526,7.503719714289779,20.845128765251648
12.546757431668327,13.547003805549696,188.1207721605443,0.6086511319676069,81.93104958399097,-2.0968031944291408,-21.312637428361953
33.42709564020648,8.71905656277563,167.13766541613103,5.369336447241954,281.3085313021377,-8.677817034471348,-19.441688153524137
22.754333552722965,9.508585528253153,70.71329841157535,1.1640639187319624,30.019035126066875,20.58487058680679,8.935309532781716
17.895849674903126,8.13553250462292,77.39781957407114,4.872306682166529,204.9585369486875,11.238288796929476,-5.047034744237315
33.2685418217646,12.917086545935517,40.14860465521605,8.865174833136932,279.862511093511,-1.0562736025819106,29.668519752205427
17.791950580161075,12.086487967699679,221.1887814998291,4.562544375079698,0.17824419311581519,-15.132155928610265,-8.633494672256049
40.18241000389125,9.020312197962015,177.33785023693852,1.7653187609195253,182.62547354385757,0.9677016882043252,-30.8373597896791
30.568009401487018,14.271535461240966,107.8694162898657,8.672609666898104,89.64792074867503,55.558614079799256,-10.79919596516562
21.011533939195438,8.418964762582885,111.16944629946214,4.400438004096601,351.8024390368193,14.950296013514937,2.721993356886446
47.827880734855015,7.3137066148054535,114.91471738824387,9.743543901260788,169.38227846088745,26.318691047646503,-39.525534915123544
16.52523493134831,0.9833921224368142,155.5253702571349,3.0464097927933906,333.10632132240204,-1.7815212960743385,3.3441033886865075
27.727933330068502,9.568244630876062,193.89243406147332,1.8265567119118198,280.3650456602589,-9.734104404777803,-21.302661582038613
40.51410592550123,3.1982467294335732,180.64068131102752,3.200158608438113,190.9438271066191,-1.8488337134456463,-18.221047241785204
14.116684700473044,4.50092128599638,219.4296076573811,5.710084264866056,55.65515396412874,3.1484866874254323,-0.43270887800569735
16.25550901648523,11.495960734364388,282.89200590431557,8.523572844113644,219.64436261752746,-30.300416785237363,-7.278932122942016
16.285306312346833,14.350604733429806,353.2155869197776,6.534906297566715,283.9495076990671,-14.64529286704755,28.835996119211398
41.19019649221548,4.040747794738813,335.8236763971146,4.719816739434747,308.24551329313255,-15.537321352792796,19.1492084788729
22.144724837181307,2.1747979118934695,120.13997928511701,3.539335714968389,268.27701682988396,-3.520704954459529,-2.546378044795997
27.988315018420483,6.379468690226196,141.67519416339908,4.1712363813573505,274.40018786784583,-0.4847078073335087,-11.190571027200193
26.163244263919417,14.53019929030401,127.30030501250457,8.053707565362027,350.994873378279,23.78311453144504,-1.9648527691409257
40.68194397515276,0.2921943536251481,253.5620074927562,2.0860904203396,258.0021713088047,-6.683652231004439,-1.4869913443746916
21.79187561051599,5.602127800547963,115.86448635085972,7.909199698448653,117.24664778191251,25.44648905392267,-12.783549561533956
32.39889047712593,2.991782180682712,77.39274756848884,5.029434221990641,308.3052392201624,-2.639589832092004,9.690476471221764
14.27338304353562,3.647067229496458,117.1738933043606,4.796826984099608,259.6550325561947,-2.515005817905882,-4.310672474896882
28.794870362295313,14.566997581724983,16.559982011035498,6.594182356451675,247.60834772514858,-4.712860725788698,27.744371848136254
46.35549387529154,7.305620228854505,100.85134055684887,6.067048429408249,135.006826381043,35.24416938669925,-17.418157157488103
14.057596640620993,9.594429993185244,99.37663937838715,3.694488289812532,332.4981932515257,13.13739825653565,2.9013867023350444
14.441231629801052,2.0142710075732024,269.9374349909719,3.2454551739378834,279.08744680644304,-8.95507090793634,0.8757649471322299
26.55109519490918,2.276588813284481,54.15104696401204,2.9885562937027297,71.9979506899498,10.906107673073869,5.250907041231801
13.520206343609452,3.678400031608578,206.18394044615815,7.627871607295482,93.85888755621606,9.940663051072175,-6.332641189956671
31.241099183949824,4.371290768262385,7.866651196541783,7.721007151149651,24.48140646115776,9.58478775277676,28.6620768052926
41.43602839089969,10.671040349348438,113.02604544603858,8.534333285780967,325.8372583849212,14.615112337821703,8.39316293128783
27.833614870093225,13.268778273628595,66.29041042667751,4.683263989365271,165.8893284975988,31.65990285171397,1.8900652019724529
23.32048392265593,10.165032033410519,253.4617118034459,2.5535777660918892,269.1541008335743,-26.814934879067714,-6.391460823729233
10.925532323202471,1.787856553745295,147.88042212902855,3.9630798105943796,175.08871113743572,1.9250812741802348,-8.152899376065097
11.92124331941439,7.925960726322943,328.6735930761062,5.122616691401181,5.83245697362162,-5.612726134441756,18.499834046514962
27.48827665914728,0.4812602653862813,181.51616122058866,7.98278244786486,284.4495012907042,-18.330054124129596,3.5765835846310825
29.680378819300657,8.622232042299869,228.3745839011625,7.34433807995562,203.5104500738655,-23.061259134062464,-30.65523987387143
48.96910147615988,11.708823156990288,191.4344773960159,7.985909768454756,304.667763013653,-28.087452765312765,-21.908849573322122
13.509210221149095,13.83745321651326,219.61133386241374,9.9294972561961,270.6866457038379,-31.11895118692786,-17.493857606828968
40.684611405120236,6.46420093079162,99.67136835796725,4.512885875206871,316.9946113077244,9.487471802942933,6.377118028637461
39.55746357208648,9.756655469212244,26.289283226449577,6.478398634137493,122.33149888706912,27.817127288185,15.00222273202122
31.10855870876101,10.388792500584417,295.2750696350733,4.323971710309161,7.734070304988179,-22.19282042293821,21.960944824252266
32.98951366359406,0.09530934956182624,298.16015139506084,0.1887165016336667,81.08277705355248,0.26558369768969414,0.19251415631099156
27.085985884217894,3.8827942522884857,80.24039514642602,6.745383126123162,117.58294039704751,23.04168973759094,-5.792874779564456
28.31013281751057,9.981028050221303,277.17401814273677,5.744384149116019,127.67231197333088,-12.867680901223931,-5.439555831623778
45.2124696120335,13.00864684323103,54.93772169936486,7.729920010885879,74.21190165768115,54.91084105119181,29.073841090657925
17.263468832044747,0.39336735756196506,216.69172868146077,8.446983176429017,280.6067583399748,-16.01714837770396,2.3251526419162842
31.6030500377773,14.319908924691402,117.88597727865111,3.153362492357604,82.83738789662817,40.069379697333375,-16.002623270856315
18.35229015401048,4.5439426038364585,152.74210987062233,2.710779401136848,337.06881591048966,1.9825127552760606,-2.9842510964801843
18.689432374341884,5.330171476374914,49.43237957320756,8.988796319394307,158.27073845505438,14.399567563579275,-9.532826723935235
43.366289719347265,5.626709128777372,159.8228865289077,7.439423788650937,266.36859532512995,-16.30536776338731,-17.10490372940301
25.216662600402323,6.70218580646964,143.70415234200345,2.056322676761726,136.9817597603663,12.176461116594185,-15.656760179004536
42.57997665543834,1.3927772606809192,63.03484218130406,9.132832108311618,260.82660247339777,-22.90683585480962,-2.42905056791477
14.86815010395139,11.349095353071165,43.32899703570064,4.89108426426664,217.74542755648883,8.345678181165134,7.639781187455043
39.98730361323284,4.753193715415283,68.75321176437944,9.851521036832851,287.9248367435311,-14.114068681730442,13.575158261406802
24.394339167469425,3.8292680504249694,40.31724915029749,4.569537491809238,2.612013942081375,5.9897359839699105,16.69122230269179
42.13646692634045,6.004625219281995,308.6975064577443,3.546810996561679,340.46344214374886,-17.211868480950173,20.800300476145424
43.461385388763425,6.512233273603832,305.2109366262008,3.0069443754374103,359.89436307875076,-15.85459264183158,20.127770336992974
13.378058865795325,9.65372932815955,140.28703596695553,4.71361458419636,342.4712919229597,7.842134184846601,-4.841249846962902
20.988645174988836,9.710394244342803,116.37753558406992,1.4073581879895036,89.63932382947962,20.906611658087808,-8.905892331014954
32.583169939897644,1.9192245437154931,56.072993356580504,6.950702106193654,274.423622593557,-13.756778921829394,4.142603270603908
12.447258411706827,12.035704092289388,311.8842219289073,6.60952190258239,133.81345407903052,-6.676463917712348,5.511022943219573
26.595054812208026,2.3622404134913326,62.07119601122653,9.36291586746273,347.5080678947045,0.14411756572432477,23.861968689736088
39.678666832869524,12.154795117899903,65.38128920960784,8.790774116289205,39.380967342558804,47.29164894388994,33.72699534962839
16.494948574894703,7.463330872812519,110.18333424117823,6.253124875812539,327.2331069626882,6.639704398403925,4.920290579332638
20.607253796432484,4.816091026568209,281.976803610465,3.315820472575491,319.97536219195155,-14.027567238148364,7.25299771733653
11.368910889312872,13.080422931649625,328.88769616749545,0.46499450053832825,135.73323752359167,-9.795850023174621,16.542675326033518
33.940299070633266,7.878069002524789,56.94212821156894,0.1493846139808297,322.9879301799229,17.132027374274514,11.618025079564346
13.684955960477252,14.822872623763129,40.46781233506606,4.756893699201443,354.01276342144354,15.240380581424525,26.738224265515548
44.245617061300095,8.050908011244516,48.38594249255687,6.032710955249154,229.26788538887934,4.3481740077231485,4.2354237047055765
22.45723529942139,7.042304713228603,325.0378621553643,1.281986111616824,236.29473801251496,-10.916841310454995,10.826994357443272
24.62330906298916,9.20414358397185,257.8735053144647,4.777898452639706,269.5388098000896,-30.866887989789998,-4.418308062098087
44.07873885966525,2.944306447263767,78.95200658816286,1.2980761234050597,339.22408678631774,7.282410288156688,5.3296640763528265
19.02207364416418,1.2328347649259759,34.12410839063304,4.038385322861356,319.2904524609837,-3.8250088947249106,8.038184889687939
14.209128394657014,3.3933510538940173,66.46563219138157,6.593693591736863,118.30527317349437,15.175883626249746,-3.015235520218654
48.95826979343568,10.025345451099946,187.17009325389242,5.771671085629084,318.0898223520913,-16.133348509718786,-17.85555805011977
40.39574471102122,1.9756064557966602,151.92754279760604,6.6120182831005,208.57268143525508,-6.4072235772300035,-21.66662482300309
47.38497640214813,0.513379694663279,326.16523092923836,3.8503001356035638,17.28663538329411,2.667641381936756,12.75214578287724
17.91584610328991,2.732587048521831,51.46360776176329,0.34114039207839064,286.11799810542584,3.458706448782371,3.4346379954416757
16.475408195484754,4.837985673365649,205.95122376888614,4.838448603278431,123.80463710121342,3.4882852916529976,-12.906252049125357
35.14851685450251,12.254842330230002,207.79253323403347,4.5210411394163055,77.34102877340982,-3.487853748114043,-26.368567422752232
34.8525024243607,8.18819140343327,42.41488626737709,2.7930519473150737,276.66397918177194,7.32699361763096,16.978110021647584
46.95542524378012,5.058818868922334,321.30966385509805,2.552844236864372,290.5158596777141,-17.181889602478563,14.98520277976021
29.49420594334834,8.233511796927004,238.76930530921538,6.680126850024937,123.25500842017647,-3.565902850544701,-19.45080592549992
30.762916881699365,0.9467665607431075,131.55200804431158,6.422926934466807,347.3112779527512,-1.758817518126911,14.119688031228396
15.049126772458408,3.4068758385354148,164.67603786906645,1.1113696634976367,198.16731703706327,0.9701083145937471,-7.604976256111279
21.82853732296802,13.099601084100929,110.53094597848755,4.361641075707863,354.35221179006624,24.973679756436272,-0.5352709352123846
13.318689753500387,13.004512373918269,181.70053978070956,3.975580991806582,338.84989916402645,-2.999630350352037,-15.309956682993192
49.94179174628991,2.923169747930961,302.4046138301996,2.218570916050029,6.018925842074743,-7.132784060430282,12.038775862687665
39.33649293917292,5.309047459688934,216.3370677886722,1.5177119197609268,309.5734312459987,-12.221526396809969,-9.3730131108188
31.001808955369953,12.003899835030316,130.5562141105875,2.3042354504536644,340.9788599534552,21.04057815546427,-14.145156287353707
31.234802951441246,5.6170818014535815,36.04970637666347,1.6563551600953441,228.3525436313353,5.2182313111125715,8.682602185506155
34.72737050838992,12.648581891951956,270.3975052966993,1.520510803224262,339.18911564236106,-35.09227849802628,4.015351833611159
34.386622138028066,12.874427944667204,100.23169679647967,9.590567646112023,341.60367894406784,25.532213134741486,18.040584322588437
21.859857258132813,13.514349295394334,349.9231913064054,8.937444945912498,168.4814929656063,-1.2242409572512152,9.602089759530536
15.444795108302722,14.072149951010182,0.12730052287409865,2.5132924101010747,200.07265627774044,-1.4751714253429438,20.78181766250013
22.46421402953708,13.845782287433053,220.72221617277393,9.592757528037936,21.32000172034681,-11.867024803691915,-3.3324817933390456
26.415021163315554,2.1568735108821224,296.07885046073096,7.645929304666445,290.5157794916915,-21.113730351571192,8.418809034128731
48.036424511178325,3.636945939574941,283.07262582629534,6.46084624670515,140.7598791488253,1.7032188166870146,-13.085136323423608
17.734851911238817,12.514935398519858,25.391389738543474,9.633573438901461,99.43843372582286,28.274323893402016,18.494285190687485
45.705540001821674,1.8520713291293704,266.27579458754286,9.44341105761508,54.66463263406745,17.874576792668343,16.30498347982128
27.735254210951457,10.083571032673525,273.8104542932585,0.10769036686097078,42.225124742264285,-23.752785243067684,1.7831023980190095
22.44642362720995,1.539183158985304,226.27646487534594,4.711093323840288,237.75171635879514,-10.902970653855483,-7.653334749575736
21.952888614606966,1.8729673930920065,267.44822308132683,4.543674301630006,25.344983912122782,0.15631768965807025,8.51079500335524
49.15971838064499,13.657592466474341,122.89578851375556,2.7210278771436136,355.66538672707816,35.65361077876706,-14.89314557214713
25.260068427913616,13.36675121509869,40.62152613463551,4.665256844901336,210.59228674057246,14.360961485446214,13.910586576392125
45.04969290189763,10.371553845573901,286.0040209846905,7.584595329396943,80.86802920864635,-7.51922331738653,12.313965277601122
14.122006621531531,14.964079603376906,217.19378460574444,5.990469818196078,130.51777725566424,-7.62198206705639,-26.830071976797317
44.77445150910777,9.973659160867161,301.2152821762536,9.63244419041852,151.80268243249435,-12.019722704014397,-10.032024002184468
35.52239629780951,12.97750865332174,100.873283320941,7.240523676011162,99.31162898021404,53.52521714789954,-9.740723641355437
20.066832196791594,7.617353274914957,151.07232928359696,8.362962473276932,353.9111799627398,5.658338375536818,3.3350202934449165
13.323734406508834,1.5169647387894547,290.1569361597117,2.4274421919721445,178.19138973727618,-2.2207693907336976,-3.1372265305103246
33.64337755255909,9.98442731042439,37.42756336203897,7.809219272901179,255.0704718800657,-3.8695048142318313,15.49633601040113
32.42683041293639,12.5611803940259,135.29604240049434,5.1896678559775244,333.0875131511728,16.679486156367687,-11.056720789137259
25.303488982349997,9.024934631712474,212.5234924387487,7.935999679764939,343.4657320044012,-16.150415540293174,-0.003906858755488685
33.025020985279546,1.7621004544268843,275.05104277954365,3.607008276888881,242.13938188068497,-12.829069861051423,-3.971309756203714
46.151584268750476,6.327439898470439,141.74823596018578,7.443097758283087,125.02960319036133,30.711830254744484,-28.346862545430994
41.52545405633601,12.78349550002176,206.40417211374682,5.227653908526616,338.4709204996331,-22.12259816905547,-19.16568673107857
42.526426853305274,9.421775237961075,279.94707789605144,6.6906836560429115,9.23060564528576,-24.1651336672364,24.23770038774575
32.67719989440968,0.3621663485304938,340.54191290159827,0.9880420038310311,331.44108942428085,-1.5305578467016598,3.1213217756124574
42.07580984484392,10.93586051351836,305.7948300297564,2.5351422547242732,294.6126357159332,-32.73006840499136,21.825930075985745
23.76198898326708,14.603693444161332,89.53238978674777,4.460069893576934,17.20768061894522,35.045916620402295,9.639575318295401
28.328182905645495,14.864635352210028,94.74253115579492,7.936410245343454,75.37716657707091,54.05536751249589,1.8615270907336368
40.83235617383805,8.209165742429374,115.87721427272047,4.013208728530939,125.47409118077576,30.740305514462985,-17.05712408324404
42.618778101223114,12.670797687005594,308.3926894664243,3.3376326674077426,221.90498168591046,-35.8444947691096,15.8736524202516
39.59437304888834,12.54353474444564,81.92553247475838,8.286831103700038,36.46734035835915,49.27890295626435,23.939983185273267
38.87762668443694,9.591776066206238,112.65276420003102,4.971926930507645,67.02917242320783,37.80856294699473,-4.937740050860032
25.307855368301006,3.970205879506765,254.66259103088547,3.5059390468151297,290.1230999648338,-16.1745630083695,0.3544566229042285
45.831209230859045,11.321562695415768,345.3510005822446,3.227597774261782,40.133016916545536,-2.392809981263847,41.025356066865626
33.27387342170702,13.63245489144168,252.0821883621125,5.6048529070767525,272.43740798213815,-48.36916113790088,-10.302792555401656
31.53017436799648,5.969568485595767,250.4289912234003,1.9861961225691194,32.59519827514589,-11.5479746611044,-0.8272702365118558
33.91877529463091,13.153995759396647,145.66935231384016,2.6337004561547515,257.7197161500083,12.740711398016982,-30.037883638721738
31.31311009937514,5.951351091232032,331.65299727534097,1.0362602654851583,344.18698508338366,-7.853162048643297,15.752996402240722
42.58292343511118,13.311766549775813,105.80841318392164,5.701067818011736,29.596176420011084,46.035110348545075,3.9212034858275064
49.97755563998963,6.638040821194727,14.678223196605513,5.479872163758561,240.3076779645966,-9.826171811932848,11.83285249668389
20.95153183530545,7.417393910639203,299.9692673253154,9.832622946722445,88.32662578708633,7.032722883657042,8.251260810527057
19.03330607424852,9.718425774372218,77.74851450574108,0.12418354278751709,87.72487243453094,18.9524760682657,4.0721334614956906
10.830958145121139,9.183307716616238,301.65505914406447,4.145258408510859,198.44141542475023,-13.564549741043699,1.3181392446484717
32.723428068232266,6.1848534851586106,305.2457191548176,5.8089561313105245,225.81183915707817,-23.805201857000462,-1.2391782288688606
45.544165641767584,14.686966246415352,268.84540091557216,7.067459285020629,353.4898290859819,-47.186330904673234,20.495095350243197
42.137043417014276,3.9533601065704254,133.2822606803866,9.000528598241942,337.29198190938,-1.748425640872611,16.39134166212959
22.8061889232305,5.356112578180481,344.9127934094642,1.3449280203627456,309.58009196729387,-5.241332219706518,12.99901400787799
49.45023170186126,3.703430346648067,193.77915299255437,1.2876467478738274,353.1639689973935,-3.287394362931695,-7.361137170886364
41.36874436900145,7.61180751491568,171.26557553358052,3.13484781271276,290.6112845053207,-5.164416273941259,-18.64449474442761
34.163663455195554,10.801593700238627,258.32323292472967,6.449659614003673,199.4662172763639,-33.5894381373999,-21.81810644559926
49.40308339117878,6.979296535529207,206.73329518125075,0.5320145532666787,222.7701386633034,-11.110346603676813,-21.02162530505129
29.885317859370385,6.5427637545009425,343.1390440351061,1.7134118096616247,201.58514262325002,-6.240188352565866,11.52293740031714
32.35984165974783,0.8631864818753632,125.13711639929949,8.675771482758895,53.23684411465865,19.665128428956947,12.061095281917497
37.280280397657236,0.9811913916544135,258.7927658810655,5.697536263764803,341.04640575312385,-7.755289767500166,14.330126907501352
39.110420056455425,10.704182825729829,176.69153388663236,7.042178196040182,339.389334976736,-5.255579742339688,-11.563002264360819
49.44826376326263,3.228062092714103,162.76022040499075,5.383957005829063,242.88034371791767,-12.177488994865191,-17.58146530590502
23.2213298179401,8.547860473217405,315.3487314497215,9.462677866752594,51.9239046861834,3.136665584940257,25.928507550913555
31.5845045388277,10.219825944327464,113.205093373241,0.06775341711107719,219.4539965619857,23.726228603951302,-10.351161233533775
38.484548555155484,5.375242708710694,43.08601795780306,9.773538490460322,220.98616557498534,-7.670536295297232,-9.669387147848804
31.190879170212575,10.955705139175864,263.72028134810046,2.4879953250126494,216.5491688143038,-31.197527458004746,-8.062101652152926
40.35284012245839,2.690112237156116,65.24571337264418,6.494070137204689,178.19101827085137,7.594917492450603,-15.386485987819214
14.780003825363547,1.3365858898492256,340.6129701828949,5.740028895506903,341.6507605219416,-3.906901759743024,11.645927748772841
25.498045624766927,6.113612806196217,250.70941992690206,1.3850950335909085,123.58632136789154,-10.525615562483027,-6.35186791655198
13.834531996010355,5.327354279616208,254.61466249026296,8.790645320118527,179.88545650738786,-8.596792992353851,-17.136977959502193
17.3826552213745,6.021416321464697,81.59047369980992,9.85636023038814,227.8826373023139,-2.5498749951939743,-10.785994685627742
23.588806823410835,11.277230802256003,188.59221855399323,0.20400761658707633,218.21739362123844,-3.971561185948637,-24.804608917715445
49.28040491256964,0.8871930110503079,134.3329134164491,1.685131117830343,346.89591224973157,0.8004981194022589,3.237071652348252
31.164838675432943,0.0699153907812744,138.51126723181454,0.27653558552549473,325.85221651575205,-0.27452551941721054,0.4448601654900971
32.53458809102655,12.890379362112569,344.05621247039335,1.8848209557296147,223.51406290644772,-12.461759339500725,28.401099963748145
17.271468202833532,3.2756078588710387,124.28926642915367,8.72097094976761,328.5412667369963,-3.4621491868198273,10.49658238837088
33.988732211043924,8.609775175555976,320.9172359008426,7.063675660339969,316.6819000088729,-27.0450050321616,31.12110684921238
17.099680455723025,2.2327463121371123,294.8383617418879,0.30341667101402625,13.958741252910286,-3.646538328187647,2.3009453707933916
31.503593888352373,14.370470545476019,338.65344407634365,8.072048346269723,112.19952536085025,5.683780704789228,26.19140283645744
21.657237740688,5.235810318928069,64.95003351895717,5.184888479663826,324.08301678225223,3.575951257117448,13.481670815070656
29.906041977751162,9.052550549274601,359.0430860277189,9.199991400345912,337.61457445979227,-9.024663904862416,43.354570430552556
47.14425881459951,8.21970650908762,139.9845040013086,4.479355807901255,41.89738601992896,25.65922283506324,-9.179983481561854
32.1784737901281,5.075159137646351,131.64966382754812,2.394513559370268,294.3307806303839,4.124831804494168,-6.111993795265015
17.533607421533453,6.064270404158948,128.99570629823734,9.166105015750649,331.6048733364971,0.6696260253706203,8.03026170300971
42.43629450905364,13.645020946077258,254.7494765494775,8.390622034008295,35.560933241238395,-24.368607035646257,9.519920475307813
30.793752101347884,9.952688998148306,115.39910292828179,5.273374882563702,207.03124532695205,16.522073986141756,-22.465769818555792
31.27702728559757,5.91277373100707,196.69720345401362,2.0093208761931622,115.31391120531589,0.2968660481175469,-16.47079981326327
27.916182805157487,2.970622736173772,339.92902089269563,4.263191998320675,156.6499767880447,1.5989506193350729,-2.681071414223756
13.29555555893938,0.3575122532888575,37.55466070581388,5.612529924817718,219.4787649808162,-5.516230403475513,-6.665694094253928
22.23590329218346,14.884310378099972,277.4666778995828,7.708427360955804,251.60459533215757,-46.99613154393414,-1.0610900656197666
31.10200519301212,0.6244881288795429,340.8407478936575,3.071198306388596,211.48914925177763,-4.555650201785436,-5.109328535723418
46.01105379202214,8.141805474462966,230.73567414965706,7.392570528980793,192.34516747345563,-24.147340653567305,-37.90023142969238
11.888301958670674,4.544188833039409,67.76604389127803,9.641871119869029,18.876691881929347,11.4049600077837,16.880328332691274
43.015770221997904,13.105578061245835,265.8744313047449,5.23984438547647,64.18444233498282,-24.741476213959203,3.9652167592260397
24.832956993917637,10.487746713093001,327.8383564741726,0.9865073455299245,341.9871484253849,-13.247892771901338,22.08786839839533
45.694243079890946,10.686158685420883,26.266853340360864,2.0360823344644308,74.42529891142486,20.420679887718084,30.916862782597576
35.61684567124159,0.2338906428106735,331.9510818819399,2.0602983907104058,248.18022729366396,-5.450474642841896,-1.5073248477178454
46.972489443552995,0.07108176921260978,86.53945861349928,8.136377477291598,299.2694538762439,-21.744572754894563,12.323585427324787
49.37607859881453,14.80628241485906,297.56599606732914,3.7178377745735416,301.60343188572784,-51.69052356277044,27.920984512196274
11.790271447875792,2.125041290978152,88.62233865138103,6.6853280557830095,317.5001243649721,-3.7087070872439676,7.72103253592207
26.913624012588176,8.558095996473627,310.94761643373675,6.261904113720301,73.75546111537665,-1.0590136062073672,17.241215890372438
45.14724184672127,11.04950352539154,98.14137717569785,6.902812571095481,149.71945298075505,43.74461318718233,-22.832338452973573
26.545594148973155,4.171300252076339,324.3872894959058,8.167246414663294,175.75793691898267,-4.245204907808437,-11.058866142258609
34.00518507076195,9.398056457846216,142.36865054851592,6.960017663771406,161.6861534595472,20.86726777555076,-36.99471733483212
36.51852121636253,3.344618872239182,229.53493983430366,1.1527840166482195,324.798170662138,-8.756360382891257,-3.352430594150437
29.541472216397615,2.750378422842141,117.85628333875553,9.435031245655786,92.33969885046923,29.103060203387624,-4.099137951470283
37.236224029965214,13.959289792368475,143.35363345243363,5.362600854518932,102.49373725043917,37.38220332328768,-34.05542807875473
32.804333347528924,1.6273807839664756,42.984253929303925,8.228774807274315,318.24956113670316,-11.301001844688116,18.955092508615643
48.00836297467442,8.321249803131925,179.2681973597686,1.2711502997745239,358.401046789067,0.22152978512263966,-22.05580272189502
28.758279525881942,1.6401584198407781,82.31222848364152,8.330947338645448,66.41219817175632,22.422643205079154,8.603319956401476
40.50165644097828,12.096136704169254,87.03066436157752,6.153208268501006,157.71908213052657,41.41593292972603,-14.560753927910564
15.710348320610468,8.9550221453376,14.77868645366752,9.336155914039857,276.0444652350451,-12.527612824002468,17.255791500568737
17.558776965304972,3.156470364880952,114.45167195612817,5.688013509974713,341.4921895785316,2.0203085469225863,7.733264375991606
23.653899687375887,14.256215980366115,331.8623189865831,3.5011721746649904,72.23374727787532,-7.442054752695938,29.952750287797365
35.765406804212375,5.869677966091895,55.115106261191244,2.9180559892650395,22.91377694222938,16.069607646870708,16.32288420926974
17.35852647638727,2.9150863739723665,236.88439801056077,4.388715924718206,313.6814325942917,-10.563867159741331,2.706041159017206
12.775315297669856,3.686641819960629,190.28037684865555,5.56853131660059,51.6108420265049,5.9821633633760705,-0.27339183184068716
48.5670615188937,0.8506969114429275,246.51461827343167,4.0992416827415905,192.33855580006727,-5.211469212451734,-13.667797237573152
34.74344900860859,2.548728628912496,335.8082028910238,3.703721466543527,51.65513161232367,4.951199418593146,12.302941632749612
14.151703919266643,3.504929468695254,137.2368201705183,5.62711656528842,292.93418362371483,-4.760376181652818,-0.6462454554684705
40.74781732766473,1.7946313906836886,80.82650657283848,6.282865929245593,202.9099529714116,-1.9430465554886167,-15.85573096322347
12.956960505185528,9.732939432263194,327.8921247386497,9.372109366319467,232.124455116538,-20.431645806768692,4.047445400877155
21.298738028290863,9.24073637128999,161.88163494830417,7.480694073264974,245.83722216339737,-8.234345669323268,-24.68189862477595
34.50434006751844,5.177193803354847,355.6718926818007,4.5498428105659094,330.99354806160653,-6.887853331601229,24.245873404683362
16.125516728825325,8.046820150253657,129.64865297512964,1.44407401136037,229.3535571035167,9.247398499981287,-11.015256002691968
16.974126387548353,14.510550095340434,359.69057301130846,8.819374901079883,132.50811447502676,11.948683477303064,15.907353762721133
10.83748502485054,12.081757184102125,51.83415871351777,4.599320695576924,255.84689733929787,7.490531188007857,9.42575748404961
31.65994103303064,3.4047841639246075,144.8031416908556,8.4013534804061,127.0588942983473,22.019071964305226,-19.931644629991723
47.67524373703967,6.31710982512181,150.38122539080194,7.334492910825595,159.80143981318687,17.628732166889694,-38.58121430889495
25.53771420226012,5.453403927885144,117.36395448099397,3.988830606126388,260.39077573103634,2.0771614644744645,-7.238805154494158
18.236603214146825,3.254389656252026,68.74742719992378,1.9460193774107837,314.4982089292291,3.171934209830309,4.904555454696643
36.37303912166529,9.28314376958626,324.1275585205505,5.4820551620750635,275.0315687443926,-29.68413108332242,21.79371895840894
26.328323595171163,9.66000072362635,76.86492578252135,1.4133148990744682,39.11406543417521,23.860638613229238,7.626481617798024
36.08949764142031,4.504804116265034,299.8396422271715,7.745776613809982,224.49459246070998,-25.324316859450988,-8.907105029070049
12.035428345027487,3.2576720793936187,198.60950649062448,1.5671934678890898,138.3445803624683,0.0032218416242975056,-6.670307366043508
30.700034329826774,2.704728500157514,159.47292304471688,6.939696088914072,138.94944164351705,13.774533925145382,-19.429939538466673
36.679741493565075,4.099799728054466,268.54981187751036,5.6336400485962645,56.108045807821526,1.5804478940697866,8.306949412403673
26.07505934687529,11.72788368174845,71.2115098107306,4.112897315359911,168.68871486523335,27.459474674865994,-0.5896565879358651
44.721203964491394,1.9583262610383616,335.25088858013294,3.16214603262827,335.88727827982115,-6.376268836429637,14.085077406057941
34.49299589711073,11.029764335016043,315.32996544769844,6.761894084294483,283.3064122760985,-38.01277335730323,24.928054511025444
13.43000233813109,0.13003024311793399,310.4097368792217,0.5275270589820014,306.93633312270725,-0.8615396958462712,0.6640256593847783
22.531755248177838,13.527056353915075,73.08254530795179,1.5060293643144207,76.68426804782644,30.878628201577964,9.179974434840657
43.62714054167959,5.444100941333735,327.32841784939177,5.83448521081471,298.17162335501706,-24.103865284599426,21.882324129549843
29.00349329072856,10.554048252316338,104.30677763496766,1.0149948896717964,202.27952016541704,23.93235730505805,-8.625810139391257
46.0326823236231,2.280253413683556,149.46691306411154,5.323051803576312,222.5840013286826,-7.485592474346819,-18.02347566550986
16.331216860313432,8.284818116055707,169.04436358772617,9.833030200096562,248.3869363760806,-13.80776883872446,-21.450520631328963
46.14606447499686,14.641870906207014,238.99287238973866,1.4664629034090648,160.1653998713554,-36.966428444696966,-27.366375892024806
40.22694052439283,2.0339811086913717,137.14169152239495,3.7936975417196783,61.36486467845525,13.49748002213468,0.9366516940322462
10.798164780788234,10.321822463099627,294.46261354132236,9.30942181057755,210.56083355760342,-20.963133834032785,-5.552107072992844
17.273346617023172,13.409820648266747,349.30681449946854,9.466040780526528,204.04188218547682,-11.906372593968776,8.50490983084898
45.42415450208683,14.817229481601398,319.1366539388041,0.6888999176945887,48.57962418087717,-27.929119481499615,35.48810401148547
22.00418164651786,5.9042362775762385,53.81495952568837,9.92896802239335,284.748313916841,-10.243765389153983,12.736767418168117
36.756154655555434,14.42362665767477,115.45149017308506,7.114081814347346,341.55423881983614,29.490126024921416,1.5058116421068384
13.322907791945887,9.042188374352184,287.75436087034615,0.15955534740255684,320.77717134741084,-14.358830630798048,4.747976080884245
26.709546444327174,2.5359023770558804,306.4510173423415,1.9202314699756196,100.88850254962666,-0.3596684106606993,2.669421932683549
30.81726428993936,13.738875838754065,176.2592580518448,9.058166531241083,18.723985208465447,9.535211462942321,-12.860723720250903
19.55215713397112,4.5995417903862945,161.61518453520097,4.3294967217384155,14.564065770962484,5.06999123861924,-0.34820077022281737
39.99990492913028,11.396475954729324,164.91150854071816,0.8024418602078298,198.45868089269524,7.746192617619663,-33.596365552499215
15.22599425078631,14.673729940490254,224.70107588055757,7.346412656728372,6.916377164242902,-16.626676812483147,-5.526861633171546
25.226844608677148,13.568022303669263,136.80609598623937,0.3598315786785089,241.88541037814414,20.34142440585281,-22.817205538831253
37.87424366925417,5.034523684545668,289.13257110513985,8.536266609553476,282.28332752604126,-36.394320489479846,9.631624187759106
26.287801476502572,5.131930313893421,339.4462520230269,7.191171069561536,198.85775379423228,-9.552013823925986,-4.629906306014492
29.55321677972112,4.00008794851297,328.80864621665114,9.187761148200028,30.526308789633646,6.370058521938294,27.825840897599143
36.64890376130989,4.779208845810495,183.1648615188516,1.1352527158712933,291.8718296756543,-3.6010262361244263,-11.887776047231494
42.249066162724304,1.6057441282601304,26.789265750040094,3.7338829088925696,55.44220600938178,11.148933871894544,10.422894325198587
42.05828226713697,11.683150167098686,310.92854371032234,0.09645243906282741,4.841000327030303,-25.823532652692755,22.693668738676465
42.2794498029753,13.052393932891423,222.28584070010334,1.562437905576446,225.40549626672237,-29.049934803310336,-31.57028270690215
44.853975167605206,6.9114449580389525,314.4245168501453,7.861316328118598,38.099785600032384,-0.25787990467905075,33.33699813068065
14.879135804225925,10.562214457100064,71.82767160595043,7.460640812409068,29.216015836648104,23.82095314862316,17.078330056101763
13.668155288176056,14.270878816945768,1.3828086545241636,7.915927297294214,83.90726890920739,13.714336884642996,25.21801409227673
11.999945258193963,1.1911793485545679,115.34578252704905,5.293334811377419,171.37587945400426,2.9253134415335955,-8.983375977183444
17.891990157436616,14.8189436825328,217.96481709374956,1.8606488011189137,103.70285796644764,-13.95865125153539,-23.155297745490966
37.04637336486937,12.975123397361367,22.055883700444383,1.8492784729290301,2.272820984132493,13.591755312437785,38.127323382278895
17.034036509451376,2.965807497120826,51.80139777171308,5.419984353738582,350.1805379104943,2.6208824263922477,13.370180915777215
37.998680807355136,10.54302142132072,27.28071352654295,1.8704805410367475,115.70596063333038,18.14108144350482,23.822556342574288
49.67921651235686,2.4363536456228756,228.70689288507805,5.923082031065188,216.55942729429538,-17.053911494628014,-20.25795718448299
30.26617814320176,4.281045222832808,153.54839064435603,8.244685705360698,264.75953554121736,-15.657593983005667,-11.391582665925027
31.222033800775723,9.822632509159602,348.53005532973384,2.5166817219144946,271.54695375304743,-11.275210305419392,24.45864167907811
12.586133498436084,0.9417446509662686,123.92037097342046,7.32914180013567,223.14433985973926,-6.776665388878319,-9.407957079000369
42.708140441803565,1.1992741756925374,275.1961708330384,7.161097112739981,4.319619773181933,-1.932669436296616,21.391242901739012
39.77074792221222,1.323475277244826,211.72990439607946,9.163333841746796,130.13272323688378,17.967161000380887,-20.023518598762358
37.24323260948266,10.17293326101781,23.716372586134117,2.6243730431161016,302.30106349932424,5.162179711940842,29.52870833186568
28.031478034887467,11.13288970414162,172.96157072007372,4.996949307638941,274.82849252277225,-8.642062628877213,-25.408015168183248
22.538986964797047,14.986461409736725,68.50261838823695,5.872291264724206,15.371814137036047,33.22729253276409,23.910220250897748
24.115798595467922,6.974172243473081,166.19047877767974,9.234460204560431,304.7333781441802,-13.136144063446888,-3.35077055444831
48.89104259110739,6.954357870148382,323.67224549637234,4.521764081171515,51.149840545872664,-1.8888763645014137,26.643680934298402
40.02208333777313,6.293957451317546,8.81273533709519,1.3943202635843532,114.02045948300245,6.39233611061578,16.145014126629775
49.59048535533264,9.482895562356402,143.79057088237715,0.139501648722683,284.89503841300103,17.383469103523794,-24.214770940422458
36.470882864404416,2.5916992296694197,213.45737889837812,1.8390961898113622,34.14463345632082,-1.0814267168639637,-1.745605466972874
25.65166576870925,2.2484974120806984,121.43347852820408,0.21680671701747367,141.20348317171542,4.698027814208186,-3.0680055856066613
22.14088524275367,14.327936416918186,197.7583084997613,2.2773929081817013,175.1525176946595,-8.875760491185753,-33.81196699773329
38.94916817520168,6.492843639303843,341.0391207529228,1.5982064967857401,348.8759690499612,-6.813797377133349,21.722617557554905
12.39041666786951,14.421591249035094,24.08618854777599,3.232825004013188,171.6120903105613,10.103886677413527,15.842300987744284
21.572874230586827,3.527286296944621,339.60167570355065,8.036220462352324,149.88434893326814,5.877819585329107,-7.644930712739615
10.518703745858883,4.620115157012858,57.09686280704276,6.304590352670246,246.2607245344882,-2.7708560564422324,-0.04148927094529453
27.159897271283494,1.827710822125802,46.59410797558141,2.8189712271911826,260.91243009572986,-3.4255547641057427,1.9076639564716973
42.28497138277128,12.96146304847302,133.04431441067132,9.704307054990757,22.724997150715588,38.81968080484519,0.3051583758866627
27.883128336074506,6.2550086803112,75.40415599977692,3.2620061701746117,84.03780585268589,22.167546999633643,4.566044648879723
44.87495121435942,4.688055623382861,329.6656480778932,9.725278725936091,283.25020984553754,-35.794485294377786,18.98090757825161
32.19982991837183,8.658296964371727,119.18185928015883,1.9437777177882054,45.767825153250996,22.936790954823774,-7.342461673578287
22.873310083626244,9.490225975097152,349.60884577108254,2.2892670115906655,213.42052176132322,-6.419226143385858,16.031483294019772
19.480715040362444,12.294854773107811,175.891651233936,4.69752541859128,6.983024722677569,2.89355523743603,-15.14710870441299
30.43841865084414,1.4337398913662884,270.0692362592218,6.236069971446315,29.270760644412043,4.0238989511965,13.55551731280924
29.637619096842187,9.03899664809151,320.7278062475617,9.582727456675977,95.7626350528982,9.371729329594094,14.835556357481945
27.979396995775836,11.661498270166856,284.8613685159418,2.762103655331404,51.51000925124945,-21.756680570729127,11.249236726966323
43.91091131501176,0.8853187941476992,88.7708219915628,6.330698207248242,117.79717600510087,19.404174361973844,-8.77649413856544
42.993471211389455,7.23829681745297,52.60327072535706,2.727575671424539,115.2128411419032,24.330867497683244,9.575039352818175
49.41138276880034,9.071565369130688,193.07166033998874,8.241364420259638,232.5029679220186,-27.26475494522111,-43.96871224762664
48.309027827891455,8.963807814391116,43.33047052042963,7.3341991797509,264.77815716354405,-3.617671313620864,18.36798514761134
17.797723270506317,11.982727479651114,101.68425298751538,7.907093046308226,152.2768772559806,29.35920648002962,-17.955435820508914
42.74346138617426,0.16371022516977085,93.95563657228954,1.4405960065203438,9.102130013522824,1.1548639513186774,4.165742029249273
36.0653986465896,11.435604440579924,28.33548197677279,4.649394808396465,327.53038464093737,7.949551616725508,37.92992340248155
15.904589726533022,9.388348055856612,199.89517045402698,5.9384506526693155,273.04616416298836,-16.43125265281192,-15.328379785374912
14.309794883997133,4.103280841105792,99.34180193544213,7.062967315803652,163.200054336448,10.402416656679888,-12.686576294107915
16.516043718600372,1.9280352431688874,344.19800166863376,1.2391494253593294,312.385571282757,-2.6429303483003697,4.937043589015371
32.10300489577696,5.532329917894994,113.49674328751534,7.205012468623298,198.0457628456316,7.269851560750772,-23.168874255941105
35.155613551813246,9.694924763279134,142.39357131778772,3.2661046544523575,300.98639602803695,8.342568657909633,-16.06046941605674
11.381359590179017,4.243633783312234,203.62208003056713,5.68529628510635,317.9734607354925,-8.3880448051076,0.5105752070462231
12.234367347591121,10.759053459055437,47.472032448676075,0.6387790238074009,24.442075270176783,12.939665563184667,12.404191210689875
16.062797040418747,7.841708752890869,338.4442038609636,2.350135973979488,271.67744375552303,-9.464806507136736,13.322637527662225
48.892777370536635,5.072370739410673,148.55104389553006,7.50850692909781,177.28405255229438,9.47868558997847,-37.34134025686245
31.80445523922159,7.870190152863366,231.05473491774742,3.9599016826291833,55.79424319651054,-7.247225014817927,-6.928470525609586
42.91383805557302,12.215462275660174,161.45933253513098,1.1524914773377826,328.11277503311203,9.68833315742996,-31.361974971406116
20.430187650738997,3.5889806289055395,232.11308871260206,5.576845781819909,18.893916543162756,-2.09523250655317,6.270292750943271
43.71572723903888,3.3827980397671347,15.262139552707335,2.190009039530735,83.75963406255666,9.157663478757561,10.45343724765042
16.105229841000146,13.057247080393855,180.2101948485169,3.229502542877589,272.1467076864765,-5.934628194130175,-23.44068264213881
36.81052011126541,0.2888359699674248,275.5932031890018,4.922272639238322,241.0711465575336,-12.589334576554334,-6.445604931338148
37.884989802521076,8.250466220225565,14.446807444429272,5.896686616242349,75.18117936419065,21.5632361162678,26.395771289313355
33.30956741913111,0.10728560567440704,252.65671602655854,5.815832159045856,132.52256291578342,10.90307379906387,-10.326803917793255
45.94315881402393,2.4626876857707067,76.60019915410955,5.362299830269064,329.4722386148924,-1.0043488641925942,15.883051050478478
39.77015573465581,4.221257224565004,200.25457899829897,5.108796238036437,57.55079582732948,8.11466636466041,-3.471341848710999
18.063436673334678,9.114277689488032,120.41486673413272,3.2705808354860633,93.72306541612505,21.346604471646124,-9.262259440537095
14.766706422109195,4.280725954284866,10.374292138186378,6.033678573946265,234.50710238415516,-7.186195919510787,1.2277161535701566
30.47220431864758,6.085362308240315,66.53953344054264,0.4166008820721545,289.6688938023348,12.936048604094873,6.387994524045721
39.712536315048794,13.113514803973942,72.05134863788888,5.7020697545783605,269.01829352602005,19.27503231058478,11.220648497518921
43.31718793205911,10.113094994538548,319.19477532485826,8.178602926684215,129.9377957505041,-1.0042265860160562,7.1460232129186085
12.174702181765461,9.391764502578607,204.06477362270905,8.843804288175862,90.83972780443861,7.898110207857211,-13.714593404019626
30.443975336495793,4.6485234810814635,77.91247977801702,1.809191469874829,120.2155249885244,15.219164392772516,0.1568135563871631
29.983708544610458,10.799131548617598,259.1889390189138,4.578843339102676,140.67158085594082,-19.05139495040429,-13.765122271315205
40.15434568084993,13.812284263783944,172.8632065795269,5.96740374604929,286.20114322931494,-11.485982413406138,-34.44960529959005
36.680972533631035,14.067377624867682,27.96268509248875,1.0726158979842326,0.09746571604388521,18.043097783749474,36.91133242287369
11.247997468494395,0.7504205991140728,4.036287224615793,2.7423132158934638,0.003412583774005107,0.08023500319325735,5.286303441532109
27.802424544519457,10.93122343362617,346.03502286535047,0.9723266999079161,132.4979153090053,-4.573791251321658,23.691913928078066
35.8308846327023,14.56410297265265,267.0647349619871,3.7282096651270615,100.79232506674029,-29.41352472928325,-3.9025297958455245
36.14503890943364,4.462048907255047,12.597391333191164,1.200765170309701,51.06170992986287,5.177139320652082,13.869655146934601
28.277105966247838,13.983684616613607,353.9819029584558,9.145660639156844,43.31700750430143,11.544526993853491,49.36694642112568
35.46839140184537,14.286374898459234,285.39450921812903,8.802905673611392,335.53554334895114,-46.84169747803622,31.744624622673427
16.98325157593013,1.6888015068428879,260.9312507847623,4.55244577450989,319.1184020692089,-8.647443000227977,5.909318084298739
37.79674308223868,4.097018309317547,8.121221162644163,5.632306522110476,22.782183761270687,7.660911329189963,25.674042559753143
37.672060773758545,3.2321336193186516,143.11401668255726,3.774250226460256,13.378020369056113,7.796540171379336,3.011541563045326
27.29950095130539,6.9855237468061135,63.00824128275037,0.1326906365722924,323.066920756192,14.496751173652921,7.729868377390364
36.26440109700269,14.391433235578205,315.49529746991584,7.09901744735007,258.7935013510408,-46.3645125052232,24.156796425159573
18.10794526396424,4.009266572938808,241.64732141723093,9.631896083950368,67.70513329308224,10.343853793345978,3.3626078775569743
37.58700801372204,12.155308909931993,358.5014837538123,0.44123104762441523,202.75630876974233,-1.3524042594953918,32.51062251006342
44.27992863516345,8.384165944771441,253.06089651487724,7.919637727105683,257.6049565184441,-47.338548296693276,-12.447158828970544
39.70103861310915,4.297756630633189,31.829759890568752,3.67297153594028,295.4571125663151,-2.986470584037405,14.879970406258526
31.783629704682443,5.5990119269417225,324.6555216137917,7.261986028479342,194.67612544037735,-12.928453223545274,-6.256973438988815
22.82844952797739,9.589712770296753,146.52059244086283,5.80211791409397,133.95956969480437,20.4226369677735,-25.944545965759488
49.340511663984394,11.509699332615309,53.14794699193457,6.726579424117447,320.1944692285645,15.552595181805083,38.28300289842166
37.02842788167852,6.1173866719375,346.0991096155053,0.8644555957728539,91.15211038677427,-1.6633194897342252,16.26790908360552
15.505659679414055,13.87078613325976,232.36709064215316,4.507687446005889,194.11624573355903,-21.485398968482897,-22.831103768670065
37.2135067475665,13.346113604615152,123.64335404550309,9.18298683015343,353.7770729141132,27.861715223465914,4.778490163234956
15.802019714949292,5.124748186045628,227.77108087781602,7.447938930945691,306.3952288593709,-17.57169195594397,1.7498947019755402
32.947703641510394,14.658479670017012,285.22000785240976,8.246855042369276,142.6860632704766,-23.702167660848232,-7.0254677044260525
42.93773484795572,13.210845229612286,356.5814159847655,5.439967367200436,187.04478470514348,-4.304752385804011,23.043605867770736
33.01858365656152,3.820757448804221,198.16148310355317,9.422898602835975,266.29605503113294,-27.486856389571464,-10.998609551427167
37.36042759113102,11.815863661643087,176.10479714044692,3.254872987557552,301.1287624157121,-5.474240137930591,-27.89088169439374
24.93288503541073,14.053920998606143,188.32356956959575,8.193608998715856,78.86571204458916,13.53854342856299,-27.78465928980103
24.045374318905566,6.119976716615364,270.56358572589016,1.0642662812631432,230.5689650163413,-15.369603486381695,-1.3633731306180823
28.14616356959974,12.51523919708388,322.28436672087616,1.8833113250286793,0.21460325677745473,-18.323054332746125,28.227126014854008
41.74375980176939,7.567666299633891,38.80831225419826,1.4435554978135001,25.994402544032454,15.681686011781938,20.988581255936666
48.00442406730531,3.6275002459958823,146.20315334967324,8.25231956014365,195.10807774789257,-0.4163674186200961,-34.354724281711384
13.863489017352627,12.217415257283289,8.462020798319546,0.3109744411546045,43.58719255441027,3.3829621503271765,20.69487363182385
17.42856467594403,11.641017758900096,25.681014240740723,2.5343390146344413,342.36455651240834,8.06205919688415,24.328485141637742
26.87670110013324,5.362714342205045,145.08029135916112,6.978185146865313,108.07757201448865,22.714148434206226,-15.361754197199797
25.509892515813092,3.126726072704785,154.26859693924186,5.896907964315688,172.2382145276595,4.911982671581175,-19.748338860021985
34.59212708274608,0.6281232475248066,176.8800490478042,0.3151803836222622,115.06746505602376,0.84895472337496,-2.020223276698286
11.24161280863946,10.509472542285637,310.0229541005151,3.837552722760882,194.0462291026373,-13.59385134194253,4.595831199019855
13.920272714704769,10.32886712854259,223.28342077902605,3.5105492136718555,349.69044600833456,-12.988191010821986,-6.848431815013744
29.612338541340325,0.4099219344519772,13.921767075334284,4.874483999539127,326.11514949245975,-6.435114796873022,10.920383410397719
28.994871453093403,8.156024302398656,29.867285850198733,7.242786350148175,257.61905630877294,-7.324832661052218,13.420421385915223
46.89243557870555,6.82029296232586,269.65879977835544,2.4137863966531103,354.2400888274656,-21.83662085912235,7.300036524896356
11.373685992620143,4.647203671108085,279.7789577652099,8.546421934008523,77.95992747648215,5.754103271493621,3.916632529318422
26.424283711598445,0.15440926147518075,46.218295794982176,8.627166872862182,281.1005661648874,-19.390591547367993,4.103223632152022
47.421527357785266,6.666449576888189,180.74614007207734,4.631799777950432,250.96717777414605,-13.884449094172162,-25.42308409668306
25.527124345692297,13.874707095585345,235.33283398120946,0.4871487806144581,210.8379823145321,-26.60275234671506,-18.958300831395423
37.928662454109286,7.366485019093602,324.81422813699646,2.933894757446278,58.58862619350801,-4.8409232326619325,20.993729950791828
21.611466288900477,4.971234063811407,39.48284542002265,1.5479619032565328,301.45479640107925,3.863201106261665,9.749326254981858
17.96492322747296,7.293711779532134,2.0492999213138186,7.757401149312464,290.44895675326694,-13.411309541093175,19.13645769744775
46.21639853019464,11.586940032622174,15.794883287098894,1.826777996377844,122.42534780206985,14.414321765237933,31.217368792983674
37.321325416436736,12.683076280357433,82.34370870126827,4.4466641402556375,252.28080944191518,22.989415271026424,0.9279754856476288
46.46620783689306,1.5230658089108695,50.11391079067916,7.403563930004607,340.80207450594116,-3.8961172027037816,24.52601918882611
32.510830171012344,6.571459415869302,132.00323168904666,6.989211993662526,7.3935378717420175,14.887606762384245,6.522935718320639
31.007008820083577,10.407181348832879,228.53951957564402,1.0632811053562596,170.5168811386322,-19.168954402730268,-19.961675858869484
21.156088243809673,8.359223384638996,152.0118840344092,0.6517534022959282,94.59920760990059,9.496330693042346,-15.438704634501443
47.946481306762195,5.364638806278875,144.47771029592218,9.19274451160669,326.3818464728623,-6.16750391879982,10.283057822418787
45.02131913230636,1.8151631605747276,58.31831597608258,5.704206242173218,239.270741870598,-10.17537947312128,-5.942387013268769
27.844084697920664,14.947806620514267,134.3940717030514,2.630066832742075,24.054798703726625,28.00224675364601,-19.193245153756603
41.599926548082436,2.7826527784154385,148.7720760830189,5.596665817480964,83.60938543737691,20.39887817336837,-5.115448758233491
15.895489245755403,1.9982223302098523,252.53060475480194,0.11193620948929728,21.597835001875204,-3.3570893502379535,-0.8924995652496852
41.523483697225274,1.691288745913258,239.72802918940414,5.855728501865215,3.188696721225135,-3.3021948201400715,14.530563066941808
45.21538579805545,2.0559268801878234,331.463396904792,8.605856856732753,288.4411048656849,-27.76894979912427,13.749049776668649
17.54668046952377,7.121393286989119,172.34436718437146,0.9904701391173876,139.6287137202301,3.007796591852841,-14.776417163459843
35.33586252541238,8.12104245931202,289.39318407722317,1.4611239483268812,45.70400974768715,-17.753515801648938,9.976512347549086
30.39471571010429,12.917782115994171,24.477846115587795,5.133845879872658,355.45021732250177,12.309971898989096,42.00571567026661
32.6462963714399,3.70601731839861,271.22894904660507,8.39770947587665,130.22010488464738,6.983882557997315,-13.784572872022906
19.013681956522355,3.9370267919888486,21.482286087077394,4.3187103452465605,313.4407415641511,-3.335164940899549,13.059583238953547
41.225279985257636,0.41497854805801315,241.79615305020127,9.307799814170766,140.67944200290887,16.038534700321126,-21.443894007069357
34.25746048580778,13.004031392714499,269.49906234966846,1.273263505053952,221.36247919335693,-36.5888648256416,-2.825993297751432
41.61870375560143,13.331162118151616,232.57474566901942,7.554301666866574,56.62264531018297,-12.463007192963811,-11.493374258942636
33.95915404595688,4.314415175147371,278.315701089948,4.32741527258022,11.129044221594313,-9.035065342780763,12.814147317192491
12.65335904410084,1.2726399717265025,320.9941679219699,1.455637870201324,230.90404372201468,-3.100984669494694,0.11401928068758838
24.780845128711885,5.899010145757362,167.22255344733645,8.068113847574509,330.1598757723998,-6.091027295652172,2.7994911495049557
22.13987554202213,8.029364303346261,117.7515960556093,3.081418637587048,341.45853943503107,13.014859637857365,-1.7364260959985733
30.45759841435775,5.791407796451937,313.61725913154163,6.884516894039593,250.2898422007826,-26.598225147357162,4.169535015022303
46.93815996711963,9.078072264716983,237.96317728529706,5.73988110849763,168.9581161837808,-20.40506306894126,-32.32415050498851
13.639507797784827,7.345133048507568,123.26760881979821,5.169975803521771,227.29171441984454,3.9060970283458127,-12.566339686532839
20.06371755275767,4.023174375388122,97.65043225072729,2.8894696082497995,184.86644776182771,7.5686384924280405,-6.906100466154795
22.522065319663234,13.587162307370194,326.59834717355164,5.660149245803547,125.46475760670485,-6.149368352763201,17.26887284985954
22.253905293895762,12.38602820802463,186.36183413413195,4.115392437467138,95.00765364761486,5.80904565074582,-26.985181068674237
26.95392449786801,9.88666692991027,276.5930591575752,8.90550395748715,50.13996220237007,-6.998108880774783,16.040824832190356
40.79636117468243,4.425229488681931,247.35721712524202,3.6148693943486387,195.39933054927846,-14.54692209496085,-14.964173114044865
22.845699550051833,11.970459609779391,209.42964931756677,1.7341560957737834,260.8533714725622,-16.388698794675115,-23.095396330299206
45.045826819974515,9.578930390666477,74.06417709087764,7.89945025991233,298.9401349533643,6.963372257708436,19.554020784028843
17.32311334826745,9.712160022137033,178.90404772013054,2.456338136764633,174.3635944883147,0.8024796667108675,-22.84246208124776
20.829619745160315,8.52284078960261,193.46710147636975,1.4633991759066067,218.15415252699023,-5.953278201573924,-19.451730683603614
20.101427770980976,14.497705553832875,292.7212300765963,9.838675662359668,1.1761461493127223,-26.662540269566726,31.249095371505632
17.557123545405616,14.011829970942161,334.0100557969512,4.5476056586765505,356.7073511945598,-12.110998289795889,32.418237578678685
33.343344277488654,4.156374951204478,204.2833107067462,1.991900150902659,18.357494424044702,-2.8209700046775446,-4.948847518751489
27.108291872773385,14.725449922259106,214.29783879897371,4.763681548623161,139.2784889990919,-12.201030056689612,-37.085993366141054
14.777790945687101,2.716570920078076,130.08057589564316,8.01299788014516,19.6207721141909,8.278216133110364,10.064921286410456
43.886988481962675,4.160340328603419,197.4566518715035,2.6841428970860024,282.19342972726093,-11.580883390286996,-10.175554853075505
47.02991239518616,10.300864065803276,73.76138638241184,8.913115386686991,203.96424220172136,19.413992410085214,-16.300716811473148
10.39424392921687,5.064088401589869,224.76960822229015,2.7717380437395045,154.7289515036709,-3.469214788801612,-8.882347424855473
19.219533270727872,9.274678521267468,205.42215608523458,2.66735776721325,198.9416859096178,-9.595179476996595,-21.57542981700143
43.630719851363395,2.2755434389733593,199.33568962129357,3.1671779425703894,79.15402965145734,7.030180198025683,-4.626489196918023
42.22841232013693,12.376790573813617,73.13083525759025,6.162966342079681,343.61039443122206,29.650291947049837,27.886554631033214
13.647110036385136,11.106841632813095,352.3220988413018,2.697291583534355,175.05254778893874,-2.0871880777147247,13.877954197168844
13.827346338687224,12.680734031617888,79.55045496768369,4.595066130877078,59.63132114021975,27.59431867070494,7.761988415860587
16.941724395044307,3.3051242619161325,38.659287401591314,2.3877074324460024,111.05792490146739,7.978335567837783,3.2020901065916485
33.18550284531571,8.995745016216063,139.21318561300242,2.1338781142369454,36.13198090360755,18.557897980574023,-13.23338127849848
13.279885473410665,10.686375175878375,159.30992017789774,7.391643888363123,138.41118742682855,14.285665511777589,-25.54614386391583
34.602116868106776,5.7024395119056015,194.85526379510836,2.717233017469105,317.4502694785,-8.763428813044824,-9.322864046195399
29.660793076947414,11.843816363269095,188.61673685330112,3.220800162905142,179.65157436371862,-4.315440996946943,-36.716141856032024
34.62551337119957,12.573284295445994,218.35941697634047,3.7296105283883008,253.2442995000519,-30.220208967343545,-29.05168868467077
34.038141917270345,10.483932683238212,135.95913693768824,7.880699515641205,74.56712781231259,39.21052903046304,-14.328391586746214
22.56847123899027,6.076534272075641,89.55563766789557,2.906788132969483,83.1223718568672,19.224157100065646,0.8477383925610156
34.0174254410656,7.045695367528693,8.73935227943344,9.352655303724788,87.86624276915052,27.432223564248734,19.256363355392136
37.9032364680454,6.783687105000354,288.0362302651744,3.8886987843853618,124.26629401316795,-8.997225490308237,-0.24779163466859
25.238837307838832,7.364362079980803,260.7042560005033,9.091880353103415,32.20592586286696,-5.494026765231247,14.752198506641601
20.197029217550174,3.42835254249591,131.97411126029127,9.970990811277858,172.27107030835262,7.893095382206015,-24.70197022173739
16.74166626308464,12.80470418767943,232.20322121814732,5.991052205185335,291.6511752490431,-28.980519025042142,-10.414425811740525
43.836101900426534,14.687422444832782,131.2458623742481,7.607102411134554,32.3901004683795,45.195842697329645,-9.744825705158302
46.63399671279003,1.3856517093758973,250.31260608894115,0.5006507225626045,28.53193006732606,-3.2854328293661457,-0.08313611649338037
47.28040374968807,6.796512471403479,105.53501167139598,8.585002529315185,100.26484574052047,46.55764906036629,-10.40116876430726
46.63851505101325,3.436330006584269,112.17540487636899,5.205079694597341,83.45362867304414,25.757916118574514,-2.1696032160981615
13.690839296860888,0.7821980386162963,235.66388846871456,7.842629542337944,343.3819981817196,-4.826291863061396,11.818231974090168
47.66035131844727,2.639158921864962,197.25787855155326,9.420161055271626,322.17192158440827,-20.449496581584267,15.337099182182978
19.449808900708497,12.115930947811394,70.33860219231514,7.1252906379884084,24.257557080843096,28.549144172997647,21.053529166880562
14.060412129474912,12.259346408748282,64.3430145995557,1.2413728072538455,166.51336639551755,19.19981142134583,6.943253949363894
40.43441127804833,10.848127437262681,54.97869873133777,9.321501045436166,88.43275519674278,52.26059524379511,18.606432453140687
10.349859692298725,12.83110993040292,275.8858670148363,5.132459090151322,7.4584655488186336,-17.57251137515681,9.303690044562591
30.18038984979337,0.8527510680786149,48.58167752713304,0.4834446660479075,56.12738776768268,2.581903664182585,2.0677275828035704
15.291639340497717,12.925324359048428,300.34077116987635,5.738645030793358,100.53973888207878,-9.734446723255838,9.674810238607115
19.83155681340222,2.627175082662237,39.55542606737232,2.4821479739313492,230.4490031165173,-0.484252372926016,0.8948477887128359
40.18054456778572,1.0061104576501574,135.87303525899,0.005733913719839778,165.87817363740126,2.0089363266280316,-2.0828974132156324
41.953522112952626,10.16288121278493,142.2060912706976,5.414689535367111,145.4034462568564,27.205914418463625,-36.52262609697885
31.00203140575296,14.431573485659799,339.5827232828454,3.5393548597682054,217.98617786087001,-18.133643257066453,26.989337815705742
38.734234225042975,11.240149520918571,270.58725424494395,5.234704161947228,146.76418528022162,-23.522250638225962,-11.980237175696947
30.126101928331504,7.495900481146556,289.7419408940524,2.0689301247460445,215.9273582555149,-20.49367009272911,2.123045286244542
24.70005060492337,4.476632675029656,217.58247141167126,4.124130039108715,135.33991983403612,0.3782039159452486,-14.543752208356107
24.944936640225603,4.71817770830038,71.53302513146471,0.1604154121555701,156.79351358880058,10.23475855594111,3.037850746919057
35.538147017463295,2.207552505650419,311.47098431404504,7.9052430211571,269.7211123283523,-25.730703411525493,3.831517630738034
35.96285277419106,4.529582082818535,88.01704057480036,0.16378044340786158,81.7457348504582,12.696484229727657,0.4880630606332963
27.561041490113716,7.301637500439493,167.88565737486255,4.652047035959893,317.6580374962782,-3.795208808849955,-8.771872596134319
28.53197220874253,6.2370004087260025,18.484650614349224,9.477254312152972,322.9339920759814,-9.007757494126203,32.50546679600251
46.90986904540206,4.431271296818068,19.122962997852554,4.650894173189403,139.16046529514153,13.894967430709107,2.066228713341234
36.13728072408225,6.500734993605703,215.36512781547287,3.547743843577371,184.52214150561704,-10.971880970282573,-23.988788108230473
29.0843239547385,14.009657686355425,312.70645339029164,4.7945851138052085,126.89367591830234,-15.731370382752885,16.128879393431223
17.739172074300576,13.829779309040035,59.74034252748058,9.920995615519786,52.53805002541523,37.69279610292998,24.72883607103629
38.44420092153254,4.044129147367958,8.886063273418046,2.1869379751886795,187.59277145308192,0.9399203919608842,5.117180771396894
10.9655938888665,6.051180809815332,287.4640227902932,4.602909710029195,223.83816180792508,-13.397416196669155,-2.2488765988671293
21.397086789598326,0.7637452484545054,186.11910738664582,1.2329779478559666,157.82322431398399,0.8020159453913935,-3.9707871447525975
29.500672946395923,11.454594714265873,13.016131817364723,7.793078761398028,262.31919876946085,-12.613563963915462,24.815421511520245
32.65402302323214,1.0093377156530896,348.52660458683073,9.329475821905804,136.0529959116484,16.187536355476762,-14.778938723033907
36.42465046473478,6.597921892790104,260.1156671991474,2.6710584866964426,51.196047025614625,-12.040579814171725,1.474923063592851
46.59979259858556,1.397844025888408,138.20023282821128,3.943994061666544,15.080993889606207,6.03470675633162,8.525890102084897
22.116411629949425,14.303394906179088,70.01764052074634,5.692948787932415,150.33205872632414,34.52728835671635,-0.12473332897025102
43.036884928693354,2.2746968001400854,196.94014969875855,2.5514788173456706,329.7856536196303,-5.76657638581948,0.08548800126086231
10.022679266639498,0.9934239644622161,309.1826347521391,2.6550768857626563,173.75924738738217,-0.6881637579894294,-2.8756515324505734
12.643562918631567,7.024599229745643,353.2310168416605,9.248217841432377,177.65360386017952,-0.7214139495147787,-3.6362255753197026
13.198781212990621,6.894094215149779,323.7859118237001,6.167983541482828,352.6049281206868,-7.983688316219101,19.158027471445223
44.02375324634501,14.335026400892856,92.91001057427853,5.585685860211056,320.10130915401373,32.15685808981931,10.657752461009094
42.575217110547825,4.958997960931567,239.3789398487799,5.267091554075353,240.39067004251942,-26.06417218531182,-15.108844108928821
43.41434619324329,8.846693730359704,245.73651537617488,8.06188960327583,280.1866004077527,-47.60121490189849,-6.573773778801722
19.811861582457688,12.22397782156898,156.19441191868893,2.721885318171502,338.3784167705521,7.900494927633291,-17.39161297869499
22.022757976911773,14.59141717004889,356.8726446158832,0.5128657037094564,213.00942412110638,-2.2787811466151724,29.960819961690426
42.0669519493359,3.8646341606784755,296.6648379956924,5.550140829654425,304.0157500062251,-23.586572105571506,14.171781715478954
18.758102321847122,14.342651953779683,167.16512803631184,1.5325825606324994,35.495004140268406,7.9708761144292675,-24.907235935261163
31.688370855404035,5.444893622321451,267.3084847923089,4.192915303004746,119.23672815911793,-4.5245715670210505,-5.855103053570126
13.24516810253089,2.436682129993082,173.22252170336978,9.284098495757753,23.875414721576654,6.6475143321717045,9.974627045874612
22.558280207551867,13.33959751467068,156.82443310419387,8.150608348262885,55.45653931141081,25.656001213250544,-16.38744752726013
28.92696558784205,0.45893270527413266,337.53384778899573,1.1822640380268845,84.84563510974631,2.4335843128980303,1.287854193816731
45.164233743488346,7.3779116490299455,344.97873472186984,5.884232238980276,145.91437097518164,4.204266839580517,6.835002550299057
43.978002439472476,4.297013868753151,219.80618066810536,1.6489442688309608,57.30912011320572,-4.081768106505557,-7.217578128603867
23.085715947582134,5.652714690551004,29.836214752774982,0.8209486367039565,286.6299473157143,4.3947692646657694,11.147567859369246
10.339594528092814,8.105556789250219,177.35345067656988,0.9231504749040487,349.22167663046844,0.2927473328854902,-10.439122051084414
42.323939710075706,9.719546416985356,357.0614175385893,0.020872613132606466,63.926305262494566,-1.4086011773918288,28.54028836975576
15.339332011766142,14.755515960258967,132.0361152615122,6.8566170273783476,297.63265559073074,8.638189695067286,-11.848670168153213
24.290020068305203,8.579958836084625,14.554739441571837,8.928797268105104,118.8510259687131,22.20148586322457,8.89278240506134
11.557689904068567,8.742952542269132,355.746480630524,6.143633425251625,295.7147211739302,-9.492092241677414,17.475569819084797
17.689925965530477,2.549015868126169,140.71109843782133,9.934811256107693,38.713849605909765,14.865356162744526,10.974947821641383
33.73480626685274,9.231526274627054,189.39149756585053,8.318022162671161,102.4001476906371,17.354769468816936,-28.56974488825055
12.597700793247387,9.092515988543118,93.59359992043565,6.434640271669265,251.97938163102359,4.736730929555021,-4.103507526638281
13.84480759394631,9.09725381699859,248.051529989622,0.3203373695458078,306.7763158821817,-14.607206318020433,-5.390496200815511
36.60034303748802,10.423631571903114,291.6974842764664,3.587519224860115,183.19531642126702,-27.002435768124702,0.7422868028628518
21.746130780425492,10.584861429181473,144.3938507919688,8.069658646769605,84.6450308407299,29.893015882154682,-16.53466765099637
49.38394690964307,4.63989142323904,117.57947411981986,2.406812791622188,53.53953043493972,19.191651608106493,-2.2778449220938963
16.208763133525146,1.1917968905063065,211.5659144152029,1.1771813890099503,38.76281797409995,0.20568857555366948,-0.1773414804496054
27.95680765095643,2.2399023237939613,26.439176065408358,7.703667084330932,247.58129056678817,-14.62070529610006,-2.225862688859385
33.17081220127763,10.77960720080101,156.7205404308215,1.2261850334609492,231.95196837616683,8.567801238755017,-27.71557052362503
47.703149220836366,8.28180354789426,211.56148723450718,9.374361985110548,75.51787616619667,14.787249228945097,-14.69599105536131
28.929131226593753,0.5075419356162836,56.35114446793452,1.9148860383842614,23.7799261332183,2.901231599223357,4.938576019729265
11.255180490351124,12.796013743090707,90.78550473035322,1.8656249204664532,179.14209400759205,19.423957637139914,-3.0914732210110953
36.33317797379271,5.96234453287625,255.29102288579034,3.235795829416234,47.845171493897055,-9.166899605412695,1.7902037939039248
23.07632736721076,14.500456754943489,152.04542396236758,3.1478837846268046,329.57756661284776,11.286288711576692,-21.89424852954693
32.66274954919036,10.497828705306562,2.677933222820572,7.832066801501744,343.54424603444437,-4.4595232845226125,46.443179984789346
26.632041362886525,7.303413064277278,355.8127829465289,1.4816777439434425,318.31888534518146,-3.5384539799049723,19.551119833442733
19.600935135121468,9.058827515172695,344.54254016302843,9.073068961669161,259.4823803378988,-22.65901328277308,14.143079968531456
26.714807760253272,11.562899128633566,227.353666200205,7.113652180356009,288.0751051109708,-35.631133182474635,-13.130731012109415
24.92095569884175,0.04105960256575503,173.80741177323821,8.243240413760697,180.38768166763157,-0.11573820075570324,-18.6722307743693
18.44247047537739,4.987768793145832,237.11963078974685,7.365454639796351,181.79321034580892,-8.569147513453178,-19.52558422330164
31.234763977137263,13.343795559786463,357.70718494486516,6.1246378665103185,220.40082209406765,-11.364245844244051,21.87609409758967
27.39750646642203,14.24725410319169,288.10060064638463,4.549525004933962,258.8785947319198,-42.555924531859766,8.387391651225416
31.884927240071676,8.081883787750092,272.07848790524224,0.4451365980867794,119.73794643915713,-19.606611546977568,0.1843748027549389
26.293451961672382,9.405640993090616,285.06178127681795,4.745175676759538,316.1643748745936,-28.637729092057608,13.583749599289348
47.161936302048886,13.71157808799682,219.15376488777363,2.309452364078872,113.4646372536479,-20.276459120303613,-35.821539637900955
33.635746605068306,6.7390700725503825,108.10170263755877,6.520546961737031,13.935770496912717,20.886261066670706,11.08945249203114
19.17891701115138,13.565706451933503,91.49108933011088,2.6536591354224837,191.0674146005474,25.808325352899484,-5.8477502966941435
11.621765858471669,14.280128831584802,161.72997568572154,3.969801813531697,154.8038731306415,9.49237082972465,-26.402220232648
48.34549786928466,12.035867661604712,98.50849414387899,8.14424677934452,196.7565347132838,29.998945207503454,-30.073789730706366
26.670202319724382,7.5262775870277645,342.935010372028,7.946297210960034,230.40707531331316,-19.428629596829488,4.967950376609711
22.248164942533034,9.003674611074574,18.430449208533844,9.888683898760098,76.82923937046826,26.56879415917869,22.99067203261274
36.45154343615748,4.313357075267449,41.71379735979584,2.3483341131828084,356.13974973596294,7.393274665227052,15.16472091735573
32.430188574111824,4.928810765285422,196.22277167586168,2.0025707791903127,246.6302546457959,-8.267454757621936,-14.21141238117766
13.187075653307087,9.702644710868183,340.76828101837054,0.20690896358042443,46.75589185349276,-4.993148205352733,15.253684307842867
39.976409891550716,3.872898277158583,236.6845803352742,6.718108673177099,149.60723294518982,0.4637230969279056,-22.616275174703926
46.23818171812576,3.0613999138580765,59.00662787344055,0.9760431025246297,335.42692947358086,6.811226343150734,7.565461044535851
22.379696964587296,8.134793120424169,197.52504043316944,0.6858976987172483,353.81289792064354,-5.390259627174571,-15.113099587717052
44.92884639544513,12.795454293910728,1.1981587357132684,2.395514180211892,280.3193533221051,-6.323026937196336,40.015930711905675
41.7770608539724,14.165458523115266,347.4517228039307,1.1337075952366205,162.46497363977687,-7.984957909136225,37.198511055300045
14.85756173743697,11.489996891676407,280.6335091028592,4.652972259430557,43.95510385369563,-14.03315848731207,9.519762597037655
36.71993512343347,4.174508502948694,29.976516427496502,7.890000275673724,127.16645884143912,22.90984423738615,-3.1479387232583314
25.51522726017293,2.8395024178889896,340.17865844144916,7.253152431415582,327.9311761930343,-10.97916856353583,20.11103063773032
34.81367880236367,14.5413317300353,275.9342133336716,9.921229784446432,58.425167296027055,-16.013946229019744,17.84500928431015
23.68404750834102,7.831300625415661,248.23072904744237,1.941704413197215,356.8008727796152,-16.219357505664178,-2.1220578314582896
40.29257435547419,5.270738754025374,122.46507933186173,3.892782091547944,272.4322738920492,1.5985623916359977,-7.635469898239851
14.142775478146978,7.686296266599985,292.2513951725168,2.123599809968696,68.4517272083985,-8.72576627580575,6.266691635176452
35.49956932169888,11.601950703526414,269.18436356669434,0.6690056604249217,357.48800864871185,-31.28782401446839,1.3537543103373784
19.070047984871614,9.855385750583881,328.63779307213116,4.943751734305751,277.502045965397,-19.778111747176084,17.86605883046928
25.491024053756593,9.63791072765784,71.68070796124184,0.4196462807342016,163.04739078662536,21.136792876830214,5.990776894230036
10.148869625013855,5.331321919387726,355.55846213734804,9.339200509528622,233.5380569245012,-11.398042961940408,-0.33784485642950557
26.62134729317804,12.562786751326673,349.05014271632774,8.62006846543262,30.68109458885087,4.6877030240487,46.005282719041475
43.72089537858288,8.919727376160864,202.10842367861457,1.1649389261667054,48.877308744450865,-7.402625563638561,-22.38491128266515
29.77381633328946,14.942035177901898,261.32532502837654,3.4070333182627732,224.9807573251318,-42.32594135860229,-11.489878115380442
11.299203868551913,12.528400678718121,114.14408749769275,3.1205817712159103,295.97924734078805,13.093993280576793,-5.7031052114085
21.738052677791945,12.879853707541626,19.768682256769367,3.0020511645692327,347.0680805997932,7.756420552901384,31.67612430843716
15.476779251070848,3.8742210137501374,136.64921790168484,1.5303676039478242,122.37883020866897,7.0199119075291545,-6.459991706766344
26.481193298491913,1.1159587623696265,191.14643820347402,0.7511166109358547,111.01864744652971,1.127858089689118,-3.1700270111376225
21.992805423400064,0.3409835352913776,353.2513912219992,3.2775384325367316,256.24811078241055,-6.826049243494602,-0.932771470762999
44.780195396371106,13.971154748457037,217.04630774137775,8.515698917219238,130.5115783275269,-5.870168855109206,-50.407405474561784
13.806290618967738,3.9629977682231483,120.16265626692936,8.884083861390275,65.74282472959226,19.337599211769593,2.782732078749055
18.49241870112067,12.00557381795781,83.34697647145639,2.7651489758110426,302.92818929127145,18.647480112759904,5.619262542421275
32.00833551729936,8.119594966579958,309.33092883734946,8.115771018923363,197.61714023854844,-22.318396476085827,-6.613580393241053
33.09447523066414,10.357233272425601,106.9943044057115,5.523667459033408,107.11658147094289,39.440644888839664,-12.085946530404332
45.81303250898414,11.284528962983268,14.665474834152947,9.188383138028104,151.26161659857846,22.233010448590164,8.741473959638398
36.31590048470096,4.035722845170012,18.73924828530094,0.6874755095180096,341.63417711921466,2.9384419578180005,12.174442371539353
33.53217035651488,1.602430443249907,171.71175163469422,4.692231178991539,130.00615169224088,10.001322863959732,-12.033047947280622
31.678576501277366,3.964233751461685,212.70738764313296,5.611904702709952,285.87856269722636,-19.161332628833698,-4.575067692794277
13.280355135817178,2.5256971104214934,233.4548724482859,5.690152250282276,312.00918970551015,-10.295779502403892,3.7914389890033897
35.23355508215673,0.25268235843431186,78.63043712339933,7.081614965696739,60.973050189243246,17.259690655473158,9.342890094108078
48.29166228240002,12.957379447197331,183.4864029727217,9.896468476050384,1.9031364121141214,-1.4411603032084126,-9.546217566879275
30.919004939518192,4.0997161988195865,286.0779647733752,7.7626231194913515,67.51798285063363,8.117821441824683,10.303304592424594
31.902550827834517,0.8905749130684637,75.96270636299893,6.6688228687972675,69.28984565294631,18.111987855160866,6.5654670400753306
31.111245838614195,5.164018027805966,145.62741361960573,5.907701284553335,327.86864495425976,-0.5707427108822571,1.8650082148217315
21.506510159182618,3.7354601490927672,308.21039259615816,1.2464880724925065,151.28070631474063,-4.891786580573586,2.5492153170660443
35.9335045830178,7.465158552093724,352.01370419010414,4.0554496341003,68.81937793525178,7.427847258219817,23.975480601444374
20.117448476344336,1.9228655371758347,66.36885563433648,6.40820559711785,43.191804797819,12.450241390835846,11.022699928942906
36.840950920814315,1.986728613570502,14.47423043182516,9.981449786573348,268.15685314508613,-25.980118550878817,4.392177115382939
39.250099382459894,10.261022529905897,47.86634525268643,2.1813567188791225,345.3839325945145,19.96827670291397,25.44355603596294
32.98298895443012,9.777794950850861,258.2051417222526,8.299707077162275,4.953571772635712,-22.96139245788574,16.25908990220798
14.278146130250985,3.0950017028012686,51.978131926920376,7.243142101761947,282.81509343063755,-7.890170202770086,5.993645841395852
44.75204568170214,4.876674187621101,148.0056623841887,6.595202276026154,244.91323008405604,-10.237331109930125,-20.939135310431023
27.736470896935383,3.023234105604465,228.61856589115837,2.0678146473475567,127.14414825797263,-1.4746138244433582,-7.721640329575024
44.798042972641284,12.871703797589818,238.429279382502,4.899133331247681,341.6914833978048,-37.79328979696456,-6.3097231338110795
27.49803276328248,3.781668953939236,155.9856206691988,1.5860509918186505,281.30151152623597,-0.038561588509086864,-7.442988752700942
43.34760161030063,11.224864735314355,188.74151843835597,2.0383987883779664,39.74993495099524,-1.1965215260326092,-28.32249223782928
21.488397461383894,4.251692587062129,63.74162818055465,7.690535635781855,170.36422791220454,10.675102353467292,-11.93256360897734
40.505333402631386,0.9794254511391126,163.59445993023718,3.0319568994827573,80.75366498353709,9.394552115823272,-1.299980383462254
18.036960270533232,12.957717136548709,302.20846870288756,9.635081767335155,97.07021756295102,-2.6882973725284813,10.969813016012282
29.214011496474043,6.571939353436963,48.055223868582225,7.810078131736886,232.27932881507965,-3.147383747490551,-0.9408719467154043
25.383265977762008,14.797396765855924,198.62876104929427,6.418884987680334,52.08918064487562,0.7677383585487902,-22.92636171959063
20.707031703365644,5.5625111820580315,91.73202491079886,0.9883459859946442,310.32086668152937,9.875551541437675,0.9685655639893191
30.65922105296294,4.6532576620284,145.33730601748704,0.6296777402725706,344.5754873643153,6.197896146662526,-8.05132568592354
14.284766090281536,13.48163503588885,90.75555631142595,2.442941945622631,344.76442695141503,21.90942019545248,3.719075705598017
47.254865037190385,12.837752358644543,206.78892141310925,9.24430672302241,331.85789336160576,-31.492528950585,-10.269052208180348
35.10077342302701,14.661776184476293,1.2135014956792167,9.586215169695768,117.85560367001237,23.50322544756457,27.23077962338138
37.5855111389418,8.308085808872374,204.46238281478475,0.014605185465458304,69.63088950107895,-9.485507781085204,-20.919552673371097
14.338649431651511,4.595070822635378,275.0983976792211,2.5116771233101876,289.6535493276936,-11.86956045544935,2.142505628685136
33.447694241841646,9.432705648461766,241.14106135880655,9.606539875386083,203.4776425588721,-31.56699955598358,-34.897985567640006
24.27550020697413,5.698822714968152,224.86292087030967,8.902570698029106,116.89742011196341,8.71945848784097,-17.94588186044996
44.31185762171387,5.353209801545422,273.2135499031854,5.324859867500452,177.53419758325788,-15.37607730996882,-15.087957577831602
27.232927667350108,8.436529153931666,248.30254664612247,1.0319241557388714,322.5331104496007,-19.949515226753743,-5.419424124588793
19.252177301268368,12.998273340300852,73.78536647669847,4.12359874956166,358.5441793941075,24.519813486408122,15.35770218583524
12.904158563201173,10.214411279906471,351.3338163307644,4.412811750056667,48.85964840250891,2.893950050944516,21.08736686461878
39.52097899154834,3.277056854688784,34.86822644756519,2.5645653912199897,330.5532438419749,1.73913146394045,13.9712163152988
26.365527248465256,14.869733744905616,231.48692139912725,8.898015651839739,321.51698526196475,-39.81284344681136,-5.318493808291674
13.739318353180373,13.85350744091453,220.23865284592267,0.9351015691023912,90.11400405165428,-13.412398066827635,-17.702266290172236
33.93293873575064,11.196266036008334,337.77781720405716,2.41209999055941,171.36448776750868,-10.184841002414382,20.988850446138482
21.08326004179571,2.505565955187792,272.63750382149806,7.286645919558152,333.4421579773489,-11.943471413863278,13.751965575332987
29.581977968533458,14.883854338864818,286.4600231368187,8.874682734217055,36.033675908563005,-22.233034203301944,27.98142366169261
30.14801817622161,3.439938417614741,207.24292680592225,0.0009291192222915523,250.6964698852984,-3.906106781178124,-7.5830147796388045
47.386193083792826,11.299910819421239,200.26327021820873,1.6429435481801158,266.0042518012525,-17.258170042369287,-33.30434328926031
49.22819603300287,8.57556335866765,240.22749408403675,1.9254462549141216,296.0330490507446,-29.0624797227055,-10.813081071002568
19.368782263241705,0.6780625208214169,64.58096318325534,8.272774607618967,71.15208005716009,16.774773258937714,5.889188452972574
21.79999871875498,0.9191273892292307,161.80812449175912,6.186462129243838,11.336724180247174,3.1687145078640104,10.946900937139159
39.029753778052694,10.860928394365713,131.99126858835666,7.565893894446369,273.99333795796116,1.4804473390763704,-19.010363456373955
43.38985582791559,6.4773378693233585,247.6501663236057,8.33619668343339,57.26479359375548,3.0381015004399075,6.081652621957076
25.12344569194996,2.570627261832614,12.646622299333497,1.7509574207991085,303.44677598360283,-2.032769242893017,7.860772118660975
26.814266177572136,1.272409643726523,56.712357075830255,0.732130270729936,149.4190221953265,3.357784226993995,0.15911615891446473
27.38473839439664,10.495313087023742,59.82810509063625,7.136970126648386,256.9400307521152,5.011724677849589,8.65309609222592
45.353145503145974,7.962987044822446,324.328988310239,5.916829176170754,346.28079839177155,-18.386699412524692,37.14908303842917
33.42481880915389,4.95073935609924,163.09985739486646,8.287755399735097,213.93705332148969,-8.321324984550305,-30.314815496246084
36.420664956359154,3.2338137872835353,161.66108632802272,1.7213501491359429,301.20841060651804,-1.2392201892165322,-5.93393905435283
27.803031587354955,4.735953017349765,218.26127228955144,9.262131134675025,287.388760431494,-28.025998737514918,-2.2632694058434284
43.424948161848704,2.9440447396579557,106.39231871954651,7.72558067258058,167.35261987007502,13.436733347275828,-24.901321991389764
13.640989921905021,8.7210377807186,286.7766479404743,1.2677894458793804,19.365190287721266,-13.223523163754232,6.192493197107343
39.480143100103604,8.003143401767606,308.583287304188,5.600648483583456,142.0585385513296,-7.979210202451533,1.62927585272487
35.986211174923874,10.686734624685228,294.01356554536915,0.528316983428182,64.72533400393375,-25.146981589212125,12.390777562478087
45.03196335786593,11.984143420282049,86.57384788155893,0.5075817188930487,308.98913635674495,35.0515031860414,3.1377138430149487
31.74682047498852,1.1125939609290731,194.04103844478598,0.835678826206323,189.02731383982248,-1.0203192963287424,-4.845656396816441
13.741461115973657,3.9171028880859744,197.60667479801756,8.281101076179002,15.846682444061715,1.801689001874819,7.084713925026848
29.62033416338116,12.568521448072087,50.296474464485186,7.900281341411755,251.55918709225787,5.3451144416409235,13.589180598657071
13.57532367645355,2.2173333121284884,159.24515266505392,4.221224093505728,228.18761107937587,-3.9269150984668095,-8.13130820924874
13.20627532534036,11.402093915847212,165.92371388724794,6.813389381491487,357.390679605315,4.041366381901316,-6.979212567414351
23.507259497034582,0.49659186215841533,4.15066153419851,0.2732180636602821,239.35756898461335,-0.4359187516094858,0.779426841093551
10.96828844037228,12.143962240564454,10.925066695423173,3.2249660912844478,272.7210681676216,-1.3753632417258048,18.059583573796665
42.31888551623797,8.787608081221192,29.74773829925285,1.9042201698407435,343.1119156623958,11.18249730478418,27.762321591993313
13.930423986607504,11.754745233166325,194.051282056549,3.7153949631189978,283.4876828424973,-10.898237583126775,-17.756507805479544
39.93886976499667,9.073061610666057,258.92114679455074,9.88402905712551,112.6238493357317,0.6262921995030872,-15.824563662200417
36.887142394530045,11.920343478872516,181.44723320319153,2.8986179644263776,105.16965489007131,6.846343806441669,-34.759020815937774
16.370978082728517,8.186628499563694,53.25970065687135,6.681435672669486,194.40480747550873,8.948671819539605,-2.8759919646764533
21.487352100354187,7.833332409365504,276.47535702271307,1.5057724845204468,296.76852848203714,-19.104527800393942,3.268431438004795
21.55908778352005,9.324824451093733,15.285539873547162,3.7944525829609024,14.53793900140914,7.1507287906551635,26.55832275127229
27.387596806082954,0.39377030478563946,215.71619344940135,0.027955894323967723,94.06270681981292,-0.4772858554264956,-0.7601426165981731
19.824513607590116,5.1802824404092025,122.93609195893913,3.614667409948946,185.72065367570931,8.016236351291926,-12.893079450858053
31.201408848154127,6.077750218404959,202.68054250075846,2.358017743600338,53.7383011517826,-1.1153122950164702,-10.625851248170843
20.7763712142952,3.417671284526684,115.79055110397834,6.613239053562127,131.83583104346314,16.47400275730587,-12.138621933213912
42.86312853402962,11.777098615857794,135.11719035100853,0.4187315369057143,257.143719003911,23.360407385951838,-24.943325086475514
35.00067635469712,0.79555083886518,74.84994535550734,4.101834640063532,308.16922263141845,-6.56309979803612,7.326755185830061
32.33049495816935,9.271366524146169,283.14836024900353,0.16994362863648416,224.7833305619729,-23.486266324097077,5.10485155165997
35.44979898724122,14.078955336230583,332.8712489403475,1.8476642761950701,23.225226565124334,-15.30016702599492,38.249926664254936
20.712427437899624,0.7047990256702824,44.06776570894178,3.9167656192790803,300.5633574000544,-5.923127073431079,5.133305627684038
14.97057822054773,8.336901618007747,190.54426719145653,0.049717296779737685,225.20822721706776,-2.7269275516944202,-14.380047818123877
20.346465099499234,12.854186368410746,63.88022629240125,9.484452193501724,179.44100049855882,23.694841704134348,-7.790252994696679
47.23599143296937,7.734950243740103,136.11165149916187,7.638528211987317,190.1956682889709,12.4446500651534,-40.62909332772288
12.566636919888467,4.016991582761762,55.74993612080755,0.6553055451438539,250.79203444741478,4.32421508961669,3.2735890021326672
34.76298739847631,4.427266686334045,61.5136086033318,5.7142042849351515,241.01826399648505,-2.9480536057882034,-1.7493863504036398
39.22207096442479,6.1146181781873175,57.09343140911588,2.4271622210328356,151.1278968478188,17.830697076375706,3.383235150965458
38.67964480236482,5.523847720278367,261.08227688233745,5.28321045867272,76.99475465322611,-0.8687937800123127,0.9341351766816408
22.383401382200017,11.674422612620509,29.58057974508032,8.734441924153183,295.9332902764251,-4.468673583208044,29.848357607758047
21.665012820199976,14.733125861544048,140.3571067482376,3.5467608232901773,270.10546814292206,12.300922152741107,-23.82954813240816
40.30632027703878,12.99410181568566,15.234910154134539,4.032791837204918,82.4684609443298,21.248822922005857,37.45507992116388
37.03003626139391,5.098960758388326,245.94602247553996,2.938331007336977,345.31863355315096,-14.839588289797128,2.0993880873380277
46.45731798685976,0.3489615025368742,30.458469458964,3.7727113297380113,148.02898530031558,6.692191534312302,-8.923861714384216
21.191505748952682,4.359011483898029,207.25538749687232,8.14721930998228,181.87788136198222,-4.704228195318543,-24.97984271824575
46.72205746844172,11.580553452581137,263.08082639595466,3.6837179393651622,200.1925162305401,-39.405387342420354,-14.976101748043877
30.03879324160424,2.6768194322007473,353.6279787060316,3.3155122939865778,350.0914025927438,-2.1470612462226226,14.665883753902762
28.62730789485432,12.476300451590557,22.150829155176865,6.882573018962815,13.514753463049436,15.25024504670013,44.08323943059703
37.47309823008814,0.8628514401382975,307.06753928136413,2.3881710473179716,329.9349266127351,-5.209959562205333,7.150361937272607
18.357487013856137,11.475696469538386,127.82284639744762,8.285255769358018,92.77815320613799,33.54621381671264,-14.390827841274444
22.602952385985922,10.633170841877954,142.09920035483213,2.218788251780345,50.9097883860862,17.718606250666927,-15.00800816207045
14.087026444094665,1.418623333197705,215.94786765953754,5.262114142362028,259.6506210885551,-10.183904608257798,-3.548320473586311
41.49492327087486,8.165668738819322,218.32433843025933,1.9861888320070742,213.5943731137419,-17.92431762582316,-23.444504211198204
35.23494383060424,2.9698522939437315,78.041612867225,4.049945074619966,116.28726035207276,17.51918769463073,-3.157945239017404
19.028704178098184,13.235741638390003,307.7328712680391,7.233608147266553,344.2358129485809,-24.488440272959938,29.665728030434035
46.72521583737207,9.178127508016704,181.75912006795332,7.5839835376814735,117.87878391826081,19.821136365725515,-39.25964804819548
25.573626785072022,6.925696912490568,180.24606279295864,4.0719749613786735,198.91793593244984,-3.082398121349325,-24.60939671624427
44.5606349481565,13.377358430070649,3.84189939606133,1.8482881194877288,295.32558925125693,-2.3338744724256966,42.6129677182569
49.89052439054465,0.44097333245988357,38.42848420479781,7.786330164598128,40.32526521315095,16.94394325296038,20.03369408897007
15.1162805669298,8.957949972585187,332.7575326317792,2.443858361869804,135.82480430742132,-4.208920524428368,10.904420496760238
28.89092047120137,10.542579050811192,94.9993740210981,2.836491824913093,352.44062732596666,24.5833755435207,4.594483455758636
14.788037824740577,10.871664573394154,149.58392657341034,0.030741086772178017,223.58091745408976,9.52014399452608,-16.317613059798244
18.54807060711426,5.518572696642124,285.1497128940025,1.3392630134436445,20.86021563001497,-9.431076161993843,5.238188017369863
22.449114204553187,1.0636903131582154,44.342512439958554,5.259614187426006,277.8722689078014,-9.555549590507074,3.1685950734760047
21.47344681884531,8.08843992191294,81.30387129847571,3.970021346948185,171.8448785205342,17.907502299377978,-5.663850865152954
43.52260918211226,8.798356258045171,272.3476275719392,4.072790234886551,61.41624788478545,-15.53306520051584,6.877992273828161
38.9181620352501,14.124002070976672,218.3646000676397,5.058525886228853,26.460558522129467,-18.34377716338468,-18.437969147148905
28.051677428191798,5.027869008968921,150.57683250030922,0.9222474139293524,336.1600355292397,5.0153655422554255,-8.455640645702363
37.81668327630033,12.859159193641755,105.82141791894199,5.196802432544904,146.60925491631312,42.294157953641886,-21.782655201777725
39.885812712566086,12.443746108580672,226.9720647309088,7.7801844322705405,121.49705235327419,-7.022750475023518,-35.80433788927649
29.695021192905998,5.9324482562396135,156.733649878678,7.907319124322917,16.68902506651081,11.353096779716246,5.226656226438825
37.747453181739246,1.747689703070698,46.36312122304554,7.803067628036214,6.468779876711057,5.947587949687515,24.85451978988819
11.68634085173844,2.8940785908880553,356.4929743106625,5.202565631638269,73.14559496995771,7.41219443932203,6.787120341487578
25.62358957464406,13.26809401893177,31.81670885191876,8.712351975048794,9.817028187679355,19.382959152851097,45.39020483295326
16.159672643216876,6.834431298749082,115.33615692340823,7.451612965230155,35.98046856375937,19.158102161036688,5.636431090833004
17.020326187489818,3.2790611223161488,323.09770526433005,3.557953391377037,294.26316465978056,-9.709973705871878,7.608016079438457
30.363032683816968,2.7510584633321074,205.93494176237675,4.853861229596904,305.0754175685141,-12.876869447169803,0.7844436018745737
26.978942383245222,8.42056292788881,324.8704303155428,6.211786658380821,354.2111559869138,-12.833225809251877,30.64539320277269
43.255661506588176,4.356012353635952,346.72646116109985,1.1582856805697161,109.44223048306834,0.2734903221061229,11.445238031268955
32.18122869877786,11.907170548417778,354.65288341846167,7.802432640945105,123.339341189254,13.854153385599822,19.382732833739425
19.497026943232676,12.942505255390715,328.58073918598706,7.366581178734069,190.29886490954678,-16.07717932425332,7.570010755382132
26.29828990880268,3.179411243693618,232.24880765936476,6.145085448314051,44.68936547058911,4.185777305178336,5.6085575335120375
14.09898956627421,5.558442374862792,248.79879988601937,0.18054176909342745,296.0124708495799,-9.061077308022044,-3.273831865029747
30.295978894306067,14.897857520482887,209.10370509860664,0.6483992787664028,104.16585700865976,-16.446288306425988,-32.74474993312514
32.96349977903903,14.024423921380931,257.2749969238852,4.531079381100394,91.88784487429018,-23.723676529478634,-8.395275272337429
42.292994012117695,6.042825999433402,215.2261314855381,5.727873789055314,339.33274168779315,-16.171114643460463,1.2420552165063867
26.829516818114666,9.367258538236683,290.90522121870873,8.695799915531179,236.43763204446583,-37.41256448391236,-3.4262219640165874
43.21128742477255,9.62623979203329,273.4180719860781,7.460190112125735,243.32710150018738,-48.30713904565114,-8.23626277662566
40.44337599910371,12.813032432221128,32.27568596671892,5.2221241813560955,52.265177612716364,31.505771867281936,40.28456951598656
41.34123038237705,8.689193731259424,229.23972206336745,5.6876120156199335,52.89546667730336,-5.938531740238755,-6.508800733367167
32.61359486071586,4.416112529628727,278.0278207373456,8.873384096443154,205.013352206067,-20.950317508369466,-19.1444150396578
41.691942207471655,12.852519548809266,343.183853499923,8.905396773694138,39.00775243776776,5.501554071155985,56.043687983545624
43.56745504746883,12.106161209124956,80.2900474220171,7.805281142986731,279.456760800478,12.61721885328086,9.907344833297081
27.194983781639387,8.458727064711834,345.82609159879723,0.5477252161368051,223.99843284401246,-5.7729344651987615,18.383177291538175
10.918426808721616,8.368628189673,55.800293857438554,6.402394705840696,164.58533879343403,12.86576025630973,-2.190591262549545
26.708146325451896,13.374112400843238,231.09694390830518,1.73914624372695,77.72646718785637,-20.320953922494866,-18.736131489111735
32.46638624162421,14.92037814755752,82.11972763536689,6.067310737103026,117.2801113222,51.89740503110732,-1.8916440608812826
36.50173294615748,13.61790020336975,234.06825160850764,8.985218998049598,187.27506853541956,-33.1841156049142,-46.11378107620586
36.29036721499734,8.41729936268317,6.299738742035963,8.187729863892248,102.49251408938241,24.256027446935327,17.939697118741822
10.122889547720785,5.170243303480058,146.68998390005362,6.6358288465295185,353.3752981669028,2.9791879212979637,3.262051399795487
46.089940278274725,8.49401756487865,156.29335554601477,0.29939894000084566,289.65069432280825,9.604099002136262,-23.531578104584124
41.36304204083751,6.093463963699951,274.7178966487943,5.445004230480953,52.78041628220979,-5.043652479681516,11.019596450159243
36.4367444115992,1.4024609085471373,198.2210220223382,5.729132769874939,124.09827252099645,11.735127260445745,-12.384707054964094
35.21411331677561,13.851921315775964,77.98755798768933,5.617940610790928,291.1471700172377,22.26316776382387,13.15501937624153
13.930111131671552,12.459212767221524,317.62327590926225,7.66491004752268,290.60368769065786,-26.242615637090786,20.056330863308943
22.547787300201357,5.052787361347016,332.5773572188008,1.2018593588419657,303.590822138896,-7.1358405360085975,11.041712708975119
41.088744481517985,5.98005736710147,53.6227339999101,5.876112118086484,278.3321463455809,-2.8924626076671256,12.72990682578089
43.99054155022837,4.078521835734093,323.6378047958191,8.546369226981259,299.7107862332472,-29.47116722006723,22.52092720247919
16.569818400864996,11.284992682606132,0.35214455682633705,6.677163381293994,185.00349846727644,-0.9428829412015021,8.51544452292434
34.01569765528231,13.610085310626824,140.14306353433267,9.984434921678222,42.04222038489354,40.57756006908765,-7.9865996450769785
49.186021913067684,5.80781148790188,72.74112244710642,0.8121410510178684,69.59984193111171,19.97374576134848,6.352979532413041
34.47559456075459,12.353408146965418,296.39692207874293,0.2548532968697059,340.3236662137514,-29.563641844780523,15.1968296632934
25.00765756601464,0.8397937877551775,233.38267103231658,0.8010443518336541,226.75032808148953,-2.839412803489945,-2.3703393169275904
12.92651202018166,11.065955235219684,19.55647262282134,4.077910466019386,63.788114716436375,11.952547086667469,19.851974008801953
35.181489444317734,2.938492730838132,209.68647734666268,4.433136183177919,148.00858665788144,2.392517672780314,-16.906397703470677
15.745924726217737,10.94964571688634,79.38387743756947,2.79800223336529,6.0544455234605765,19.811406402052793,8.599475598282044
29.810751807883243,6.640424162019309,101.34034321208051,1.623122845454662,257.15353294801065,12.149620822377182,-4.1087265692978825
27.961003448198888,2.09595755405961,145.15892233452115,8.630163029703953,241.70163308687773,-15.283709074240084,-13.875334242473972
33.85248039281163,5.168257246106395,199.9672163093099,0.9206951965289567,314.08140374089686,-6.373994755171655,-11.078655410697065
38.99952668708255,12.390090429127888,332.2184042514141,9.230900559402638,353.5136841084797,-19.224553525859672,56.77196009055569
32.6168548164607,13.987277515433526,24.045879817610416,7.777398769821664,8.184625081869964,17.552169349054154,52.79029449395928
47.46297911524219,10.119486287258866,94.60766780508244,9.702969729547839,71.43812978982862,59.98985296629664,7.079360092772968
28.154657552275985,1.3378027011351685,47.75964158408019,9.313866221472631,128.8364170295805,19.75445357903988,-11.838717629806156
47.22444181777492,3.0392785755628093,329.6949781921887,4.013122998827195,168.18940368359347,-2.209976426684436,-4.046760539614885
47.086672210440284,6.963825525042569,73.77013523754755,9.961108632319712,326.7496503825354,3.7943697357596626,31.84053919456452
37.12130788018005,1.1789187717728873,58.81781280165313,3.7982954913839717,78.79358522684547,13.024572338090607,3.709942528859849
26.87598235546737,12.377510537947835,352.6359164794373,3.1775593856242503,168.38197543076654,-2.2156945446556833,21.448575257111994
31.844511501024854,14.646496625054466,135.35319897275502,1.9038719846497265,161.09616657168394,27.797085306903384,-31.14018172156703
45.65602173443917,8.177831913910227,110.55536966961265,5.9255502409625205,261.3551919612707,5.488422839783837,-11.477524080949289
16.74774314897,8.682097828726024,17.20282532801036,8.641228258281092,105.84594237578438,20.10540061620334,10.965291773582152
11.720050267302561,12.261919799579259,155.21750792221007,2.8476062413252032,19.044044056107865,9.381356305884465,-13.047723320462241
28.06954568770239,10.230731097995408,299.5201512916502,3.9835957788227514,192.30545490221485,-23.32781556504441,2.7484284373519188
47.10735802107252,13.575641899914116,266.7299253101442,4.996583064442602,184.82068375732413,-43.30401262757651,-17.829605210113606
46.60682117541084,1.1276784554884038,300.22482945123085,6.390624649246672,316.14533407216607,-16.651760283012,15.954924726645663
45.77064926047172,8.834896147576421,297.83620168016193,1.0233796110947146,69.61874197420036,-20.9349293181804,13.690795147588155
30.776979604537942,14.605175862446545,61.78306345721424,5.461250717948194,264.43726970783666,18.621607995857477,15.971613028322288
29.65223395359353,10.96842792109913,218.33787141483396,2.3386451421587506,153.36738073803537,-14.15079781133512,-26.293020532729585
43.05334902752304,13.120998794869793,194.16956370689405,8.766430624945867,305.3073858135053,-30.710732668188633,-22.67965459609814
17.08866433605902,10.222976132770821,114.63898768300608,0.291569556181972,82.4069843148673,17.883606159091503,-7.883143481303758
40.010849073422925,14.396510765565797,8.250725697110495,7.856076859147796,211.90017309826172,-5.956337802850822,21.643114667573037
38.76731712718312,6.4303379956016,245.0683117937889,9.944676914736252,163.28654000308845,-8.35293019512231,-34.39728329098285
38.004461843099875,6.039890109848681,337.7499778473913,2.359499178850093,145.83048780694492,-2.6772150250144966,10.126416576279759
41.19543457257916,2.198162584763137,285.265443962561,3.65086307857454,0.810527022198273,-5.995934374002204,12.25656823120298
31.62482593763753,1.2652875846896912,302.6450376327224,1.804489733569935,226.50297407619186,-6.02905272186201,-1.420733527727075
23.1156240921864,2.3882572449210047,357.17428849345765,6.787471240270935,237.4398530406846,-12.674392274774995,-2.7517038458749337
10.593286090280586,5.025765285537523,355.99441439674524,9.370587624974617,247.22909760003608,-13.213530094524142,2.0377719796695093
26.197387447783886,2.2551077677856735,26.230382831554714,6.513016877330109,337.344158759097,-3.494458643255894,18.565427801627315
12.910131210595974,8.559273981162617,117.86131623709298,3.979304430553059,164.42125999768587,14.010308599473063,-12.708140385707804
33.76684664335585,0.591522256753565,212.62777591000065,7.725708907981366,96.66629317908664,19.29662026965992,-3.660224164446066
27.198443002533015,9.134418987690392,103.96947236363407,5.4672611406503355,5.8198623591012,22.178961213689437,7.61536716554889
16.333478428981923,13.38264840676479,13.603729205683504,3.3088163881290775,12.207972276985597,7.020728587752258,29.637252993443298
34.20666119211711,10.944551851205423,238.43288856025785,5.422823237862502,351.00336059114346,-26.865042831435186,-0.9858909128120761
33.92891547583075,10.371096460234892,182.65004388141347,2.9186761117257665,46.79574241734605,4.33423719434243,-21.99222653268605
45.29964673685957,5.065814388484008,264.7528953813224,5.122056346650485,226.62577020947793,-26.64494541085543,-12.097883289364047
35.89083018422548,4.253489004088122,162.6709171040632,5.45692388024441,164.8387624805778,7.287692677975401,-25.23093396391534
42.410375699750894,13.693780754037142,250.30093070670839,4.4140555777896715,128.49763313318616,-27.75148684110416,-21.652348641940897
17.16169185497788,13.427940816875797,144.5951989377178,3.9049618301988707,70.5559494654628,21.439288164780834,-18.040955490813186
40.76429217222618,9.850901013623293,9.438441218477234,6.155828718245507,98.96401596785621,22.186539039905757,25.24899702366011
41.209917091724826,14.452854575293982,22.853192530476598,6.2781898426780245,350.4086578347247,13.237703702500912,56.547240021303395
29.795930269489265,7.98295961608788,138.41078426772089,1.4991707993316472,224.51084976534116,10.469891364078922,-17.35060583094457
46.61273105039137,7.5870824415861895,258.67430764722866,1.5391532210294157,300.2717143790089,-27.03111280330938,-2.201383566734665
22.804651116167562,8.652064114379165,177.8065779649398,7.497644799812132,284.59008419208254,-14.931201850646696,-14.569666305722414
31.28562668509896,10.223440996302674,0.23566531757797105,6.43549458579996,245.64194161498588,-14.700098058190235,19.116041858949643
41.69620938226033,5.5302137566959875,250.3805859160259,8.830204608283768,238.88524057044106,-37.22933506373991,-18.717974231069675
44.711500811683315,11.333507224299725,140.45559538258692,7.276886002685067,119.47569524363031,40.912322108844016,-37.1971364289413
28.265417983887637,0.5747369338535668,242.2840479384152,1.679196602076074,323.9160316812786,-3.5955007014523526,2.615976978098199
17.03628831457468,11.197091900851369,306.893375626434,2.6832243987326123,65.72017443420816,-12.13065833269641,14.583647899736212
30.943395016543075,6.91028724539223,141.86412208228265,1.4035415912434401,297.5286317876098,7.5919749183289245,-12.022338153325544
34.45549675648328,2.7853333173283796,88.78492614792022,9.516398544095301,246.0692118985438,-15.673411361656068,-10.074394556989072
39.57442092181837,12.701146744480631,284.23263356759196,8.30308369296587,79.99097460407884,-11.744076546359679,12.96894842225326
47.624208985140264,8.192731323891284,324.5464403372826,5.72594470788064,37.116940337918564,-4.040955683784514,35.02229562305743
26.196042348272066,3.9109260677852036,246.4089328422443,9.159971276512792,67.17664503972595,11.228463615655281,4.59401223097592
40.45992831524847,10.836312620645144,335.5780000536816,1.7789857770468176,340.20877989833235,-14.597720799985765,33.14537280662141
25.563061287307537,14.529419903693013,61.86858792092282,9.460647373581248,79.79476565569897,50.50691193271503,19.465700986226935
37.78390712209655,5.149875677720559,218.8575261936018,6.86437475458174,36.79946035503828,2.444927252867144,4.125176348512747
44.418008026906634,14.093691576773066,38.2358244178896,7.106152876557358,132.92331406242783,41.90750821912971,18.749956597192774
11.026370808967453,9.68731244910122,186.81659619976404,9.562589778473905,341.84774775835876,-6.190669963249826,-0.797876044499759
32.347396112792595,0.23448615631653125,115.35890960809323,4.877683801427724,244.837103660626,-10.793207097544611,-5.583888439232833
42.99447961500496,3.363100626424214,69.89743434178054,6.2812775092706294,43.19200035922244,22.0787626053462,16.98037909290744
37.01706853326175,7.684652971960072,207.7072488279899,9.263186218768144,40.7508817985426,6.795700814074964,0.5875639205975958
29.248693763912033,7.263736296238179,16.88034081230469,5.2154259259272004,253.68700146750692,-7.072477357479025,13.396037798684977
33.27907837510645,4.037006735069843,13.568595580485887,8.385628190951323,75.6669117661645,23.629587533149177,15.629198807546834
22.303219165863766,4.878689791297538,163.32362323036898,3.267678307563017,117.99581194540102,9.137917054821898,-13.236456452891455
14.288888936220365,10.933987070639766,131.7996435089158,8.860988856439857,294.3139737174968,0.12975956579911063,-6.211708559537593
29.034225263548393,12.688131177867508,188.82892038714914,2.381488367826025,153.45002920208623,-2.1482091483160306,-35.68704651172888
44.062373136675426,0.6868825498286724,345.52807586995874,2.6575442368336466,304.77782826041533,-7.0568351412446475,6.536693660092107
37.88503672607506,9.649680644540027,39.27769021728908,9.503867907059146,285.28353565461435,-8.500719852594958,27.72181211342424
11.407687597374231,5.307892618029349,164.38787086200458,6.1571876353928525,341.2710544402425,-0.8365428089019722,1.0966394618926358
14.880548028969427,8.876022009967379,170.23957701127836,0.601423278828841,263.7006412488846,1.5796939360048907,-15.351118689437103
15.265375899602414,7.170207314944996,97.80552960898856,1.2977589096881392,304.0927876914447,10.6361338653517,-0.43460662602703115
31.071323620618823,12.846800919657863,125.39385188214256,1.6278952278334835,49.26591647164993,29.462740582967456,-16.053850912801824
23.23572890681224,12.136468281547671,291.38102739534736,4.281517670756809,21.012897372220294,-21.25555989548998,18.329108825785838
22.97820683241916,11.59388328905036,182.31819681513727,7.922955956629663,161.92068155116857,4.306721852233166,-41.37515248023675
27.688059592109347,4.4797526146388815,60.33234931348906,4.927118622221175,121.64058881755923,19.214403104862168,-0.8728506750446021
23.49141329024849,11.11202816216323,240.95331326619498,5.413494604242771,122.23303305983248,-11.238104776161874,-18.125769755096744
33.53284878193278,14.468031044718968,286.776881754739,3.1732728174036575,256.56341450637194,-44.28880215756138,8.991203376677085
34.54591282845516,2.6666266659682054,46.4028631868587,9.580051199673305,327.77523042795656,-8.432120553192222,26.387983732534572
48.70537581532534,12.186268272978838,154.1186195219978,3.322947772249262,49.005098460069476,24.665542070295935,-27.68018135813147
44.040525557475554,13.23734991692776,15.43497604235653,8.016214915129638,134.10129539742627,27.80577195463016,21.51810194395339
19.18293553183416,9.710100763858227,83.55224330864351,9.584613236518297,47.20604353661965,32.99006332912845,15.03341870416074
45.09486938292308,13.246260992199195,297.74743915844016,7.993121022431454,312.65463437330493,-53.369890688160986,35.12112178158439
12.769703033072926,0.08354559436178854,122.37471739195666,0.33789303316078323,73.47285738610047,0.6365166854502365,0.08291076855323656
35.32020551731671,8.333190762045433,65.57365272580218,1.003693810396602,109.17447464444238,22.904053378555265,8.362430435698238
44.04488489622146,7.871878402334664,137.9043210960718,5.864335046705772,358.23615176994724,15.27236715952302,0.061174953679735466
29.625176234266867,7.493766989159799,306.12313455738,9.904630477477097,79.95078587760058,9.092061603496205,15.104508099509435
27.96017435159348,9.559827423337211,158.78297760315147,9.494575060357763,231.53241387591214,-9.488456607846418,-35.37887054073492
15.988187416464124,0.09548073221779141,131.86587858607447,5.153140201031414,265.94944516812524,-9.152007217762396,-0.7722235878890001
16.70835790611538,5.53251511841043,75.294292732277,9.586915900527925,189.29795860229362,7.017754132938875,-14.869421506035009
42.21539044784523,2.593108680944791,195.61129816459484,8.163560264249234,265.33662325249077,-25.917391610050196,-9.273890241521553
17.61694873462279,0.94373380314135,72.06519378996285,1.4321260808902991,302.82013619134756,-0.5792540855451311,2.021805390744442
10.283371396932587,4.573041717417671,33.33747104730022,3.771563301853571,2.921346416872499,3.91726674222809,10.98575343362012
13.594039237377222,3.671227255690991,94.46053368027229,1.6015079769460128,258.3160495682698,3.4823426497225003,-1.0152549596900013
28.52744351178619,0.3633808194674304,59.42129042816611,4.716607436837654,186.7252681718767,-0.5776112393248436,-10.850661723325691
13.483675618516596,6.840412077710907,283.29226125061115,8.998516377068139,172.82864873956228,-9.175055945018864,-12.195235464775115
22.833954471451243,11.202398945387008,130.74746372055162,6.277345289709442,174.1800064507126,19.684682444690466,-29.250780425581283
25.156384156571306,12.941066016020493,339.16958132214666,3.2543423877988573,222.700145486625,-15.419797109694326,21.97530229282821
30.43712670107722,11.632770544463302,241.1223231783843,4.5357328193197235,323.874524807662,-32.03572589487966,-4.868275456230929
32.151990604725164,10.943343837065616,141.29840358432176,5.493740802186009,65.39490236777118,30.306814193360992,-16.009176712631017
27.581460762128405,1.8139465129472647,168.758092695457,0.6332193655644902,247.49382344949743,-0.5486276770934967,-4.793677438589973
17.932847572236746,11.808174816950524,262.18924431664624,9.257949781751993,235.94259090512685,-37.03427071626055,-12.98188029810081
48.66480892483843,14.350365046917759,333.3913681696054,3.2582260803721286,62.11579036615038,-11.174079811486473,45.21369439440027
33.06592284297729,8.50311922762262,221.33131263461303,7.409945757086595,317.3611356439391,-27.612342441288018,-2.4249927593054537
48.213678926470884,10.992076928962028,287.78506634908683,6.5724710266193345,210.6636252040463,-43.324410508608736,-7.19837827306373
35.61430046057658,3.5440809525329313,198.23721387829082,2.3645472449590677,59.96297744689065,2.5271667472371213,-5.880839370764416
36.13278668036827,10.537053752409463,88.02762362485086,5.7760515701546495,322.02779408141134,18.936311751600982,13.342615773019208
18.12746027714124,8.3391620523888,110.90210956365,4.1787539513525775,176.0771612891777,15.525977103970424,-13.734071878093872
35.78425957650764,11.056724013052136,317.70228398976207,2.188660216447836,290.9670595937181,-25.61836553190617,24.20475250745768
21.593711747865466,14.128475191395019,205.57573824930714,2.6103792984361327,91.40264934256084,-7.322083806559855,-26.873576716102733
42.43053852113408,11.623964365361337,220.03662241679964,7.250297748780169,64.96576817019195,-2.6713473722076593,-17.151895365220227
27.87306892979366,12.373035644882604,309.82112534057853,4.387959987125402,67.2461009440985,-13.00756635584337,22.934111171874765
16.97322262529781,1.0482371407102313,19.957508140798645,2.4648935099482916,324.3861345538682,-2.0045068026408766,5.560447556230209
28.74044053546954,7.905001034289241,179.17232855227041,1.1251308928606796,176.5178991470539,0.4418247653652748,-21.851522933979687
45.81530893370516,4.90315152014889,208.6482800725471,5.583122517600975,329.3930756063772,-15.872053611038872,1.5353893220059938
19.721087852319577,2.238593663433011,292.43547590881155,7.527489809102209,35.48030680788952,4.611784248592515,14.004120610682982
41.729345132204074,5.956975303128705,284.6108688518357,8.629781607858137,197.27261116980438,-24.286948041386225,-19.652976027297125
16.930653166072695,13.250572202108682,95.51216419010485,5.542100182842122,218.36878755614026,18.11283566611158,-10.437550475938185
47.589075471763174,13.272381290674435,186.70463875864337,5.059153948994206,204.81167106191202,-11.439437343338671,-55.36223697438024
23.972516859649808,3.1587860017999563,266.3932032878399,7.049528947361953,133.98943931047054,4.243246553457983,-11.263258481470345
30.57338218610414,2.7698430683608177,229.4737678214628,3.9434576723204984,21.917163487740883,-1.5814179238072628,4.640238006201485
43.51417807416541,11.259102611653809,359.1164449818418,7.685686874422267,72.71826987148317,21.341171428223557,40.33157221227123
21.12520753681357,4.531552929761334,332.11607798655626,6.454068428427716,293.28218196451456,-16.70167424114364,13.606624151653513
44.207425056174,8.607784769021064,39.413102013448736,0.6640843560462784,300.6662693162045,14.692168784018147,20.98176555768617
16.520189927248413,3.1507712459571597,262.0648014946714,8.985397363345127,312.3332944041857,-17.917185854650363,10.306908773380895
10.913623207493073,2.2382306281005953,207.7878387294175,7.7922051345454,262.7160642970943,-13.08586249034022,-4.427292951559495
33.47518049158999,5.223713218868713,8.650781462274644,3.0279065816729878,172.06874623735473,3.1440722088242374,5.656771176850407
36.15018810864,11.023831834425886,69.42645922607116,6.120801778379765,70.6797424569398,43.69953652802185,16.014346760769023
10.196499102279297,6.233766115327748,169.23477999682137,2.1041710441390817,213.65458711945627,-0.0024880531418165486,-11.355002462052902
13.717169048993942,14.51121905243063,52.2662581742929,0.4841646278866141,54.335419710218545,19.84971123061262,15.3233169941809
16.071495448219654,3.108684289165349,42.50851714628278,6.867859506904148,252.14471955329952,-8.030665949692576,0.33644751474289647
28.413790288600772,6.998292217328382,237.66581244966846,0.5350346204017031,218.10143290233376,-15.026557322866196,-10.02230209138875
39.84084298415115,1.3385488222465547,40.57545049287035,4.026962899007315,46.62089354382975,10.823030638006411,10.78013270593675
17.228279126242136,1.8143518586651926,259.801447477119,4.464910040496793,260.2797693271787,-11.594345205396955,-2.014871655609687
36.468706948333875,13.88295980496204,273.5827162679233,9.32402411465897,71.26247922460638,-13.704431708393674,10.532572194361151
34.9189605554262,10.945214019800263,13.328288985046717,5.718838437828762,155.32147867159614,13.103228813345616,14.551852542695716
23.492527368188473,8.042226882287382,237.7213986544428,4.553432513075062,315.67410528251355,-21.84347114856734,-2.270393512433408
42.45036879225527,11.649731344095548,37.30664442380843,7.6436007607729,101.53619485653475,42.80359180419616,22.762934628044732
14.018346992164986,4.266756514762651,284.34131980701665,6.830417170731998,225.1254215012036,-15.171344830779598,-6.360511226987567
15.624448633768854,5.05733436269803,3.1471768581467607,6.649234840768521,353.51418292871364,-0.8449589995381175,20.803995511700066
16.005123137331978,4.300694433105393,46.37066786111416,8.399913819375499,212.9044368096843,-2.6196926916460423,-7.378976604031376
38.02502776589188,5.500907934594946,348.36348120861584,7.2157420501482195,302.2725823875607,-20.076385846351922,25.7287712130678
12.640702965994063,11.131680801806962,235.85629999969143,8.053621570073124,77.26253999503254,-2.179266779677853,-7.179367956829575
36.67802231576147,8.943041229088468,46.15319908051787,6.945605843026852,178.76090211017214,18.04757278724487,-2.047746481962573
10.683541529286797,1.4575208979319658,348.7987825523641,1.186503331503198,99.16629693413014,1.3108683462212778,1.831137756231107
26.954484860649362,5.385241085629348,117.59001876615105,3.6669060876495196,110.50025697444353,19.24016967001755,-8.857170932280509
46.96080181906629,3.1801891527707244,9.735174874727527,9.415126597504988,319.71682747715965,-17.17201877820877,31.922235630316177
41.140842484286594,0.38468321496760327,356.4359999706364,9.301852289871528,152.08552423358427,12.542466967805494,-22.692918281977327
24.472903196290478,2.4293079390351284,83.09044600062236,4.948570898021069,21.711227147926813,9.475953788246144,10.922241823594785
33.962672239370576,0.9227784100675468,258.782754389622,9.639940193695843,155.23988063209947,8.242101066981114,-23.50663454119573
44.4785715910234,0.3357058851802125,82.15244953927052,1.2648277625449666,101.30356245619797,4.736359392115229,-0.6085222664760995
36.00377081190122,13.516800005775654,123.26051648703708,2.610618543096963,311.0598622046071,25.288681645539246,-15.438764350205956
43.110705577906124,10.266730408936894,231.13475384360467,2.218369074255302,255.7194199556377,-30.07261879703475,-20.721362280037827
21.41823173534363,3.7454615971424934,44.8900858020011,6.161372018097845,326.8729830222924,-1.5125157580402098,16.32727985307222
26.2216001619664,7.445805471140325,329.1143598901368,6.398386839887023,132.68379563352528,2.0378272306568217,4.7448016420315575
45.721701320063936,4.623889918205112,23.357658784983144,4.4281226836236485,243.74464929265466,-6.527684141792325,6.9796194346724425
49.921581550846135,5.579546982613608,153.06123870359295,1.7248250503666807,88.59511323616832,13.565110093823835,-15.733765470836415
29.182859910004954,1.5963753838307204,301.23727389895623,2.5109955267418824,156.30655378836042,-0.868149474240199,-3.589224899072776
14.422409249580976,8.324121019922027,276.8964746792871,7.972590534657284,185.10588827840425,-15.387135188830603,-11.902777714262573
11.549215676551894,0.3996811962980851,328.1284387797557,7.925299213273282,199.3836063351209,-4.359989243642229,-10.950936308293175
14.01508761922293,5.979575098622961,274.83992799785335,0.8998068786400704,58.27476853556853,-8.777848026700118,1.652611745716934
30.65119655210478,8.165589497960621,186.06669303085056,8.123361671474804,241.27000996357052,-19.964157777106234,-30.059064021723973
27.910448344767733,2.2219821355582074,10.973538999525676,7.197926127030075,350.712420369527,-1.7621194787458292,22.14838554423779
38.17215086841656,6.951830024022794,70.3748707697593,0.4245062476833783,163.06672659963309,18.611717597901137,5.380651678612553
19.860120133722745,6.929192473659803,82.50804125942396,0.7970757759195046,17.207419072679976,14.298379538748076,3.3500649759349717
44.809166874803694,5.416816991191647,191.04988830834256,2.7554779121304396,108.08516496284328,4.778968854156518,-18.654092832702826
42.04106581229482,2.624709395416735,253.4633075502462,0.24790145586651602,203.44723669167303,-7.655147431328918,-2.852985156104829
17.26903448967146,7.9753753758301436,190.12403729179354,3.553335178406524,153.32702110131675,0.36246321585103836,-20.68940926493036
27.17939662818917,3.806409816761405,10.686256540136636,1.2049637408001612,1.968004704673394,1.7588988467688538,11.63954233729479
17.958591878342247,10.06576155911983,313.98051589520077,2.0036561494292826,144.92874694146516,-11.656322802946928,10.236820342771749
42.90341788824381,13.791843198844093,158.21144500306943,2.5422113268323763,157.49095529518382,18.01870326173773,-44.8213740113966
25.74496282243992,12.347896115732961,28.41602867218957,5.851471875911544,188.861729551831,11.396791381942997,11.634983332547865
43.22772149390638,10.49215881382111,171.00122099245348,0.3208462936863954,352.7362139207242,4.751494115343683,-29.819520061098878
26.11937356436372,6.383453171718922,111.81646307877556,3.3033174743382365,212.153109378934,9.618782849263425,-11.928013034910595
40.203841944876686,11.926550915443844,18.207919604296205,5.885142869178479,239.9531502146207,-3.9154640759078596,23.999099081256524
14.972936783411917,3.78474936306671,7.073228580118407,6.5510319369058445,210.8032560716771,-5.04700704832199,-3.268836579376348
31.755119493088927,14.12214903742462,24.460093493737844,7.149027627924143,272.62340345961,-3.2927923602348947,33.54018684886616
44.31681266650778,9.466118629623733,97.04025303349484,0.030268901217502808,89.74458843749377,28.330016166117534,-3.4870519019770105
49.899400087514195,0.9866823609917502,282.40476922663606,0.4229692560077969,219.80102493752327,-3.937169770683551,-0.36041712957394134
30.073441278307975,12.117479099666223,107.14639032460941,8.301309540713826,295.81619872812996,10.167230214704023,0.1057235996454775
47.170441124610875,5.925003154202459,218.19927923759553,9.896978921653659,229.99737441930964,-34.87261165294568,-34.168681708669936
35.92107655558546,2.979956730818124,212.51417605613352,6.851557129642213,292.9195093307454,-21.412297546156076,0.42048513027157863
25.28884995072692,8.348130220536897,105.3417664523419,4.10887210876314,137.52144801588904,24.58045351433811,-11.896095896198858
13.983070596587615,3.244253786462033,103.19581108478225,0.4910417262480693,172.76107613419325,5.4375152260233355,-2.0729216359341023
20.646964981628,3.499483223734399,62.71035190217371,3.2231954065631108,65.8855199511107,12.41653559313452,5.993655030738649
39.47871854570036,14.50561305679993,241.1033407803701,5.951213411175153,209.8310178864487,-44.42755767316535,-34.532807891182884
46.47878531036926,14.93505853532398,160.5844727942707,0.1466047813740068,256.13528025237133,14.844473856541955,-43.4679725590722
46.44283362153581,2.4771409351481104,155.08332122358493,9.880451482218085,237.71602608445264,-22.491743204452927,-23.15163236722255
11.05227804611392,7.0090271216982,185.60564909776332,8.198137276178334,194.59812062926824,-4.129327151199122,-22.37971661078066
16.86112734845018,1.3353422743166137,19.77208839930503,1.583584745284613,239.5288735429569,-1.6930325219810336,0.840956714663079
11.097176262982078,12.048742584188295,225.99722455007532,0.9507804996981739,335.1199818007431,-13.637608200188344,-11.292502600493544
47.460509403272766,14.155712348212244,287.70690076148355,2.3521073437762983,246.3646174419978,-48.64970909173251,10.459247936592018
40.03702688670441,8.573436980652277,214.37061892155134,8.849509730417378,280.81419356537356,-38.66225707555275,-15.473997326696662
27.94321057225241,2.199088398081827,40.30441246971699,9.760113019083201,346.5069223051424,-2.040319231688705,26.655420434271836
39.238269280278764,8.062527236005238,225.34584292436438,9.645821920764941,334.00921402972256,-28.17739028019638,8.495659231666526
30.328699955503872,12.229782993385406,306.50421042307744,9.705082069830459,334.10726684064116,-34.98297486931499,39.80089151368282
45.76654352546803,4.561711162526602,49.76663185550177,7.5783266961755515,162.46488407886866,17.61215243180529,-13.072962251603743
45.20709332330267,5.340762904503898,184.73232258469167,9.271022918309109,205.59154625108954,-13.495250849438198,-41.54307775683267
27.614143780624612,7.602719818107703,157.56042462365707,0.1153402432128603,62.12701247794337,7.127611688370186,-16.545297488451485
42.47481138279824,3.8925101839112086,16.856037905540504,4.743076363220672,170.37909239508397,5.654126344686682,-2.798779334616377
13.74788279199917,12.638889310489962,303.1627549827781,3.8024990680388426,30.646092205047886,-14.46814911578013,17.051589401422714
33.82721555329248,1.3725556170131503,233.26271832342556,0.8403252016118667,56.819152712251096,-1.0416213758722828,-0.9482729172144064
45.63959792246948,10.115106942185253,212.55477888397724,7.914632869165348,215.96461595109432,-30.781649539674028,-45.547210818516845
26.938980686571867,13.55717433668897,54.15732567615257,7.262054439794761,141.1576319358837,36.4289051860831,5.348721238455669
47.73080646963362,10.054142467329092,305.2556566280786,6.645834269776088,18.009135247531567,-19.201463783348032,37.81958385036882
11.725387748730682,5.319618682861767,256.8175196830111,2.5865144211591407,284.56950747845553,-11.878524611562868,-0.8697051384344374
41.60466390281162,6.352841903920433,127.65961582790223,0.44021192896034345,323.8513153691983,13.890944859638248,-10.268913879568327
35.6930724525784,2.655439282302571,102.28228749863267,8.937628105914587,248.73496025171943,-15.469014793982618,-10.268051234850796
32.327504820862615,4.999603709898736,135.8592627007911,1.070088876711628,335.1636603898273,7.784831417290128,-6.717838656386502
33.241349994499735,12.884899803043703,237.10721702285295,6.4117690472422675,65.42109031547571,-12.986444295983016,-11.273308373579642
35.599944903006424,13.271512046986834,333.44175451835764,7.020110312078446,101.8943949090777,2.520528771591323,28.0832894879572
34.39299207219916,5.755960145607416,89.51577200984786,2.648313711252548,220.2494173836035,10.710134688883478,-5.22355030208739
11.02484144736668,6.7958964979314,112.46172260201114,0.6475992831547872,4.181489162606953,9.486412045367056,-2.9243970094551957
32.43332574904499,1.53314512810877,51.24228937574181,9.812262872861146,128.00569093822733,22.955533560532643,-13.068073314714379
40.401968730437176,12.382797073235677,146.38714476733057,5.426196571194522,45.02077102753211,30.689302804453273,-18.58854722844071
30.101313879388943,8.60805518479877,284.16389495372397,2.220025827431545,192.463947415702,-21.863154273946638,-0.1519651556443833
31.308137684073394,7.527131799007064,221.06888752275447,8.803342762284593,49.485380311343626,4.4151723833962,0.1115792797447206
20.34126323318139,7.192854004130365,356.61427166691647,7.528952771962381,160.26275468393627,4.312726560035887,0.19073899477958456
33.03000988607104,6.373716520747709,224.36606213366554,0.6340997732566178,107.96388586302919,-9.99995499898314,-12.331509800210027
18.578071891877286,12.445443806754,211.1392581655197,7.566886022256391,260.9175071819324,-27.06694527996909,-23.055689744218604
24.309884506816005,11.332365831785175,215.8884223582962,8.148633700850986,359.4884352048445,-14.95117052420192,-2.299086487658851
44.925311864784675,10.721021600892339,38.86576714928152,2.133437952034949,259.0972023214973,14.019761426768124,24.041878026400077
45.777698755390766,5.125935247530828,353.16454387832533,0.4379086135589061,91.62451025574147,-0.5265189018854628,15.510363953271465
32.25175097913848,1.4159333781087717,119.68225777680563,8.300587885106484,7.8951141804718405,6.07802479750802,19.284946648552214
16.62293444881325,13.596436227427601,100.22999815770628,3.0208816748553478,52.072041737927364,29.018593808069266,-1.0270135291340954
14.982773249232654,1.4604217293394046,114.43812306301945,0.3156579936326964,69.56950046811427,2.8407443915942565,-0.863390896170018
21.56608679103854,0.42382442813716337,204.19896058664256,4.020647469545002,22.744653591637572,2.8952262066590166,6.964475473831749
40.22422007928358,7.263593885664905,328.1594644135898,7.475218032697855,278.063952816154,-32.168458370319115,20.673404538040074
15.071091264544307,3.8803778880701048,193.76645271751616,7.530081610874918,226.97529148354474,-11.268110383426647,-15.612552550042505
31.868175131393016,14.346391585568313,262.6148754434776,8.662987530283974,166.2210224568699,-31.005413314626182,-26.14633272669151
32.04611812396651,1.4534716611540233,28.663004036444026,2.708700777120848,186.10977400246801,1.0450916387584548,-3.6243602774402532
49.81105628746339,11.809152986087742,302.3044672423697,6.2254751611283385,330.88202045878074,-41.461438356017666,37.443033605777885
35.0636039306318,14.207773946042334,196.5294065474468,6.164681662855144,193.82535146375295,-14.746254997792956,-52.42197213911271
42.19065395448746,3.7346367201448305,351.09209306118674,3.9582756680607267,222.67623482524425,-9.565264833104962,2.286102296327142
27.613865229968958,13.954646867519973,137.21847000866904,3.1235030806578044,321.3083513976902,17.85573535673885,-18.516689276849227
13.611834742822232,5.104274890015146,94.03879517616798,3.1355567130132975,237.5663773547723,4.073275947667986,-3.4003100861014066
14.425839222704413,9.205456577401721,260.0573719715992,6.795230446799206,21.091708422710376,-11.356143066201865,8.146957895468939
37.49810510308921,7.166350744070561,130.07378584670082,6.969908917602027,137.3363673694087,28.222440021081283,-26.927147456346567
37.79066683187736,5.268915643549171,25.338116368748963,0.7860632555545977,245.79577998929585,4.268808716755872,12.32344168332486
12.474684782942894,12.48786031410171,193.61428879927303,7.712923925760342,290.7014055710947,-16.193813966218375,-15.00745368869509
18.285661465301757,4.71582013166169,147.88425379478275,7.093566257329172,45.27469334008538,14.571653796372363,1.9261937924073935
30.58671134092475,3.898580110928473,134.05981492860454,0.5581136330204395,174.78292646083383,7.122717778097381,-8.15800443084594
11.966069050065634,8.911760895259379,234.47784726369338,3.011327595039722,48.919228520518644,-7.783487534715391,-4.996677959420905
31.21411412098251,8.705458408245939,64.41391480643293,2.9331736207387182,135.48078596227168,24.99528925027156,4.2082748117479785
25.001786852600695,12.977758602124268,282.7861678979595,7.405600686487873,200.43085441604677,-34.409745759101156,-9.183410051471425
27.396320531171558,7.4625517141588364,18.000844699701762,7.891779201910197,94.36708732141956,24.04706995604818,15.353086075775018
10.574203079995922,11.85754458584557,111.86714972040905,4.235906814424572,131.10750717230547,20.84356175216044,-10.573573888174828
40.25065196844818,5.0987510983852244,321.2868995257192,5.712101493077075,281.7060612371331,-25.157558647313742,14.716767320954334
22.34085612535637,4.783983859951552,79.46376315670834,7.812594958128173,289.89526554271475,-5.640600981658528,7.540958327022608
11.155653424606161,1.9628374549578824,308.53343756201116,3.6952966643935836,287.61478651759893,-7.627107407204932,3.530515208900154
45.03542583622348,11.749186604932634,307.5437610452771,1.8432535805124561,150.74422986166653,-25.498258243236492,16.821408517710346
38.023936834690105,0.812886034145805,142.7365385572958,3.3400208207704463,218.9664522180591,-4.477739351296591,-9.031726350397637
19.15608463446864,0.8054860318999096,250.12531917906958,6.752675505391928,57.69509068136793,9.782177213772242,6.590594680742653
17.469522094253982,2.6236186346585844,105.88043738287551,9.632789698394877,287.3490843377522,-12.589722964537637,4.06604753883019
27.12727933059155,13.220313133116612,249.82186672383463,4.739484288589377,144.44499439270166,-22.700995535131398,-19.792122096506574
40.55235633731044,9.199096940532208,140.45166499904994,1.036563000013312,63.675905623547834,19.513185249728384,-19.0739661260983
38.36563884720025,1.4987205072082743,134.1033372868509,9.724122125788542,181.20977769421623,2.435690258216625,-30.10686849344446
48.26181180810959,8.001133516082385,186.1450203522327,3.882449268801026,21.58870072814033,1.794321571792004,-13.629468250461542
40.41971770061173,14.691432811712895,5.405043058136294,4.745853289128089,185.85733557874164,2.5822757635987994,28.433683127337495
25.843238377928838,10.664505790308215,356.98930771036873,1.2785215076717582,314.86277035242,-3.365799094810879,26.51543241244767
16.91556619937407,8.93286588219686,339.0366867856038,4.440883392894656,282.8136524782742,-13.976539401121311,17.319782925113483
10.544798949654508,12.028710127606665,160.60153252309263,9.942160227766507,147.07752529762828,13.780677579619613,-28.871921641464553
20.52488888881856,2.4616491390683555,292.3160364702027,0.7613968958910355,262.96086996739194,-6.204181020946578,1.7212060435103684
46.78087000984665,0.8020682488259973,190.35427965553302,2.2880756657880363,273.49997400059743,-7.498207300852629,-2.0052852438433617
29.148872298643088,3.4196391809825273,124.45892312166352,5.8874220199507645,138.91300195383587,16.305804372455594,-15.534172474185382
40.10235921510754,0.7214053118084662,199.47874729430367,9.737029136642887,228.80088374591844,-21.63644450326328,-20.283230662730737
24.739831383049804,3.9709065051363397,185.06019698782438,3.097629482143871,44.42612440757216,4.083080108540431,-3.9150542855428787
32.299683301066196,11.267678242090426,181.24656823834474,8.786499519140854,130.3305042303333,16.559350806761014,-43.500097784631436
40.09685813783057,14.250354349801848,16.97366782513847,6.758206333560701,154.52541210954845,20.205307871224022,21.524897780797904
22.220123306757582,5.511408480093659,234.79453271776927,3.3853920355265963,52.43111873532322,-3.873657405936803,-2.3694655785339958
17.872373117658476,13.200817116726613,40.10531761035121,9.444643347974798,55.498978618351465,31.09014724237639,29.48492739084861
38.517009313322745,6.7117410472183625,277.1103336916572,6.147766170304267,265.13243364654477,-35.828773727017406,0.8662495353336117
49.08602103330298,10.232581452289779,223.4844117167468,8.155989049620132,30.552043633684818,-9.160577055518727,-1.2675687327962422
27.53553447162222,11.603304751009938,275.0966187883971,2.428962041772756,105.64913833307743,-21.84176484963297,0.8898844412371003
35.66062649444288,11.133922394330536,176.14267543777507,0.30705095765204304,312.3395405690182,1.4076020155908489,-29.395236087791975
32.203553777604085,5.6926045959908125,61.09774362350395,0.727759666572455,170.9038121052598,13.064262382830972,5.208478155832445
38.56867105144727,9.825821952101064,21.880157056678836,8.467948814278211,218.42658908854227,-4.489893331130791,6.965981336447218
25.48099486896878,3.7040696099439523,15.012917308321367,3.289513119664652,228.72299246467864,-3.447735969801487,3.2081295960188525
11.328005607906878,9.133211820683995,285.4174205093824,2.295444035902597,258.90717891093135,-16.80346137480104,3.0187522349204956
30.12165273122296,2.1723952069988837,224.68642534141182,2.2943725683558034,305.19736619760556,-8.431956729708922,-0.5502264008684885
45.243862958426384,0.17722953510626083,308.821850504724,8.632228054106582,283.6221312610276,-25.898894770701165,6.512005601914722
39.612252147149135,7.72053324458639,257.4559384147175,3.9633902490542514,170.70142911267527,-19.59666875678939,-15.880427640656116
21.464229379352503,13.575044728848434,303.3216604068464,3.453403784997655,62.00999096324658,-17.34978704869134,18.99023318524274
20.164104179857162,13.751846515017666,343.98414201592806,2.6165276215886744,153.8990916256263,-5.358857473522162,22.036097943436637
43.034073868911555,3.1539902261774126,192.62887773247766,3.6163176364029956,23.74465891003693,2.2706141370333204,0.6886914457720117
34.110696202379785,3.2616404202211395,253.64764930561302,5.524710648294771,5.605054132963061,-6.830339149244841,12.077900635486376
37.44961638775794,11.334776458555641,288.16310064025004,6.695181080736114,86.73248374248875,-11.289399946540577,10.817512952830738
33.83025679687644,2.2062534321059513,164.33759708497072,5.0233922535547855,237.98537114236083,-9.621935116983076,-12.572859261379728
44.96533856954177,11.030117130204651,289.4058428999454,5.678985385543087,153.21058448956842,-23.749312669628182,-4.252825255092462
33.453033723739914,7.717386980698765,55.801279533860956,8.867248130167587,248.61596953560527,-4.893538753317916,2.884510216295819
12.436834664963197,14.898115059578844,113.2207484040164,5.78775172703546,47.8241644911748,28.631028656524055,-3.165580143560061
29.17365107078973,4.113612753124424,161.78909007585455,1.3753029148126472,135.66317948489208,5.47933087342192,-11.928770430006637
11.457167509264892,1.3431257600167257,262.40378018571766,5.982173647019789,269.1716371987945,-11.176556181578253,-0.40353344511942646
25.253540489218413,3.7894984530318023,96.40786206418588,9.045585632602505,299.390958550788,-9.338258695410065,9.11322564605812
35.9478992898417,8.885893424920416,58.58425280248257,2.3546582637926305,204.48474291895002,17.88742182980793,6.737665716936993
14.128133699580392,14.636788678846838,354.7189843102223,6.595309790201904,179.98890378199576,-2.284212284477005,13.54223605807795
25.675886845573963,12.253670896267483,339.73252562703834,5.665812433517743,354.02595655668443,-11.060773000341923,39.19236744229495
30.683244129101652,7.720259084271687,17.775398017530474,5.780740645307737,332.6842927661002,-0.739955061572835,31.233334572555812
16.711329861195587,1.8168987756351478,293.8371592917313,0.14902831503110114,82.80699985669919,-2.7946565703587187,1.389779307200743
45.5585464841463,0.2441617171873245,248.99938842600403,3.859398175873542,156.22938764531068,4.046328156752271,-11.030959996885583
14.58457322278905,13.65061126982426,182.85234647139177,6.313790872459597,241.7302917869452,-10.76002148271947,-28.665814762107374
32.324336445197574,12.030572519831583,173.10472113901184,3.86233829868605,4.033469834825167,4.405180913914632,-20.769978268253308
13.344456201145011,4.432075603606272,134.16168464822857,7.968595854412054,103.95499991041612,17.999898955246355,-8.262709801484569
46.69076702729044,3.528477016583949,199.09170705207194,9.28556176418995,233.95523136726547,-26.72480896282027,-27.14494309130965
35.64613131982247,1.2757857430315722,183.72051024319362,0.4736468036598551,173.73162462928065,-0.0837574849388692,-4.701227461771916
26.845606500815858,11.266127090875173,308.2372379162857,6.415145258475295,70.19546801857844,-6.581669224801045,21.39759437694976
22.373200776776084,12.995318544928953,211.93257357106503,8.320575257858723,284.4379746553073,-31.889075428354392,-19.12360550265205
11.394768358364672,2.978336147964214,278.314086184283,0.16901697643429414,300.7083877218877,-4.713267803303377,0.7879613411877757
26.171108161210803,2.7356913689719473,133.2209814656757,8.155803552191532,339.6450278058099,-1.9479994486401688,13.335187097554767
48.09987507527902,8.824894396125085,157.51255497539648,0.7453287639772477,7.036257423893932,10.855831692328088,-23.217455995556534
37.56126434984124,6.53867487976523,350.07987918614776,6.684419616306875,151.94944811405327,5.58129636002243,1.499008330388154
13.68110122496657,0.19562869202201238,233.02974091079423,9.161398736459645,107.6726939700644,14.31728688304132,-4.841369047247165
13.461669894742595,1.3544441056340535,302.6604461748248,9.931175406470608,80.92636313469231,14.357524858679879,3.805519452987542
21.287701428409108,12.116442856977239,194.99538389306636,1.005715832026547,221.0826600675297,-7.907927505392826,-25.96147918309583
46.89579305538769,8.872219279654088,278.0733327768814,4.6943377734689165,188.2053886462986,-29.23314807887704,-10.513804675200594
10.60177575566895,11.595083686899152,273.6751633142906,4.298965068138422,197.36451441667043,-18.89805004671369,-4.93950209853079
21.768043802368965,2.112400685763431,192.3464997203768,5.674680513486393,223.8588284395062,-9.234611726322555,-12.966933325052015
16.372224506263215,9.103998704900592,282.56819043720947,5.279544832861411,194.3768211904291,-18.62927578145155,-5.724239057695923
32.32120262247943,7.80058520634168,228.70046558731033,1.1831327879785314,190.48990486713006,-15.59638076162809,-16.202101025248325
37.28512783658857,9.612580741043582,281.3721413997671,0.7264784994784268,11.028555136609587,-25.599107138047046,7.191762642765226
42.114030000973315,6.431314741888278,130.68768503719824,8.438929548675892,204.96589007682684,3.852626300578816,-34.702650298112125
45.87168734581904,0.35060447006077855,214.0925750525975,1.2650419788268907,339.5764859863458,-1.95098056508279,2.737535523580511
15.308041999224704,13.217692863368487,275.040184525925,3.5850669037216987,305.7372458787353,-28.40105396909017,5.750591494259586
35.24238959609765,8.659683416679629,299.17332495872256,1.8677196934923845,5.289314307132638,-19.806145900551247,16.299906516141032
49.11111446579078,8.299440315527532,2.1039697079276243,9.43608105036608,323.036044581162,-16.989907182214985,50.10080779107996
24.741750936068392,2.088003151947093,26.222277896310608,4.609855142325677,120.82118469311915,10.963273646715983,-1.0977814871976097
22.574183336351936,14.36005366419761,165.80543201563387,4.569181523530731,254.18388271686763,-1.8768974575344188,-32.53755663926289
36.838568373904586,2.0695461505961883,106.84722944076928,6.021231799191104,282.2610079263611,-10.696678025018718,1.8605447848014607
13.862879735771019,10.094614080775676,300.5228456273166,5.514258157063531,100.91911757800533,-5.516442226488758,6.863044309407298
34.34206685804429,8.883309334830894,338.38753796813995,4.357424547245437,63.72941537632617,1.681288624875883,26.95616453605202
15.636530996310274,14.145376959166818,120.336273494375,5.876348769251117,161.74047603623598,25.085250261277647,-22.719868017922167
42.446510406474154,13.224621712681275,328.8286620244132,2.6433381230388644,263.30806115209225,-27.859218849917525,32.38029904758473
20.65604177601571,1.9783552481125055,296.39069854675796,3.466114452556912,105.71345161069502,3.210347397001529,-0.12180770684288311
29.444262633752516,12.525124852959598,114.82576069714392,7.795022912755431,45.51085621892666,41.47623797257458,0.49920197146702705
43.79687356292541,2.1230390809098476,304.0430712183688,3.671688698004555,298.9816331865036,-14.854344692237605,8.867482399323178
38.41226475671608,0.27092724346707675,264.3542398357479,0.6336933100311648,143.7474378871964,0.29416829720062887,-1.5046493232583875
47.01363077882729,13.477146365736179,147.60314836382292,9.50639143979856,165.36893652233292,29.789273492858918,-63.70714687290725
18.45088476755643,2.0401864437512445,305.1425945105107,4.700027033081611,63.945116856064836,4.953621332631944,6.281565516107287
16.518200015885345,8.399850123862908,118.1154081186108,7.211194998434097,283.5170869588813,0.7289465032146811,-4.1710386217084405
10.202274637940754,1.3343911042967598,187.26143356190528,9.453198679716438,294.0577505977128,-12.6924861624258,3.64876067656922
17.31072877672844,10.332709580117937,258.1476333956765,2.4037047542698273,49.04989956115847,-15.586779660900714,-1.027321432242676
26.787411890175335,5.842291110187491,336.2257402778281,9.241959820034518,286.1428689813199,-26.250253286589917,18.49936284880254
24.92566496319979,7.222054868852096,21.21028336188514,3.5143227087684825,202.48497598568312,2.8603378145595126,7.857584730442592
37.920598016100556,14.231870553530959,32.92805613443787,5.743609471008293,350.90084463633036,18.98483277647733,48.983267012682184
34.41673641741283,12.657607584873793,318.92708875696684,1.0920730219077224,293.8613810874329,-24.67453684311007,26.446640224249297
13.446945939953139,2.7889466763366393,29.11349795096626,8.801119405300884,267.7925429536539,-12.314820951379225,3.47305556264228
19.0965106925381,12.25410694578975,285.8202332154811,0.5324011162531006,205.02427554889871,-23.707551541417214,5.6398032092939685
17.984382821276824,0.492420657989619,25.516862358736354,4.301879673723015,113.00763670336272,7.988252512525971,-2.3686662913028136
10.588233472288696,14.354716556206371,92.31324677302199,7.0066106192750555,355.670734012965,20.296209949507414,9.413736225735109
13.464948200361896,7.562700164392869,282.6747312576548,5.617743783546723,117.80236968163894,-3.9916249000560065,-1.5920147215703104
21.721422739923995,12.160922510086714,50.70572858364546,5.674869755052251,168.59707764352535,22.166182662334887,4.500643882584109
33.72392313341287,8.596265228093252,311.473624323955,4.121250163362457,47.34182219404024,-8.941464796393076,22.250493045290582
20.283633553692262,14.348248296106314,275.75679869654886,4.134196030820338,263.7728845455697,-37.38808790959657,2.014797098212921
48.37344665062583,11.895473009454125,185.2813444528756,1.412506772384361,170.68857247223292,-2.7208071939746694,-41.57525007387608
42.19093928064544,12.164051853688784,29.751285588430285,9.0169653125489,261.1270293477223,-8.425545131862727,26.893851864556975
12.828929434872173,3.8672539218094357,16.345417017806053,3.5179500858994714,202.13292270180298,-0.38338324590616724,0.7313645951776753
34.43095487453988,3.326685579635467,65.9433184917231,4.682720668047805,106.83717069626499,19.923087998099827,-0.0007216697735406008
48.83280810166855,11.755073345154658,262.21393175109847,4.378503952624914,188.64644881351825,-38.82542830306501,-18.683153833802386
45.25235796685707,3.6293486882815253,313.68856050538005,1.5138393208888812,190.77828542717677,-8.831228690024659,3.0975244053497955
26.225262839211286,4.095127431193023,196.4412075039135,0.3891779292622144,154.53609318442398,-2.2931464466358182,-9.894366591427268
17.750245508040784,8.219305338602071,356.3015173255593,9.964558724416117,320.75847020631477,-12.999823293489907,30.284111143139544
47.237957579476245,7.550697348479025,196.97848848484682,9.676730049913878,114.45101684386054,20.494232758797104,-34.840750482472096
19.11406021792444,13.817060103423588,287.20570539527654,6.306219769198237,305.9314762596004,-36.13488715875218,15.373324545920179
26.235687707365898,2.068496183327449,17.075823240767388,3.33992496528275,160.38578818641292,3.9976869761781053,-2.7031589240232705
27.773340024653667,4.150503282027832,18.043542963642423,3.6010608411569622,223.15486640336272,-2.801803175999565,3.139542757751082
24.097568714637045,5.463331188364431,142.94372184130606,2.059899834138977,65.79801427205761,11.4616062803433,-7.792123657345698
42.98607796720658,8.910999301897098,194.70317495830537,3.3330649809772774,275.63751873999,-16.51483250745131,-24.546631293168883
14.285605264456617,7.400767612711793,251.94138222493518,7.30619870331558,239.78966829509008,-22.783189045877233,-10.189150411353069
34.0035364334931,13.342248227473831,35.90275423508222,0.8333466199622597,36.042141963332114,21.891315857109518,30.22950374436591
41.15636721477222,14.121056801218565,34.11170017994735,9.862802154323315,6.874778354441489,26.359054219232007,62.230202893050006
23.141358436775597,4.423979077953054,339.27461236914,6.819771631737432,19.434027725648434,1.5280205155973463,22.95646659942362
38.107887559279085,2.522851336804691,8.565482692452084,7.170867593659647,133.54165323805668,15.535798202149675,-6.815481551257491
19.352313672043987,12.263589566936766,335.5803115404973,6.986325974799453,29.936817927149324,-3.1453046818331094,34.20562829041423
17.085059284630685,0.009750488359719922,29.76948022894639,1.3523316519141848,157.58545759619838,0.9714106714102306,-2.3174204178516886
22.549880380908718,11.908293765049182,203.72051066640006,8.719229397325138,21.42757239794165,-3.441479086210217,-5.972940079423758
16.316347080448743,6.265211413750039,292.48416879675517,9.18972857674762,28.418367467989878,-2.581702583187808,19.111014933241528
14.439751904386458,3.2189817200776543,259.0107319875099,1.8309277971465576,316.2628037104668,-7.5936256702376195,1.21693127282014
48.66449648080695,9.82014540803269,247.10169890338327,2.596296700846742,228.13794553737964,-34.584745011026506,-17.49286552752146
34.705408316786375,0.47985931166205753,101.70703780485181,9.558616417255516,177.23256942601128,2.477472976124093,-25.655111579787462
40.59939874498315,10.562767109788526,304.02893130845314,4.636955901604924,198.26803220679082,-29.366891109060873,4.337915303939544
47.23001311834621,10.624454849566913,212.3593890865572,3.661574769311644,10.098119742005318,-15.653387174897565,-16.662487879088946
19.223984678514917,11.26494167326766,23.674627969652533,0.09722746778779934,141.36135029512957,9.075121649209045,20.274131209842
48.295704924326664,9.330610470797694,349.1405009438282,7.728613519770482,4.393735179117586,-3.6581577836984787,52.93402063231865
37.601174979586126,8.684673173559922,1.0815103342852783,3.482098067258037,337.5675649293943,-3.2250910535319863,32.95273405574032
45.13147509530573,6.426123646528325,182.33362272506113,6.987296936832661,273.7141494625515,-21.9439917390587,-18.103441751779926
12.576378605368328,8.141416009503441,225.66995844867176,9.098572812512163,343.948232231269,-13.353723100094903,4.891322932148498
49.619426028114916,5.052161054369076,221.53450445812794,8.91906888591218,345.5439677563281,-17.736413100779796,15.441266957517731
24.36696688714867,11.39947791584314,87.70715361348482,3.737998208852461,204.1495943260814,21.97884324292841,-6.58579117805283
15.860317065031708,5.4201898039790635,25.43820449689596,0.5932487851051294,346.9514782375201,3.9456549961449543,9.840844266145567
32.77577934878177,8.66413548734578,231.88511525779788,3.9778346248859875,154.25034001056588,-13.15390426610589,-23.085651702412257
46.56028685236967,12.363717058393883,21.164332527872798,5.4673531939728095,258.1663766363534,-2.733779067062951,32.068573437102444
29.100025970568634,0.6613324707329915,250.36266507475003,2.416359111377292,172.43351385253206,-0.7421406601442075,-6.375665344314006
20.682235269066148,10.20327118694481,257.9963204288098,9.564166532293257,238.39644901293775,-37.22024338403719,-14.6491749402326
32.81103993900956,4.33464046270662,209.17913952171904,9.631801544617895,134.9887102118111,12.152664275988059,-27.39984632316281
19.001131957921743,0.04168626583708479,176.6795444864888,3.769769501593916,305.3038488681918,-6.050437463976615,4.2060146146153015
16.28702143853136,4.921375998264171,78.46783472481992,6.328831042940828,298.2392165361308,-1.3731282159830158,7.249497105875045
12.915141431459865,3.1877485273817396,136.61385918198002,2.551038721949449,323.58382091536134,1.0957685714483678,-0.42802675935927237
17.34579571660431,1.5865179664692093,193.40600856928242,1.8377025114084,22.013389959820202,0.6036080674867699,0.3017091218248398
17.470806438175277,14.205374297426882,252.8843221103803,1.4945162995781847,284.1396570181552,-28.357350455373222,-7.201074800889364
22.308610776373733,12.840171988522512,25.107842128604663,7.372287719507137,11.50138620789619,14.754339075044037,40.20267469064787
11.593352747902582,13.42545321870748,151.83174358319408,6.767668951034161,128.22101777749288,17.91760651535322,-24.6329557895147
10.22474397337637,11.464581410483483,194.76499080719728,9.135244966596703,183.75722833856693,-5.082791642905253,-29.16708174871681
19.719028775079398,2.2720021255014577,325.02704979474373,0.8838624793310523,141.32954776187128,-1.5038115551310782,2.3492105954024876
18.797762034707755,2.0412162262498916,333.9066204602888,2.8158988726425696,244.20178234893248,-6.720675463180284,1.1896291419300322
48.307510905050094,13.852944252501587,164.35387641392558,7.542370921109416,358.5680988619194,11.133251452493408,-18.20066453726899
32.25934201179575,14.730323390256283,162.41313991233662,8.57209865492535,309.85335101920737,-5.46220824189351,-21.923201417186313
13.509073606429073,8.90128631930202,213.6948102532608,4.234977313256626,60.29535429393411,-2.0905388241105056,-8.80788000971221
11.857048341913568,14.298768845554171,86.49697982422182,6.710364654966209,317.62991714853894,15.158828805321102,9.066444206617156
41.89358026041728,13.27116437564211,50.92750880663337,3.7004399563165835,187.43787070478425,28.710711547950158,13.722743994509282
13.109507338951381,6.929156182330477,166.81222707311903,0.24664109162263914,214.50158480845124,2.356015780467478,-11.361569222732424
10.043894918957621,6.673764971777921,32.700279417746614,3.4425224991033767,58.356950888290356,9.353124783755264,10.620775599399831
38.54777030704449,8.260961473672001,65.13571640891017,4.3144908324199935,344.6766771418561,17.815546067700406,21.40259228604763
13.95898629636613,11.928925395905347,261.2005752153037,1.709167887831119,126.92579155032014,-17.581921038414492,-4.810686624246339
46.41543076170472,11.785145192350402,188.01142995228065,9.098608232202604,260.20418376877404,-32.63351828964138,-40.66137373887255
37.45581816614928,8.483150872714445,156.144545959754,7.728025549058955,181.12784055732914,9.06037683600381,-42.79076110725296
18.457439999440474,5.571425706034423,198.08570771080554,0.8155303247518852,211.87485394672183,-4.190529157965053,-11.617148866951087
22.517894079975797,11.244369871588423,248.49625818589584,4.7044517969697255,253.43197531002374,-32.076725063558015,-11.705646800858489
13.76785498312704,8.340194543834482,16.004544609626365,0.503439288617108,357.26950524989945,3.8123670674013392,14.273904129565283
23.586775039782477,3.5449977009091747,192.59208020278538,8.082958362949208,217.39459863982228,-12.459124364633428,-21.668747627440503
18.63788904761336,8.212333468246024,135.1575760477508,9.426048409534484,183.06731497571877,10.30522048891802,-29.698551431887587
33.275378489372684,13.488220293713164,289.3340961878242,2.761109719552013,346.1201742108497,-34.87539019765373,18.612809319689692
22.439669628808687,0.8013066639032063,34.55081372227081,5.139136324681498,60.52368894262381,10.54125449311419,6.820405410831626
40.15971019171836,2.4377036468557067,19.43076211175034,5.511998401116687,221.41508628455097,-8.112857218863486,-5.2500310088235445
31.46618310435439,9.379080861056734,301.9257571740273,2.286384637301435,238.49472984958567,-25.09937905091731,9.536111169736396
16.219482439505928,3.7794303248093115,99.87275079152032,4.872746913686616,100.3540044705579,15.487399615137122,-2.7709383633065374
18.456900635702095,1.9751864214861485,269.7501867241527,5.249006282372225,39.49424582551445,2.6443612184155536,7.840696621183095
26.85840725122037,14.302294733735751,129.56455594166187,6.024434693942977,70.66191056665988,39.10250125840247,-16.648966731375577
10.408315263130143,1.8979948836251288,225.8290003577106,0.1304576641008759,13.001645119903898,-1.9403445303305722,-1.7413615321750076
18.314305835567573,0.7606150519473337,337.357662448152,6.958785515224016,78.84630700092843,12.626700758105114,3.957571905140486
15.24802182036176,10.754092794534566,179.2897278763584,8.504864866313905,45.78916140171089,10.983345138760274,-8.503312447637795
45.03242078519923,3.6554888307598277,258.42683993150877,0.41428833443754476,279.6645938854624,-12.0884380947901,-2.011345986004746
15.225711018841896,1.4030557592878505,120.76745300800292,0.4703483288852861,91.2476359495091,2.9525341803595206,-1.2825946694087058
17.881658078100035,10.23272897873385,296.95624366908373,3.4443434860741586,285.49698989207656,-23.75243400296469,10.613826606844732
19.232364873559092,12.422652107473876,164.49050043117694,3.5585892496916394,325.11361129911535,2.547367181324499,-17.92273758368482
13.838152173490892,8.059036086229042,47.526900443776306,0.7103766265352807,8.250393529490086,10.155582712294304,10.321198551775412
16.475965079864366,8.973224322087189,149.65580646506726,8.834603936445315,246.8835800303584,-6.583372314368054,-20.549689330821323
39.69185414136277,7.045146893546503,136.12323903641166,6.081184598868834,309.81621787071595,0.6033149738532018,-3.3692838498147744
16.36485415161857,11.236112746125457,191.11893444166418,1.193316351183682,282.6569501347973,-6.084600750359032,-19.660714065769263
20.54682590006038,12.632202874723177,267.07465823617883,8.211779614977964,24.077100330829225,-18.963882719569913,14.02528086602651
25.48397493120493,2.433035390544953,204.29607174707613,8.014584397422848,73.08866126834563,15.196362696923003,0.25945961820252084
14.740617698371278,7.3027181641003605,180.39139613595415,3.668924898345977,200.58481662368263,-2.322717912621162,-18.613595123385622
24.74297611976832,12.618578421065662,302.91645786983133,9.074111759160177,165.78164743972428,-18.785571511694865,-4.354982557950123
40.12571688801436,13.363871057396311,137.93929669404352,7.004262089282365,334.75015949509884,17.06065982079231,-10.258752694243686
13.364506831862908,7.682174832096159,141.7379004533461,3.616705019805174,109.15081031051923,13.492164708453512,-11.915136249792635
21.477588945270455,11.446005975815195,91.70485845343107,6.560270863486658,158.75109752649394,28.91575899314116,-13.506910807198187
27.25940716013796,14.695448487588818,246.5488117204684,6.0465916074969055,67.88322521910595,-18.576360641276572,-8.420263099612825
18.98878919111278,6.252483950233821,3.0730103614055215,6.472232312300682,135.69437340065042,9.554391781835509,3.1713360983514516
28.144613560966473,1.9421365685585164,60.819589337129294,1.3468963231027031,317.5431118924051,1.8838752642208396,4.648588350844964
14.698845770496023,4.432765688969656,52.86889919684461,2.1644214381151237,147.93683766996304,8.106813384978752,1.4567731761540772
15.497817373167022,12.431229733546523,123.66816027985365,6.545460265487824,250.35348233135124,7.432951259234242,-16.161864578684657
20.662202141733804,2.269583691069318,244.5040087795805,8.501503580304838,229.04359876410933,-17.38198518389081,-13.442489946660675
48.198391210821505,8.007014140667637,177.477232081381,9.863286807694923,342.13356351411045,-8.380974070823484,4.352128017979531
34.707970052387154,11.09857942418471,334.90985622050613,1.4751890778146703,86.43674895739373,-8.602559742291003,26.98127114198133
22.44539615733619,12.3099091698843,30.46874014202803,6.007851330257477,245.77138168287166,1.6328500424083412,17.42240261942205
20.546788639009932,3.0151979505686777,121.98077149539633,2.3942194050074783,48.232045019116626,8.889385305546028,-0.004352830475230274
48.62775026631524,14.839858518734589,341.00449238669796,9.741083156913216,67.19723731299364,13.065200918145214,56.06776245348786
24.625331958148013,0.86404785864098,191.38635072787164,2.24912846427579,93.86713640186687,4.645790629001974,-2.237791380350544
18.092275246788216,12.228547860093542,291.2100524323341,2.4088563082775716,28.326808618799557,-19.6995082026287,12.56918267203712
43.378153254343374,12.725092321834836,190.4407198713941,4.0566778948895195,134.59033811725394,1.733514363175006,-45.68492700781445
38.750718911610896,5.546924009572763,168.08561355032268,7.277642070532165,329.80953729404825,-7.067854740822223,2.4258477530462095
32.54861941192731,4.028444867511781,119.0970615043027,4.535314098103092,211.25754577188403,3.0055116587774187,-15.033513044240927
45.796579635307786,11.962314470525577,96.57041892281508,7.720886837150261,324.53560151031,22.624026648490997,15.032651265966976
35.42911330923544,14.204841613698937,129.77733931049377,2.3992916521866716,133.4587773915705,34.02070797959163,-28.860932085666693
28.88752549622303,12.858695231846106,141.48988738058,9.311933050165582,214.07300442227321,6.769591748476929,-43.13704176293032
30.111590141745733,14.434126966471963,22.889570557526376,2.086217396404204,100.92859123297286,18.985628811073447,31.967215569500045
13.163146131361483,5.148863228285763,133.17807203505458,5.354864276777308,326.97314234711945,1.3697363790729558,1.5831272126337765
32.90746102691901,13.879395519059722,337.2647397413636,9.17065031378687,110.28581904542747,8.386485717949196,24.921224140078337
13.501534406771047,5.125357343110975,273.7504159187998,5.959445472255004,116.31474169455358,0.3774470157341696,-3.826845035031792
47.59805541372767,8.635748704666664,142.94695965015393,8.442394990226946,65.4205882595703,40.12557354994132,-10.530213352050456
44.1379424699062,3.5929368824004637,163.15211946697286,9.80837406785666,49.21519135128733,25.401779341641515,8.904204192046917
24.717709057605155,10.761067001726625,355.427686890355,2.656950889646459,138.530146808284,2.024076618311595,19.610786568881796
47.32500726391009,4.288728392046592,359.1706493524553,9.536569436250025,234.23945513372288,-24.230281391414298,-3.991069853588863
33.3408484445254,3.7171856082199355,323.0138240506406,9.409586371142872,293.96808595868805,-28.247497731806465,17.706967036112953
22.039897077307565,4.75102330216738,111.22065660995801,7.18394322764823,20.101154171003873,14.621717671921562,10.655291726632097
32.662849847271815,3.3001607646553377,277.31516037019486,2.260054730195539,345.9781995913813,-9.859892808413857,6.742678976174895
37.22678479661552,0.27107958085697104,192.29684645251905,6.862584406947391,43.913492101771126,12.95349970682805,12.889868340528256
47.60586724604077,12.329274567544593,331.11091688368015,1.4208874800742555,43.28901103574258,-15.521411207843204,36.852576917965315
24.7344135433106,8.234741923954427,33.25611121814014,9.325320017112894,101.10647584945582,30.68930912699097,11.42952684525623
16.256736579273717,5.441221611460165,349.0059649710278,2.7936015083733476,322.6540191727768,-4.974319207259412,13.767256048047752
27.317822840565483,13.587653395401604,287.1037722068703,2.5976158877506315,303.8909519083758,-35.73679037196586,12.849100139101107
36.01947393724129,10.180689152112825,17.499394420342878,4.972200855165388,231.41369273777627,-2.2365362218170564,17.90794070505771
16.544025799540766,9.721571236896384,293.7124380738583,0.25315073814250355,190.4532348210511,-16.43111012293855,6.722751848788608
41.86530540628347,13.129681208205058,295.32808403023813,2.2256439853412866,160.0954461590027,-32.45750941441704,10.296002473728132
28.11865393282678,8.659570749473723,144.1098002009741,3.2391380076659937,67.78809927547357,19.334658033927035,-13.8653175529418
28.72122317654052,1.6721267937113344,327.96962605640545,6.457054974691192,16.79088304191927,2.3677074314720037,18.388977413011684
40.527684876114066,10.503989423488441,293.50479345694356,8.136713984558611,335.6744497517017,-37.32234456353554,33.35408130149565
12.515272207434954,13.913573578303778,132.2955509809711,6.490771585639118,236.9827070405339,7.745698864513063,-20.605810181369204
11.825211356987516,0.37975865462141434,54.713902877153245,8.563348627270642,64.14530413311542,12.44663355616998,6.138974210743659
15.120942612204722,4.637831544836079,115.12389903307923,6.625680688521404,340.33069394642354,3.4569732490086267,7.497110370982404
14.796603746838159,0.39704635041378167,108.40461076509429,9.676595521991272,249.22789726431537,-15.059963031097586,-6.178275346773286
14.936715891730596,13.777095550777393,274.7029783075941,5.290865958193166,225.9167487165778,-30.593000620704125,-4.452116649651053
13.473783878796436,14.90181898673755,327.03592220417886,1.984594845892722,71.32161778293582,-10.322580793299055,21.77544912664529
34.897374911863565,5.265966397805583,55.50289084401045,7.7556544833455545,63.36369280766176,30.067541145820726,17.229665033587224
38.8338336428371,9.013995749303177,67.13533108845985,7.262543486890763,308.14027051978024,7.298092683734879,22.475414780513802
41.36372126523591,5.159540972987619,258.88913791232113,9.663602085066605,126.80960072434628,7.765612708240058,-19.701341039241136
45.73005254858938,9.889108242416999,76.75511484918036,2.3463128617673066,60.83134483009176,35.64773049790062,10.409835690591105
35.59746524489671,11.562867367418285,159.36981947468365,6.993105159398063,68.43748004513775,28.49584497635638,-22.228636609628403
30.88849860530786,9.118855764080546,0.5127023416652232,3.635905746583945,170.52531040331988,1.7067056997103083,13.882751354351598
37.73970956453845,13.416029264969263,299.37479466156236,7.818587001714022,81.18066375339741,-10.99818055478012,21.579221188935808
19.06548691488112,6.402322175403043,182.61932556333318,9.719928729143621,169.03527545150044,3.068081624317867,-31.422556895642856
13.66552141529262,0.7343239580721106,351.40434209466946,0.4556167506762332,67.47751876765776,0.5192941261055852,1.5032269453472946
34.28537174994773,11.818682956651848,43.48554101002844,5.056663886228634,57.02217265006423,32.71808706227262,29.947915981777882
44.141605854005604,5.716994744379936,35.52130404932353,4.913921961537099,56.149530878016805,22.206914628049482,22.169893019958284
13.991067217058166,9.67209240555634,342.7740727104662,9.804840576173515,80.01409531728495,11.471069949293224,18.474053712648153
48.50983397909278,10.166563640559538,227.563204663151,1.8288500388031437,32.270603380476636,-20.52525277969446,-16.71092814238073
44.361205843983626,9.9933096163447,303.0532254792457,4.347418019402242,254.68252863240338,-37.79928253496548,12.93782073910027
20.4855348271526,12.89293932820901,280.5662523576125,4.784763693832167,116.75226538883027,-17.170065931878163,0.4300329687324451
40.15006609638202,1.9653619615527174,75.53526783499191,9.698645693374607,78.00873930435495,32.58744474563627,7.169563292990335
37.634066934130075,2.2914939904549407,342.8222541369415,9.196426474457299,183.00897722005425,-3.2117663097740756,-19.37429361806802
35.38961741510945,11.315719776685707,105.13329216355285,9.971382778433611,124.59820182380611,51.388110629441854,-23.143434801419314
49.615581235394764,12.870965049479162,203.78646832363214,7.17354907212308,239.40145877519598,-36.14877000385877,-49.07164284003602
37.413123140136975,12.90348554225256,64.30975574501521,9.583543118368011,145.80985501838896,46.98756282363789,-6.444815502223404
25.08107757062926,12.315793285715712,222.45567528489974,9.930580805058318,75.98287324437962,2.9882293593906297,-15.108228318369997
36.24358864107994,13.503272651465013,87.20754101814181,8.97088837887583,284.5280851419384,13.056488576707249,7.905458007326829
29.15153827205099,11.981070516032215,24.00087526314028,6.47754290064725,191.36615052783392,8.768362527447394,11.201236225776096
20.862240909582297,10.255113109162016,177.0394696241669,1.0454138985032702,85.07331313395981,3.240369828199712,-20.936177539348666
29.422673186362502,4.728829625522551,308.4378671735568,9.497778959936683,277.98127534932553,-32.10829725980114,10.429883465112344
36.128046381975594,4.8593830110688305,4.878739415498852,6.599913393835507,79.11055534270858,18.710957430753016,16.524180857626583
25.41467135385119,6.019389516983008,20.639492445725715,7.84545081010638,239.02927118351107,-10.48259039136229,3.6324085439704774
19.16954415169673,12.4225790485846,170.46957132567724,3.6537501503613825,22.77271712555844,6.862053395523839,-17.55926714908165
39.21990283633734,11.861312368081201,16.21185429507169,3.184204418318499,204.723709718732,5.598246359473114,24.02793331332908
41.97128658720251,14.05175234670295,237.4877645390138,3.6828743730841538,154.12286275511556,-29.960414390828358,-31.785686506501293
38.81519534220342,1.0803132218301104,203.84151694114328,9.183119958134773,123.19952844665491,20.387699735384864,-16.924593937572283
27.130608341580388,0.25360482591116007,336.00427867017015,0.9132398349219539,259.52274810784377,-2.3545501728094758,0.15432632582140782
33.69700282358107,3.172799414873265,115.57459862760707,5.471217520285483,128.7909726034647,18.678709395586754,-12.5738996094637
17.394510525524055,7.1574056673900905,0.19005814219450468,1.3708785934865586,91.3035379405455,2.6256220110051696,13.419718109785375
27.383871667502643,2.3744356632229158,5.367215764548097,6.227493574237616,234.73043068205524,-11.488669331793957,-2.9106911551988413
13.843759338842405,10.934462099704787,32.32993970723159,3.074809988833338,338.6882754612172,7.946652641950328,20.33459345807756
32.86294497360316,11.278466476103567,154.79872827334177,9.46634915622355,145.27212147856255,26.389265815782167,-46.552714376554704
31.27921210722014,9.7089941934388,146.15403870553408,5.663946938134064,188.35914321872536,11.576182297200354,-34.51407958973916
18.624777517972394,2.4746053024786456,176.5978187438152,4.838727282831385,28.7650523129132,4.823488151871102,3.4517495489479995
34.07768487485944,11.557368545089767,47.46657935996113,6.520343153879303,242.98203017764266,7.136981054417673,12.786404442731552
11.132734853143171,14.38715741102981,250.36303436487333,9.638347292722603,192.51545715175178,-23.560927232332546,-21.45957707776709
29.006172909959655,8.170449370930708,126.87007490846001,8.406600701615396,336.94897826672906,7.89050543839428,6.889495645814165
47.62818474500334,10.274066914431655,324.0393204219902,6.982835880888167,111.15625942562153,1.492461721360975,18.060472705640045
14.611525417154404,1.375432718168787,277.1868218302968,3.2881567112182597,67.8153956764623,2.8997943390017893,2.4398985333990573
48.15251693501895,10.081702365549043,282.82957589744495,6.369341934835252,65.4080412085574,-12.653180511739734,15.31916578577735
14.987568600395832,0.6852103201902882,43.578497849357575,0.6925308221558357,303.1793654595824,-0.18751596944507798,1.5301859319059408
40.98382960233254,7.294349313626537,136.12893445807305,9.931873178689798,202.6945289256438,3.5362496811029676,-41.686387007658794
28.243792295319107,13.824912304143503,172.77765871941713,7.109664458777134,0.42862005905035083,4.2983260539105785,-15.851288195156904
26.8345957899599,8.418936036258996,142.43155978784952,3.0918682772484063,239.53726108748842,5.7727032058665575,-19.274603118984324
27.410337476853073,6.013705428437576,206.06250853253442,5.930858585993865,332.4086075382189,-12.739507127810787,-0.3447639000211584
45.39254067569865,1.3354032955828588,293.8376664554347,3.856569222400068,125.121143710516,5.880207506136886,-5.107716477100377
37.625048455777076,0.5066208083478613,308.84434192646523,0.3302624838839163,146.41417598675943,-0.5868438850373903,0.11806345843860744
24.120133016924473,10.48547389588402,169.29351800460176,0.37635055101389425,266.0813204869891,3.487066883205679,-22.904158835705463
49.00205977928627,8.475694592292381,221.92513217873667,9.628860538035859,158.8965942596506,-6.94165754220435,-48.324895880254644
14.396398330548973,9.524846028398645,234.02658916200417,1.3735318608067748,250.54035735768446,-15.424653977983734,-10.369247000456966
18.90960643324143,3.088329775208089,250.09973744709956,5.935644542124244,258.8457039212028,-17.135954813502906,-4.318585299167072
17.16985028028692,5.246468571214596,58.14431958232694,1.611022760173122,148.86916818314504,9.89574400417704,2.6005759351819844
18.2548026521702,4.495644968163676,355.481330962559,8.533253693134602,221.06934684807894,-11.49838097759882,-3.765103420776436
46.646605588352756,9.311473874368398,201.4528007997465,5.699167755503257,120.74370935723675,4.6032113024447625,-35.71006333678526
25.738836928808965,13.839048662970919,149.02110186729786,4.346245322228497,107.4733578417813,25.81421338594059,-30.169027951531625
23.216303215539227,3.925878354310131,324.40556540455253,9.233457616877546,268.31845402498834,-25.05086270385994,6.35578410452437
22.295662077974285,3.860967992122984,26.27781573693872,8.966878526311554,220.31521650904725,-8.724550826440074,-7.196082667951447
25.820877125676116,13.920045487971672,212.07177466192644,7.529814959128272,87.28490129233911,0.2984527279942242,-26.24529860469017
38.22748808406293,12.865872710028144,99.28366071131045,4.508904016397065,81.50938307472443,47.89670679551929,-3.935805560360606
45.236701151621105,13.156101376926658,94.96596788006596,5.2582453756831935,243.3677883538436,25.52900577196182,-10.616633491824906
36.29530659306293,8.420358580127807,52.59749174736707,0.4774423385650639,118.14768210188696,19.340865693217488,13.300251542774742
26.805129685492425,9.081581278475005,171.7300944065792,9.351792575309148,355.79778199809056,1.4516971418712898,0.7936629407653193
36.760314350596786,7.99767903714015,277.39332912595023,5.223849608200557,308.92809283847146,-32.83753075506137,11.803219980332747
20.78434887521236,3.73765827987641,37.300083251608484,0.07976099831658257,321.91784019536954,4.561172801980972,6.2495476578571925
32.840277983410076,1.9363313981746055,248.85790096522385,1.1514352903083902,172.3453905746798,-4.276194706392999,-4.759939680926144
11.734069132486038,4.902352240088423,323.7256010367367,5.185721169989382,69.37790113198417,3.020616132018679,8.937835791993557
35.21189025335174,11.765535147428348,133.39584947529525,4.726176321532794,210.8178416452423,16.418510394595796,-32.53281596359571
44.36574035219729,1.884914119239041,87.99618604524308,0.4291073457726269,100.1295596659675,6.9358164784610725,-0.02875505333118694
27.313492252903153,4.565800061244678,334.4041408827289,1.483817005420811,219.93782997459604,-6.902471182648911,7.03216573925393
32.66294123369684,12.344407665809895,50.91665240381648,7.372967144447684,128.0777391671314,39.70372828063698,8.349042254739464
15.454416805143696,1.7219811160907321,264.1819905561119,4.614709342518333,309.04980467001815,-9.40215899265475,4.850621736570201
44.57276593334646,7.931475196813656,214.16601435078886,1.9031458594476702,209.6461004127372,-16.265135669782648,-24.769034313932973
35.12017776892805,12.593743295001236,346.98325038577656,5.553772370511329,154.8878823929045,-1.2833084672752912,19.37653763938514
42.246577167177584,13.840468142963656,219.41421984601254,9.443818335889603,93.9929259873469,1.8585212472138757,-33.311034343132555
24.419848487541216,4.475169538239304,93.37496646102265,3.2725607899240226,139.63906615721743,14.696745750673257,-6.1517882497556275
13.385682723664933,3.3423342855142963,195.13431219952423,3.709866110090756,318.6064826972282,-5.493920896388465,-0.7323507477907416
21.864936319067716,2.75350762797449,298.3728854854587,1.5757133016577463,241.46946271293018,-8.038019430361603,1.1736529145822787
15.429274449791151,12.869628919138874,70.16500884003825,4.575192950126162,65.92017423692589,28.879671619431882,11.055754305780503
26.263098778698524,9.840349194532047,6.737964663303009,2.3199069994155828,162.27440906400992,4.305959396872916,17.499486973903686
33.177822654153466,7.566520431054924,249.5327165940924,8.009962488564307,142.64822186019376,-5.797567529863841,-23.441206015035903
42.86217616208561,12.467926632019177,11.761034718012855,7.914697297037133,355.8875699477992,5.834576043751352,59.41887085080946
36.04500422292726,10.661334325505017,322.98710115784843,5.690808658328312,101.00872022892887,-2.255362158294064,20.1316555334548
40.13052957730493,14.388949429630083,55.07662981006165,8.04717672272165,32.28140915027211,46.03887655331276,43.021706922908734
36.506566993081236,7.3094332335316565,320.13668584061185,0.6441129346054941,94.85854586807271,-11.030517013847913,15.157494300781078
49.74187971280213,4.531471119207067,302.9300602873661,0.5844535049174537,82.21712137134479,-10.26795550062222,8.09666615248157
41.75756865482778,12.520727742457316,341.0097054905847,1.6336952270557747,293.4240251874211,-16.26180007057087,36.438959207605606
34.380078001117724,4.204963828115646,140.70364059360742,1.811740282807922,270.57832271783553,2.254306251091319,-8.566879345326225
39.19330861334224,11.308375476555701,273.1593502865277,1.9897032678903526,48.051564002879125,-27.73418128160457,5.521422304471947
49.76065133610904,9.3541272498527,84.15832313414617,1.3629217457951393,48.399137548119256,32.88532314353126,5.914601059443781
26.050906650309827,14.872597654291294,77.58944625845565,8.778147176650227,82.69985592296692,53.540151679659544,9.936801963930442
18.77838349260943,3.804583334359319,168.6405697371837,0.6772081355797666,249.21288314631627,0.227433736577614,-7.768607671588048
36.81310084489098,6.416644243521229,164.2659295459988,9.328146786673745,3.8542201929855935,6.48466160140465,8.577120844417696
44.23611117210035,2.1299167844547755,172.21972331018821,6.099611546648552,270.3253541363705,-17.451511593396436,-6.2334427987893575
22.607548013068275,13.479675063683777,20.39959209026304,2.77994011653624,133.2702386067761,14.4328178930067,23.033432944814486
12.242001616430848,14.123431954925303,62.29496127132077,2.3083034705159156,209.41963404570743,17.96310922158333,7.1970561611086
40.783298986648056,12.240971008796569,61.42583522644345,0.29043385511523634,97.50716431458288,31.82805347771188,16.772985614927823
46.71599207841198,11.886056378313524,16.800016505569857,5.401837624311828,165.04295933631428,14.904856755294471,19.010307762042995
47.861920586885645,11.993323778531812,291.4197932698101,7.97163270409418,330.21767852757984,-47.24508151332503,35.29416926462093
10.655420747657708,6.813283270340337,58.69593579128577,1.6340658561823806,286.94472706068296,6.27626717576058,5.919580592517428
21.706963197028394,13.2162006244026,21.0562887651084,8.143242066999825,259.99644241401086,-6.881265159331262,22.970458438453008
46.65167296866342,3.8841525458418404,317.9152166599574,4.625699499968238,279.42764807521485,-22.10145725565291,11.22679472030688
14.063611576466869,13.760164135279549,231.18952087299843,6.909838206707852,115.60137344108891,-7.604177461337278,-19.658859564112
20.418004218912117,1.588062713552108,283.1975059186345,6.007202113845586,310.4155876177223,-12.485979398131299,8.685827080341348
47.0263723324864,0.7506965905037533,129.5138730878737,5.416239889516681,193.25625713216496,-2.052389415330148,-17.80270484120792
46.81992782375402,2.3112924533284964,243.94977307988654,6.289223071063902,122.21222387316917,10.024663841837842,-13.493745914868434
44.88839385841311,0.9613351352377286,55.99866177139311,5.98797202409083,288.95920234980247,-14.720869884852279,7.51161369752238
33.39733117280635,10.321388879035649,138.69985894794056,7.582494507266318,101.42907154962536,37.16868997018109,-24.153880164495334
20.188898418801454,7.606998539497004,266.219134428172,9.47154315169196,174.76840294657168,-13.647276132020675,-20.153373338529228
35.08804207671478,6.770542700596536,276.9915504647485,0.7630914296529556,67.07047131585092,-16.094189054572265,2.999384986740278
15.199629093568422,1.2892901501796854,16.972659550020754,5.30915852322352,347.76369411397417,-1.318286938084439,11.30434786163439
11.678545247228795,10.453336128591255,353.707276640904,5.527989150280405,290.64327009437045,-9.750150322261398,19.039835720927925
39.70989126389943,0.7499492916773581,329.8790821485813,9.759979687542286,26.616207685986556,11.370558517162522,26.67301268969379
44.20230986162536,12.9443079409427,174.50325328771245,6.935859548751537,287.25758929953446,-16.16153952695138,-32.50248891295719
47.30129606292703,8.97396350104927,126.90784005287915,5.877569539220959,222.99348937131603,9.836650702990033,-30.085602426674548
20.072766153348958,5.324394685574188,215.343943794088,7.352186507414991,323.0639588471838,-15.168392550171543,3.102338412175829
14.37567874610178,1.5303549363460556,63.18104037014982,9.053160361366718,340.3247211844605,-2.8801313766039303,15.77584306410764
39.937531725921374,3.746600101177994,200.7202723889445,1.817879018452001,7.727045490279485,-3.085007247483879,-4.859130869676374
44.28620049037378,2.2448027667785393,40.67527424726614,1.7614756805363418,244.48579337731732,-0.3803955480964154,2.8358181847310835
37.40396851626303,3.9100962047766075,316.4652254624488,3.825001407414479,344.9210479054507,-10.185180968005577,18.02669530143341
46.35086512425504,11.100568630092654,0.5427817199243856,5.395784662399736,70.38072521126568,15.947155950226902,39.69139570372716
49.046478953926794,4.416414644797361,159.4147026225572,9.048435675614616,6.667806131422287,8.232554382913012,15.345371886503758
30.088134062474317,7.778474036503107,183.08684599190437,5.801106089535998,119.01370439103009,11.527235387124682,-26.205834926284364
20.83848490256814,0.31214339335704056,59.83563872960791,8.601814014776872,220.98588024021655,-11.07223296499352,-13.060421937370867
25.100926389084822,7.612302603314226,125.76991279195039,6.120774355984383,314.98414898484833,4.17859665912585,-0.27776869021948336
17.578659590489522,10.228065004370553,178.86067072046038,6.239140458553344,325.3585495456856,-6.3290077049458855,-9.641448024663346
25.89043808792194,9.519912562288265,75.31310631025579,9.476286461774121,215.1837580411816,8.612335839703926,-12.248741957751484
22.661296252642522,3.497571863383888,66.5951499554976,9.212819002420316,170.69950815145998,10.09951648122483,-16.555721381684325
41.79161613300334,2.4002696102911814,129.12938091312304,1.5361095977974581,150.6099095120968,7.635345879995769,-8.32819312667784
45.432890176584564,5.239345231213079,30.137384020042077,8.09521210227806,48.175641670820895,26.365489237061247,30.21959311548007
36.164793184067435,8.590569279170902,333.88072145551774,1.509093760887471,102.90151150620893,-6.274940088187304,20.02926957662926
12.853434778028818,13.860908284561935,343.81808798326057,7.686049298235231,78.61186903070616,5.943963292075133,24.005671107754594
16.065390584293716,4.766191689201217,272.68230199324034,7.011314226803604,144.8003497997887,-1.3020592692552784,-9.965084904719694
27.43566579948775,6.949085295391276,259.2725581858385,1.541693258714124,147.09799693561916,-14.167025701688196,-6.120460875085719
43.066725618369276,10.84079797901127,239.0689098463982,9.539553536466165,15.388343895429383,-20.053519921139475,10.742286037086483
25.07932844042712,5.0283674891939745,93.31522006139795,5.143720584144282,232.67056704145926,2.102598931152718,-7.71050868637536
32.048993509901294,1.4564406344143772,73.71457830508416,1.0696914958235093,235.69246138476964,1.3149193400458032,-0.4971639831986636
40.41132475475468,0.6067124430398696,98.14008747490332,5.3443269321074816,306.35692269207414,-10.629982554523991,8.847172864391345
38.174899177413934,2.3555088114998117,294.8119371477651,0.8370795977696932,306.1813424129963,-7.84965866433915,4.136213647606409
13.77444861822033,12.43253534729359,281.5599482317045,3.7211319617318575,106.58610868521218,-14.435266152106717,2.3949861723700296
36.509851190953405,13.251536687387457,256.04236732494985,5.383264061335749,313.1028720494991,-45.80950298605172,1.3153260491269272
31.73759472881447,8.03678194055373,356.91621977483345,2.9795425305984535,3.0369958090277427,-0.6982212591329151,27.982080763377844
40.54303663457904,1.6460291516972663,117.6179827330395,5.562720189782509,21.05555102383217,9.93892825969377,12.731255703877693
22.372155484206022,4.583920547747232,48.08347777561692,8.368201678523372,0.3455973813599611,7.3925347232892955,24.41141596533762
41.78449850924824,2.664920453356644,334.10471365519913,9.155662799808228,179.2180862963788,-3.032232651862198,-19.722949732160007
35.53123787773174,7.20662313452571,299.48698902818717,5.2078097557494205,279.33781761847155,-30.714596598455003,11.821585701637144
48.390509005700586,9.567088231637321,101.43683180558207,8.702162831969245,269.61635911379153,2.1206276016773913,-6.141496663921096
41.00283168117875,1.7812793250150982,156.72398791253096,1.293011770971978,106.62994710401772,5.6172045706849225,-5.80088434453875
17.211703989444093,9.157725104046166,257.34924565895136,4.361187130858251,52.139005545202224,-10.288256239963724,1.2570487438933493
13.004148660095911,2.7453259770320066,110.02977854358943,0.6396384571099378,102.35595836277494,5.21707497971248,-1.753903835552994
34.46936942724456,7.978463085400851,286.501566694147,1.1276789964291822,263.7860123426848,-23.250981353207347,5.683984708328853
47.50643626185652,13.755548657474053,204.606705591789,8.618723206223386,311.7027956268936,-37.85095188415417,-21.077228054589884
13.601904055791923,12.940512815303801,160.74486177588048,8.25382350089784,146.25045755301343,14.742464755231648,-31.772126110545823
34.37641459526463,14.651463435549243,99.96662890264562,6.906546915087547,34.752627570983506,48.624669834251094,8.30940368170112
16.435345862414614,10.474634528066495,39.92171931809263,5.495527462653994,20.52470117034359,15.831615742712572,24.1258255967815
45.00733537435263,6.333725051189363,7.53723729774479,6.881888936841937,60.51294128777783,20.662668028985678,29.281224580240867
10.08523793887733,0.08073967112252611,337.04863034796006,7.479957428670946,194.12689269481447,-2.6629520496487142,-10.294649267595934
17.7356715631401,5.94044501206488,314.26854308463646,0.03848845673840251,227.45098931125378,-8.142686348179199,7.835343384519439
23.065498414520356,2.6919064600191405,87.93784498472905,5.294601611729298,84.57959233179679,17.263721108859027,1.2946193010959308
38.39137494621008,14.029763343402525,199.13426137030484,1.6183882150728124,150.45474576415464,-10.6330457021051,-41.02121123785507
42.41266865013374,2.5637413926405554,280.2072283866993,7.673063696284942,22.481195192566986,1.2081589762745093,22.1842822198501
28.04407459441053,8.00972808497099,155.59039636734926,8.226349536880003,272.2631445304541,-11.740046830556597,-16.663518901659728
47.3424953949647,12.866918544523985,63.83174615935321,5.55810004420157,320.23274089732234,24.831441091801274,30.901741679706603
45.28056528332254,7.524024949529816,321.46446003564614,6.731749459326548,317.79502261806937,-27.982370270420724,33.03275961802068
18.153865401294873,12.218360433390608,146.70325550471384,7.4698382678107755,182.03694552958083,12.393402754049706,-34.00875115376868
35.399989519728635,13.249092358846882,346.85102697640036,9.130509556183611,270.01531226765013,-32.6257379368812,34.66666071332314
40.71854543760134,2.6554969397540455,163.75528721296598,2.4783215995172734,198.77399138877544,-0.1577847325559638,-14.106291466294046
48.60528969078406,1.6299024225198262,350.3330989687056,1.8987191584000385,238.97664384620586,-5.983591702870673,1.977462790873889
41.64407764579394,3.0168762691396016,81.21917916895934,6.087737988856029,35.693766491783265,19.036979466516843,15.74806017060299
31.622570410117106,7.62152717237433,349.4939246816193,3.4932761563145744,67.26058726006133,4.651736702330265,22.45588864078107
39.486924886729305,10.924843608156404,22.788247691152918,4.768707180423053,254.96894611151816,-1.0613434637763142,25.068648738228816
40.57015381344652,14.114618081634926,7.122545437379317,9.526675857279676,173.62025452765076,8.077670866189658,13.051190844261573
25.42570981233475,9.759639282910014,152.09709697951638,6.291496658574913,133.28426552703854,20.826032113408054,-29.458000949849556
33.280046930029435,0.09410917402849217,323.5874245789621,5.382262656289836,36.16241595348875,8.127154432580804,11.516010019443733
36.167567614680124,3.996015591252104,277.3168303595612,6.211699107843314,168.15199776300466,-7.299413001951156,-15.126212015904278
27.783787237561487,6.1462733652568105,165.83195217370627,5.031679771452662,39.84083896013781,11.252584564783739,-4.988128919585996
48.79747944874192,6.284988773564479,307.1623667476085,6.432515028636888,194.76640201658364,-20.9692296367434,-7.643897061960811
21.956343159062715,9.911117311285276,64.15022868210616,6.755569354939185,356.64327098301476,18.034195260680786,23.41131773031462
42.87634573336969,2.260129418391198,140.6841249441604,3.6863945198007784,343.20277017288737,1.0841555851063176,5.264266020716502
25.97015098746615,5.76708317887627,61.493374259686455,8.698776092670997,206.90861238983177,2.6026651700773087,-11.515510619389381
13.768031638373674,4.855091733658764,73.49040620697468,6.167426594140365,213.54358139322386,2.0891886926518177,-6.300544038899804
45.64436523688558,2.437614725168263,117.41410523999966,6.023439710798018,241.61849079024725,-9.565089363943585,-12.157871919184533
35.1309831847137,0.13548695638734176,159.96155370580166,2.9786152308132072,49.14132690846445,6.153292770976129,4.874273487341218
44.466127040335465,0.33712220695448714,96.52214695412343,4.751795168423606,275.339585112358,-13.236588047550713,1.2161056755661193
26.480229325011777,8.85398503263996,358.9257144154952,0.6292913678638512,157.63419245685597,0.1706748382146137,19.21639503784114
34.749435602533005,7.266468221872338,202.47691155511887,5.532457961279666,214.30403832064832,-15.693366020544552,-30.035880816115174
22.279741074443354,10.195735003579093,91.76763624916961,3.519433340846294,222.41049577458915,16.660548068177675,-6.20836720216423
32.83914306289751,6.084421531386629,27.09646927788105,5.090589388723764,288.98197337221,-5.284596043107396,18.299720280544204
42.079306395074234,12.704698328182358,40.516042321497586,4.620433318803599,104.0310935825292,37.30430321686294,25.0081264044857
28.333421802219014,14.155858378475205,123.61056591758755,3.986679966231892,209.34898997185027,23.63834412887482,-27.18486011737493
42.33709053195058,1.6022676226394061,137.09543098113107,7.7640573370665225,192.133508995649,-1.5898284234445215,-25.748740648648592
20.608843949441837,4.740556442351227,285.240686072216,1.6666529076458014,230.40350456027,-12.00776558721769,0.37692348267898135
42.248141585140964,13.137574196969654,117.60012647022997,1.7090135155817543,300.8499363030993,29.862988838254527,-15.2912292981224
49.4634068105814,2.4603959618290787,50.23475725967148,4.5868092804465075,142.81474310217286,14.809226613984551,-6.6066840292751445
21.595119402669948,9.02743968014402,22.034357834668043,8.398672829893544,64.49093772024992,23.010942227008442,25.147562282606113
31.38565147923345,3.789940032203039,187.2300448833024,7.701724411654437,0.1961165686063726,-1.1398606580184638,9.971230831428713
45.09039298880814,8.597015949585792,68.38340129685585,6.657253936268232,14.813642790591754,29.393228319760723,29.116065299938484
29.298704357481377,10.00135937498549,194.70855711686224,2.369611905429837,214.20158136845828,-9.461637902571557,-28.432347900783704
28.94907273707136,12.50111336126295,267.6646193723652,1.0598630870381154,125.14787457702944,-28.239541957100794,-2.719842991649344
49.36991985603979,3.5484360174725444,53.775836327400505,9.601313430598243,283.78900418729245,-20.501300705899958,13.912937212412888
46.60794288299243,0.7086494565716239,76.62746352354239,6.796570445963249,259.2733858565676,-18.459477857820062,-3.3942004383828523
40.3908916350678,6.049455899948907,213.18259447736762,8.694387583326867,214.7184795746263,-23.710873133899067,-35.03621179210172
35.80197250941567,0.2593109284893186,348.5667379357934,3.5743639161737684,105.40218319708781,9.171095597309929,-1.878100901191183
32.318326014595996,11.508811775445928,68.96948260939484,4.382749198283844,194.89042996904192,24.682984022055145,-0.2707045320258441
43.78682938134749,14.857911463177544,155.51755369884654,5.69482222585278,180.95530028657024,18.11322961899043,-57.41378477194912
29.194094811076106,10.81520060959453,7.022043729617966,1.1831515677883842,169.95747192441203,3.7289803033325075,23.345167755513
26.57781567519512,9.641085841169119,12.571009481272108,1.1299857967364324,270.04328335416443,2.2541924835440983,21.90621368396681
27.109071723330388,13.328333983711765,44.235087760820676,2.309261953188726,330.8162363352292,19.211422222972132,27.189931599945687
22.120643839148855,14.533934137083405,47.34961402805948,5.953060085933095,15.575709504053545,26.09561330178378,33.08941887298978
29.35791858263574,9.978977293850193,343.6891716115043,5.586260922430969,334.48522496456604,-12.74332705292657,35.76472726572051
42.740008210106474,5.613378677312435,108.3180524289568,0.38619364632888176,51.03481682734992,16.616704832015103,-4.490923444313239
41.12475041331232,1.7524372775413766,327.65802922777436,6.112818315428235,157.02766533201464,4.1934829648871625,-12.009176944111378
29.10747174529046,4.731395684082683,153.16927519830034,1.782604320662975,338.0186556863712,3.5768414358947633,-6.258193812312943
17.23200146105414,9.134826176753014,119.44267872667506,2.154548535635332,228.6728175960918,11.87784952332907,-11.083010714418467
36.396260647444485,6.593652381725034,10.583841898315569,4.98903939927393,172.9441136440334,4.968389712501175,4.168334558687219
25.551905424467915,8.117757807140093,246.5043473449964,3.256803033677147,215.02358049319267,-21.257928080034635,-13.474003522162782
34.031290840230405,4.893863816267526,34.70000583914767,8.240894810690072,83.43369359058079,28.90265112288653,13.080118511885848
19.008966777485554,0.09159961593511401,298.9572118927601,9.694491560547045,103.48914921198856,18.40042797971773,-4.3644095977396065
39.14616624942367,3.2724204027981365,59.840691183105406,8.288994719226118,323.8094944844807,-5.833657812656006,23.543302564724783
12.254264057673305,11.115334806867336,141.97912161038283,6.584120332064842,340.7417475648645,7.389114584143584,-4.016049481746229
47.220731040513975,1.019841908957329,258.1672143972499,4.723014253141623,332.32885599410787,-9.902489378594522,12.329421299305945
35.60370032286238,9.499609951292411,166.79319573994914,1.5705293734072656,278.06432230362276,1.6578524850462006,-24.323248645396188
31.44286830500902,8.183667108212381,88.69707839410586,3.465050500309843,115.5546061430244,28.629464618102364,-3.313307463766777
37.00427064932254,8.31215772681579,61.548908242136754,5.844559346779688,109.89858225965516,35.167995857952775,5.412997515787855
37.250713956862135,5.194130071246224,256.6089557805526,3.1262781546565255,146.1888781311826,-9.130721051412415,-10.473392489256948
49.099934548842036,4.915376062235259,132.56762162880005,0.840333957122763,23.9616404451883,12.53327657820429,-8.09051062600696
23.439529811214488,0.7833815584808212,306.60461238938234,0.47163608396595724,111.06497686909944,-0.4126263587897472,0.6505688827699825
13.709845619894967,6.723552844014915,110.61227274632603,4.716159271472772,275.2868763491789,2.6700130051103637,-3.2307043701961238
35.54514295304535,5.349330131602725,50.812586450000985,4.383604070085662,190.41278260535034,9.028580242128497,-2.507272512899661
39.73399604951585,10.983730103350794,40.36859437805457,7.8947071614939315,166.04787590257595,25.66592250912604,2.011215933230119
24.25628470795779,4.5042038376250675,290.0799554049494,5.710760687251563,71.79796705830609,2.6565026656375927,7.4058592830468815
21.575398399652652,13.519530214708437,73.14283142382598,3.333700391007066,175.7989405378419,27.6482874101894,1.249449487758982
31.372623750652423,3.33368307298821,44.93223541041024,2.1777323947314384,29.932518859095055,8.70274580498217,10.741619544881548
41.50061221976509,10.325712584075246,86.27253366395371,6.443097481218399,330.6399006867046,20.78261320839502,18.28678170229787
49.21612148947114,6.406860232689128,13.476444070583181,4.7443426777442985,192.5812417288482,1.4560321000733802,5.068301329724399
17.00330311420114,13.704130339266701,24.594256333600676,7.944038895822189,172.7708473473029,12.480384698299826,8.527268680389149
29.008713423102872,0.14464016466301022,297.79557257701975,4.347949339744037,113.74909048033977,9.367182337753668,-4.094363518830058
12.503795121151487,2.723089134942047,160.26132262455985,3.0572956359828787,117.61730297970476,5.793540172976958,-6.355086828623133
36.43575317046251,13.898732624289126,262.4178758376347,4.8263092199092945,290.0797215277673,-49.904128492270644,-0.48212308132976656
30.47431500256137,1.5229074856509324,203.22902136185553,1.073799308854374,152.9480812460278,-0.27987717315011196,-5.871933246189018
29.13464700817809,4.388060451956427,312.968351076139,4.965640238495345,264.67944005510725,-19.875399484720788,6.167065981891858
27.70772330233656,5.6834985241497336,58.53070000779888,8.090721696428245,211.98612016120015,1.3352563153434058,-9.258186375709624
12.61217623559741,4.655874545628268,75.56405285677123,3.960537771623709,211.55787779134835,3.906327413597209,-3.5504004827901765
33.02367039232031,13.329882142253659,226.47779469037084,4.300116245597088,349.80076317617795,-27.0553806410599,-12.836849718705578
23.658202008205137,9.143870762088365,207.04160370604248,7.902966143860901,248.21774313818835,-25.247146079119986,-24.326985910017196
14.486621334619585,7.983989707631324,199.4772908277985,4.796905609061943,207.87819926519902,-8.429746403064243,-20.222763165598163
31.251668603992712,3.5092881507419387,335.20453785473796,7.0887024209186915,58.94129927658943,11.61299545527626,17.272694869631508
38.17086967378389,8.104538685953353,147.45555012587909,5.220672211833996,325.6567578278209,3.946288135911077,-7.03363636270619
16.808047488496033,4.422135694682125,99.6967266872832,9.378830083802326,279.5324354321734,-9.052757072243763,1.496379498334057
21.90163213588392,11.266238645370647,324.3398429615357,6.6999194484257805,260.7109722853871,-27.850598492545924,17.05737741202082
33.31355702004198,6.570606325272086,201.9744021289193,8.768417117814366,296.5986776280918,-26.840423236848416,-5.648203840730927
45.59331759520718,4.928901229252231,255.59235219333527,3.4852947856659977,187.16374341778922,-15.879821192079374,-14.282153275378235
47.8179143423774,11.1284588401573,303.3313275370067,0.5134213104210872,51.645320547555066,-27.77383549918328,20.087230152754287
27.644295318482044,8.757104813616063,263.2061081675643,6.092027102435615,322.98984913920503,-29.349337544566943,9.089412175773848
43.829133996725105,12.578874648434521,295.2006066557559,2.992397288144847,194.5612465404817,-36.27148140338068,7.3525486236587785
35.571910026203355,13.609558700756628,162.6671573783228,0.8194928960593117,5.179935495874961,11.118195347592733,-32.78819451510849
23.126647994104847,8.708992473310332,107.72953279111883,9.654862527749845,333.1585934634754,8.546502679992356,12.946986140355886
42.43540736999557,11.84861342600091,286.12981239965063,2.0611068178306557,178.68230785278823,-33.33943590271802,3.621241566504711
44.95394532676815,7.846084311036076,140.8386995906779,5.233700655759211,29.880063724525805,22.89353138539429,-4.679219142966231
39.04477811385327,9.572929817775439,75.5712162713611,5.0277748958557105,270.714780363368,11.972812737192207,6.906941475283464
43.95685122501136,1.7111541079760384,29.48977118822938,2.4576168961640144,354.98573895471105,1.8786094955780313,11.78782317799573
29.66736430951719,8.081558802700009,99.03680727104542,9.164355943840693,207.51758697694794,9.215481678381442,-23.110358667752145
45.500318652709176,0.3399587874734944,286.1736549600232,6.566911706098905,311.92788085181655,-15.874811163914309,13.652888833733513
43.74840161804419,8.592879768119198,304.5323364443527,8.333945133191804,160.3061605131903,-12.753461141759495,-8.886040729102383
33.083687736688276,5.556097885477121,53.21050615384163,8.614430608244646,332.86020064551417,1.3504003007159309,28.550792033375686
33.40804463855202,3.315167407294285,284.15470998377185,0.8943026980760782,298.4612086155821,-10.441083243364767,3.228017502117731
22.523238880787346,7.5688884636529945,270.3088725167536,7.545441666387941,167.2846018226931,-12.660000640558895,-15.684934028057976
39.96009022351764,11.53203303025676,240.816944499538,1.9515886997086196,242.40043775769303,-33.67383635077708,-18.630295588921296
10.799007638135194,11.166198080949991,43.86979376705271,2.4113111784506436,210.41748962354123,9.670719066053424,8.858939495974052
10.417409315293963,14.377889207487813,191.74977366055606,8.528312785439583,354.51319404506535,-5.45529881142623,-8.142703610164814
22.294950823307364,9.694774620176057,113.45368181051481,1.2126258196941986,260.46250040511103,16.411896600718293,-8.65482267691221
11.6905014437341,0.8860621254985529,191.2027644970449,8.263517807052395,287.136394950622,-12.456806705347706,2.4170764592486655
44.2234103388454,10.75768289599757,15.37793920953976,3.2774027482417623,316.55505931993156,1.7987313901037876,38.29008809944651
21.973474386983337,10.719504705932572,74.37026757125504,0.6967879761589213,123.57036959946022,23.078290872375376,5.29720800306196
37.88639986368261,11.805266946285549,178.62816597544375,3.791146483833044,144.74051483236195,6.86794416966813,-41.40343727965392
46.60050435062372,1.1829884220324032,248.47456280532793,5.0965700090396755,215.85018682732849,-12.592386527631586,-14.070993299579566
32.73399747769416,3.134786898631213,87.11801683494814,6.186819528069618,253.55322273493695,-7.240694495939588,-4.117898940477561
35.06525317843658,8.16829006989566,351.15398581753254,9.765721913522164,302.9594965991207,-25.267089857781812,35.78567375843723
27.208072272046678,5.500770766236161,344.0254961332944,4.503627618078823,88.67169254229483,7.038664839745417,12.701061097168225
36.026460926029756,12.911612658109588,295.3480885565764,2.394087879716096,175.44362846401285,-31.107883746365918,8.512955500120826
17.437495695670947,5.200760341046814,315.7994675759111,1.0126199111216405,104.46383423057017,-4.987663311438185,6.55304347865863
25.71549533501827,10.182640025032049,15.331441444224613,1.3402392594754065,182.90091609928663,6.009275726465805,19.42061870531845
19.599367818694347,7.292385754925471,164.49686415599504,8.552603137374517,196.09281848386289,-0.8426411553855262,-30.473001496890397
26.872968374719758,11.485639845969928,136.15571400187403,0.04685985618199551,329.08053316008034,18.5661945111627,-19.29530084628968
21.79941063436543,7.818600172051057,135.97595610175767,2.5488741886932207,24.727681384385196,13.702649044530537,-6.971236244418735
38.19181522219111,6.18312993010991,12.586292338285459,1.0484310704061262,359.70335223350247,3.7445314595922286,19.764253423867164
28.473087536960726,14.231845325603686,228.45815838122158,2.0473771046669853,192.7487563639079,-26.753147286267357,-27.55076091679639
42.72541124666139,13.78569170455781,147.4541075390933,2.6560097964744034,351.11264358751316,20.67736678946619,-26.5525178186681
48.53338245285741,0.5621011766317524,240.94037504254237,5.468629375191213,48.732810143749276,11.384202241742317,10.487137399657225
49.20516854941643,0.1240884062713482,51.37557190044448,4.196984261909918,151.99944412973167,6.547852425227897,-11.491637539448499
47.3450770548627,7.636651941280344,36.88149314215004,6.337600071665872,243.51559532740524,-3.384205122981326,10.19698231079415
28.131505583542356,7.9330282011975894,208.4441808072479,5.919776731505134,285.92889425239906,-22.681543471608016,-12.814125374722696
47.06260026145212,8.630167031112473,207.04777335393132,0.4490360184303732,178.3069585618935,-12.11500896839706,-25.19890379248622
20.405109135857977,11.342571958217427,330.2793824474456,8.602670625359726,225.61062356433575,-24.00801709579035,7.817180528437341
37.68221644159137,0.053906765170522175,62.53214435523715,5.056563134236711,274.8712935220498,-13.832161801752578,1.2590695824414662
21.12878469779625,9.204991367736554,163.5641091726264,2.6962242179489704,115.16437971281681,10.470386150981053,-20.703552794033573
48.43665312248617,1.6782874452708607,254.48827091877618,8.311581524568247,276.09092472727934,-31.053059553710295,1.3609283119780695
31.505502983515438,13.391349776127319,48.88252127549786,4.909599805123052,163.26459091691328,29.151270657802407,10.402581088559785
45.5306393493849,0.31909476687798144,348.4206821988118,8.060440983831569,345.547993790971,-6.3240310490365745,24.73321784385209
49.40477225775067,11.832542729265056,272.72122545651405,8.391437219984859,295.47393484082875,-61.55324140290392,13.237247490954385
41.026386535419014,11.484999153278755,12.641324051575534,3.0506687571936117,74.97525105352058,15.790350780389618,34.69769412825256
30.15507184267243,7.840761792042762,23.402076532040258,4.934176668937983,197.41561658055767,4.0598997846276585,6.168437728670099
27.727498606413473,11.211193393075193,346.2482084654938,2.2244469621999627,84.2531129509334,-1.0742309163806159,26.421050797278536
26.188119138468707,11.414714061643517,161.82256493727,8.294000942339665,33.94551220325633,18.929583275600475,-9.160809417584932
38.69840502990149,9.075642788312178,224.16791683980784,1.1271708415507942,342.5450081056236,-18.711592616549208,-15.265199932077905
17.720055434897862,12.388569858325523,314.4051569021285,9.69324626201332,67.06429538266654,0.14523276570203336,23.656201891002283
15.108651636808514,1.998603941725285,95.2226546668168,1.6685874737716044,14.226921890517236,4.212830565640032,2.519372502402797
20.478642901128552,9.828131703367353,61.338847506406296,8.698907213855069,321.99792378095765,6.67764272588607,23.637842449640743
34.448524127855954,10.86241762925381,128.1958136117137,4.618252898301966,2.636209850543265,23.186470312675613,-5.574321755279911
40.31847664102867,0.9942713029325301,20.374957431997306,6.901412792112522,248.20813695314115,-17.380120589488076,-4.673229901771682
43.55462631707027,4.081670913812307,203.40941427225567,1.5956103258373278,133.64330917014945,-1.3915361196297842,-14.443271157607242
41.23132444626034,12.602830404509413,231.56875690148775,0.5949723438459742,173.77962661721793,-28.436452657130793,-24.4268726956654
34.6450255243678,1.4818602377271084,228.34504166614184,1.444428573861597,270.23502662582115,-6.781320794911352,-2.601813884024862
31.759445652996902,6.984241384434842,211.45741598955033,7.353787091226946,170.88099937415424,-6.308943193285057,-33.63585068051545
39.7763521640821,14.74445368227653,311.59805488577973,5.743362561380404,73.68699569999877,-15.702351069535595,32.46959940985643
17.098242751715873,1.171929313822363,178.56320994431886,2.985473110783914,51.89510693243132,4.440970059426174,1.2523876959054054
21.584504250880713,3.9752209371754965,320.42660422476376,6.456861769664954,77.03457222924294,7.887016393025105,9.466716088572309
26.76864060749971,1.6182344258095394,298.23739963671943,0.5161769714538778,69.270805939826,-2.202707095679603,2.2154056424944506
25.302876390767235,6.474317360581841,247.51521719495727,2.1511223204628016,170.96081081270958,-12.819368404262567,-10.44874561263267
15.972371562169592,5.9903444106114065,250.00508572911602,1.6983521771498422,336.330041697533,-11.388593665160057,-0.8893531437728752
16.05785720915676,0.5272186955583313,214.0404546311469,7.794327943952567,85.12045130679414,13.51762304525573,0.4091312316226332
45.7305004604422,6.211568682056855,48.79510332068976,5.7124123990827025,70.77379545075637,30.738972870396644,18.237897333591654
48.337447209269214,8.750885840264402,3.5915029199949933,4.648463388964242,217.76947075632103,-7.216891601219368,15.881885621568221
11.20100261567011,1.4366953628062622,87.62220329912107,3.3353835311021616,287.2588792645252,-2.644137197559688,1.5854730614718198
48.62787396083005,0.38995293511413676,166.1021533446583,6.153359373024041,32.211085768210566,10.622412515914654,15.200879112567486
40.10540955623756,0.5191093296947136,162.5295607879718,1.6024770657363674,39.29654861621398,3.347689406453276,2.130168927014858
31.621434632836856,5.710121195730375,14.852321353316174,5.093160902903526,318.4558199882908,-4.8600057157386605,23.692620913003065
36.20343905384765,7.434213922456098,66.82963314043064,0.2495172473985674,296.50587179808986,17.961411242366562,8.249441323664941
22.64853414003216,13.830739897855954,278.4506328445523,7.434815124236991,285.2449843307948,-44.81103749065046,8.568402536794444
49.951744525426015,1.664390106068487,60.18619415891731,8.077430799067765,347.18869436252834,-1.1073381494560177,27.775856286720614
28.958439777563388,0.09432998911904134,92.46071569846251,2.448784068752997,19.365688517467206,2.20199516834525,5.60353738218706
49.13483087560527,12.375788415847296,273.44745746666473,2.9313576114795015,283.1466514992899,-48.13324291947277,4.465564828321387
46.09565887801189,2.7550068900599225,51.92088807689747,6.47945794443126,5.542830913256576,8.566661833134917,24.979170727535347
23.692848736370713,3.2201074709783666,211.5767355051347,7.553288123181623,51.08978646670241,9.211597999433,4.397580206747443
39.3027353030033,14.04778826955545,262.95313154255115,5.83341041740754,109.83272751485414,-23.931362824656123,-10.480709356621292
42.9317135948174,11.967544538069895,170.8057251422755,1.8029452395310708,222.12866580588684,2.07920414550402,-38.90683604620632
18.329765103579444,2.73947333030398,230.95900643753686,3.531222441480031,33.974415666414394,-0.29849218993669124,2.325289498211464
46.9179702194184,7.054871366431038,28.40501095769139,4.656186893781862,294.60282585053784,-2.7138200419810907,25.18767498941388
38.80800383007269,0.3615966406290977,349.4428512734607,1.3393652640542675,341.2866953326814,-1.3950516344282482,4.568114161122986
43.08644971014314,5.386354429760514,194.41796337270742,1.1194675700563883,13.33993738374684,-3.2094392087126287,-12.23299009064301
14.230747850626893,8.6245869473459,39.7584387293524,9.550826246301892,193.32866526632893,5.644878235671906,-4.536655557262993
46.88749398040582,1.3637819331954626,289.9523505177508,5.404926008048818,145.65722910771055,5.463877921803774,-12.358939634751371
40.297922403549755,4.2830365969807085,218.39411026865355,5.3586062703204265,148.9045963578502,0.3080615021187336,-22.774142748509504
29.158779846430598,6.419398202504631,316.37094383678084,9.806647488005096,242.8072243308154,-32.06703915648738,0.4023076709923892
15.076068405477375,6.954134521562886,359.6858169225117,9.078546018128963,180.07195971300305,-0.0868434823848771,-3.7246296505724548
20.769371185291273,6.842797688262674,8.508818626566676,7.4920143358946785,157.79591959350682,7.909476959080857,-0.34766549682327863
36.293967830386826,14.646324376229652,351.61944749385,1.09535459964626,11.71044004448091,-5.201915096265029,42.332766736929095
21.663036829147106,12.695561636304904,47.02661835306471,4.371832184551323,15.700353519072273,22.0074813933715,27.03175445195815
26.146556905293643,11.05465580442171,275.07286601119597,9.332899661651236,276.67257667887344,-46.82501379420181,4.760578738456898
47.69550620749155,3.0240001596180472,218.85460306928445,7.303622560599985,46.028717906013576,10.475130138413936,8.469258069291094
17.895219858116818,4.89053036790126,82.96604171616505,5.403324385659062,183.55014352006208,8.631864666028338,-9.15700891825684
20.816760793044374,14.168233679672769,14.066170614220814,1.5772033570161725,80.64051901303478,10.299826265307921,28.84112593209873
48.61856804126026,6.1532764120282,98.75557896055014,1.8749165645267218,257.1897237602313,13.390899836970306,-4.257695749246679
10.389133741907042,0.98877098387529,59.93989401868483,7.434803152594924,177.00047140624312,1.8116719362498652,-10.084668777953162
47.552016896767505,2.225765980730197,5.236134300683863,9.026623765293767,0.5364334308633145,0.895586633930439,35.00546272689389
18.325492966581134,3.267060108703934,21.945421154973097,0.18173706148145619,186.83897417549198,2.318189050425552,5.508530993763624
19.946672854804824,4.375362144087634,257.15421436624985,4.03306122522332,86.13817046394743,-0.4879157754857726,-1.4138955826495712
14.449195746238956,0.07243875451669213,185.8168705373497,5.717372877010549,280.1321721414188,-9.672496944434373,1.602597325493575
49.970892992610125,1.819771221144784,42.8799428509903,7.983212173182526,8.331355815173826,7.644543914879282,29.468383962139924
48.19779898401319,12.755920897313796,138.413914474683,7.529685701532848,225.9992144615689,9.561867286272605,-46.30415527747194
42.81599916073589,2.0829557648499657,178.00996238406705,9.33818805640536,267.1792410269447,-27.342514004355476,-7.5081066353498525
33.278890750781926,7.978988097429754,278.4003744109055,7.2675568953030645,266.4045490167283,-39.4530993895041,1.8490773222662609
34.71103669545931,5.823068731528489,195.03972743642638,7.3305525881676665,108.07256486712096,14.519037790446065,-21.009459686048288
49.55967898447669,14.264323161788338,339.40898945663224,8.666007810066713,197.1407409987797,-24.064822061757194,16.12202031128921
29.201156198970956,3.8701983230383554,88.1797860162479,0.5066219734443467,331.6893685968301,8.852079550660564,1.3882209181949323
42.63742591177151,14.586612536328262,185.41799589871468,6.842969225281333,89.65482232304163,16.11427776316423,-42.69245528489478
14.749627974724358,1.4517160940556795,300.61175173487266,9.530922580187708,29.693496634400486,6.020469468402242,15.639103872746022
13.844851709422876,13.235707069020304,114.60267508989637,6.621528014848311,199.90654701347827,16.430278062378818,-19.717545723352742
24.77520099112477,3.887068517102981,180.4494608264251,7.592295823494427,346.6269908081599,-4.0150860716146415,7.8648921605267965
22.361836776161557,14.591676036064078,68.08052561381392,2.5977423641770967,305.2311927028228,24.37289203058783,14.830302963747304
10.481531640414472,5.445282519249613,116.61909725181825,2.39173511249826,148.63425961138077,8.936092678176683,-6.55187574641999
11.198853089355737,4.824774605228955,339.64187150382617,6.0720956025444295,90.13782875253318,6.638775032762336,6.812833771021953
33.28018662052475,10.560804524273227,310.7628672241562,4.319424364091214,53.377144171305375,-11.80561793191241,24.67311870866416
12.14674058422164,0.8784028385434045,49.66134470789699,8.812345761355937,259.56638400086393,-12.58468595197854,-1.6166006383017058
42.404532474064574,10.595099527760336,194.066952226236,0.9160215920745074,182.5184256940686,-7.690114249851537,-32.90897056349376
46.82602052026176,9.789273912738137,184.8020136417881,5.964635083261317,276.1408485772829,-20.855534002436595,-28.16886297516837
48.72583925757664,2.2393771962418105,320.64584985963654,1.4073841298878709,191.11624184842572,-5.330845910270616,1.1050248500956181
30.03188457704859,1.0504169199854863,94.34878265841142,3.247616730990596,48.93954402450347,8.65091262393582,5.081357212877135
19.09606063058037,13.69114060236264,229.3824531848583,1.9265339085151123,112.16629339394711,-16.9853865909183,-19.02062695306381
48.041398802564174,3.3340377000466885,358.4684786468459,0.173968449862395,106.0773273660866,0.2442832084310363,10.279687349453953
16.378814464734475,1.4205186805677061,277.77223051790094,9.50417765524158,198.59776863782866,-8.110810111369291,-16.10950240066973
23.280622395033497,8.234280770591871,247.18270920755148,9.38268110673452,226.20304363674057,-31.289744418560943,-21.10411593625157
41.452071258886654,14.618292524743524,124.54256477360347,0.17898919335489594,239.601105986982,34.555554817621854,-24.35942981808487
45.690170346970184,1.7163339126895594,11.414572461691566,4.646482661486793,62.241494945159374,13.586001785054483,11.739614522897856
12.215255875737121,6.397058152600956,8.471387172949001,0.8525304591496896,202.1607360782404,0.9796877177940122,8.739004930117943
30.894863648213224,6.87421851828686,10.664897801750781,7.23406284145852,268.4295395512516,-14.955794742029589,16.456716757444983
17.031241417081304,14.754137870380228,45.77481660550377,7.350080981120853,333.08289159665117,13.501164495456948,31.387881347113726
27.088627835704024,5.262712250229489,45.03364034422802,6.548639603290663,95.21710560278149,24.07607674169544,7.340673801951416
31.294064138928093,5.6139189017782,179.19305670823357,4.293832215311094,270.51483479914685,-10.645533651274171,-14.081185644640428
18.97553442589053,12.223450963039383,320.83397554594825,9.134464038428193,271.4109847923932,-33.145155818029544,19.08265589224511
22.482262367557183,10.881091435924562,349.4322168463091,3.0546150099554326,63.973568095118665,1.6041370450222336,25.769946539486767
15.773062699577034,6.597090037796115,355.52726953293893,8.521302315146706,107.94447286289157,13.614848918012598,7.086217260001715
43.00869702291276,0.37729819570529344,223.93412256032622,3.328962939724164,2.4636877457971806,-0.3514326132001482,9.043845527657876
29.968823408835675,11.152825333015945,225.33174897650474,2.049578202071701,263.4800388759818,-24.63924012473694,-19.95536041497408
29.672723664445964,2.2335114620036984,84.55624048337368,5.5833426833974205,151.86806939472777,11.943679665411874,-11.589149923378502
29.646761417142482,6.147484652857264,60.867694159936,9.402012550670676,272.4704274278912,-9.89165063500501,8.354034192635122
39.9781300662127,1.8932640358116641,165.1850295107384,9.527140571420853,141.92679258512518,18.15487358645287,-26.637165079698857
49.47462529057066,7.640819146333405,305.02944432638577,7.035923734995709,139.47366697029074,-5.350862188737514,-3.056038003770988
24.04329566117594,10.48184962382596,144.0681703610217,1.5264275562707874,46.807924951481056,16.082148488578515,-16.477825922904135
49.34260311025035,14.345890014610939,223.70441762026832,4.4192979398276,359.20432379213804,-31.632883301880952,-18.87784167161438
44.092049463325026,6.629967560317746,308.25333195888476,2.6956249617119807,224.47631288798635,-21.27217253605923,6.540390732430384
28.93219931932733,12.448039957939041,238.46092654371057,5.78181095869016,230.080300232542,-36.53614201532393,-24.825011721419983
24.464224879456978,0.5474914326646485,350.98820131833685,1.0885310028699324,183.69356087737455,-0.3481288574373844,-1.2183447955852171
30.02394186425963,7.250589429597004,108.48138563692237,1.4557442162598722,84.70565283860654,20.59967991439175,-5.354131578333234
44.56377663370228,12.175425388977851,110.73583080852868,3.0723856185420004,150.93941030155008,38.820126555303844,-21.088583122763822
39.556828067868956,5.676055462772073,54.849736549636255,1.104628454954616,31.277033694537188,14.808242390330195,11.96111682561787
41.62519622957653,6.492354517073552,91.00001497310731,7.382547911346701,128.26091810245586,35.79683230183384,-13.647696912596775
24.276688175433247,8.622480755931292,61.94431369147513,9.698965579246686,237.57293171245078,-1.2845320598391794,-2.54825329336618
21.056491077253177,4.24582361908459,294.60971855863113,7.664149338284492,36.387125562198605,1.4223921903478063,16.446832638970292
38.41029811276767,7.3958643273387175,70.4033210636132,5.504312372230578,191.23070994638368,16.49762674949542,-8.166634117883447
28.543972447239646,0.037821813357008516,240.72843726316404,2.3350172718407958,81.12502993234054,5.485816132851473,0.8244172091761394
37.08672868810872,11.834325300995284,180.15940602716313,8.640000783107444,290.264958622733,-22.377611517089086,-24.31230336791708
38.96062614463951,7.923526337387098,99.80187960868427,8.0137075051498,193.26252317690606,16.8238337939203,-25.7846887410013
49.72289693509096,6.077274113111611,311.8216836354683,0.18286543692027646,304.8272075906563,-14.89756753334097,13.234972579869373
42.66234698914185,14.894449603975831,65.42814130186207,1.609978662071938,316.1385558067648,36.65854104938473,21.689657969255773
22.44008338334361,9.847672814475581,100.42772076736556,8.021472299561454,67.1357191277179,36.52455120143214,2.8540780281151927
44.52759415784704,1.7769579635820976,144.52148808795786,3.10955357635772,267.8307043193449,-6.254878780848367,-4.71451712725324
31.115703411067706,0.06286928323607499,340.54851089640175,4.966712604632796,36.17284131698896,7.3306545599200525,10.247465447462986
39.19923145826459,13.08442583366145,138.61820086116862,9.87454288143323,72.94887318265467,51.14039560822699,-19.568365478550746
12.499279081673178,10.48301039654513,37.81244586469843,4.467218112257032,298.1059069424987,3.969235768848036,16.58001592496379
34.91590577494824,13.686286988627131,17.81951329756888,0.8946544533660805,99.36809250471099,13.529608697208737,34.375177346054414
47.53433585560511,3.1478490268231196,330.83409083815843,4.7484387318262,42.03952049205205,5.123079360103638,19.535316865416657
14.277512952748669,10.347882750971092,269.1138735086062,5.896940069096957,167.98851753990297,-15.558769796352612,-10.113582362727579
36.089262233607734,6.224113186328169,281.04274235455244,1.049622884737409,226.9227435645561,-18.64992050588079,1.2892472216361621
25.518150295050766,13.909692781670548,273.801462617294,9.399067487923691,246.14744706082374,-51.263942825259136,-6.565853985158837
34.67356055312433,11.268837823416026,18.334273843713632,5.073267464218326,35.467983256730335,17.25134049833672,39.4259393599614
35.92056700137118,12.681015056913647,229.0077150463861,8.214756065896413,118.31643158376849,-6.331891450439084,-33.05509447380478
24.586343145747335,0.14138377778451616,43.37291857402677,2.0603302835080326,157.5178241928026,1.9812961748650335,-4.032125457869654
18.93827508023296,7.951637077962808,254.2207685334738,0.22633816842349108,332.14463218993245,-15.243557087783898,-3.85559387117048
32.32446835293905,10.139935709598847,301.36355131648935,5.225862394621772,1.2467215195490766,-21.93503148085775,26.960210048952387
15.504072838839775,7.019730090954634,273.76300528828585,7.150588723026036,168.46137315260168,-9.910412347318639,-11.636914256299873
47.81973642572813,1.5867543324923483,9.896534673191084,6.902594157456287,39.98455018185827,14.700703881718677,21.394568694130797
34.62277843653609,14.639219399704361,55.66634093761631,8.937572777480081,243.66459827467708,10.83614588738384,11.402398774719906
45.164610671451115,8.821179676846779,355.62388850980267,2.513142114961279,176.5476021093265,-1.5832100174778474,19.077212440095728
14.824578623614855,2.9694822600295385,121.98528037593105,2.2668503254889227,161.067131133306,5.657335967300229,-6.462222335801044
26.76901297559088,12.949367400934067,323.88130877210034,0.0697410987363134,287.3768018427979,-17.987465720359616,24.48565309971172
31.881195311225756,10.106046206071394,257.8744908992555,3.6633640367074403,126.68327575615011,-17.700229997173643,-10.991413112894303
44.68526332684773,7.5075194647324635,5.302971758677928,6.513318438596514,240.88668340836142,-15.081121684566618,12.99803495184589
21.726408956693007,11.97603830337886,48.58323869692843,8.76338961685161,347.04315533518985,14.766334723388539,34.64798064575177
16.49077056952651,12.363607599013484,140.6531057553654,0.38051439742311843,357.59311004283006,14.34362039208529,-16.83389430145228
34.09859289791872,11.451275354149939,198.53497182479623,8.46915933906234,93.44937550595314,12.691788523202465,-29.970161313100522
36.65527179007525,0.29884651924672045,288.30492704580905,6.822402602630785,128.34263133902516,13.852104462641817,-11.31337459807776
27.477226442022243,10.351403108059708,88.52681434231327,8.497044666300917,329.18064575900473,14.188349676830505,17.90098298768433
24.587084858710003,11.228517175421457,315.8898763328484,1.4203755624177072,115.8674626035298,-14.636632189700698,16.66279849709642
39.43199518783095,12.580943451066197,322.0736833464283,8.234514306872459,139.82226868101853,-6.862257515781838,10.298846903783609
10.17647280703268,13.916154653911983,78.33082222301496,3.63978676843797,352.52104624186535,18.947957451707474,9.252339681366703
48.1996467153341,9.731666019858613,276.0637510783222,8.927880360317964,56.35466859895696,-7.037214808723824,18.72854165372585
43.941384915078075,10.54224413797903,250.14173210041406,6.200027803942083,311.6529121992536,-43.54300270161458,1.6147558435932918
33.11549220590399,4.328375966306325,307.9006039010031,5.033892174509049,79.34063321717552,3.979628748133388,9.328071552761838
10.408755928703478,13.69312082683335,265.8924743013911,6.0068701810664615,291.41624291877395,-28.042191810192172,1.7663406800292303
42.56189704402395,4.745892344953676,82.30793697287334,1.4736010209421813,132.5883451713108,17.05011458725812,-1.0663257452611568
12.85073023350745,7.144067591394688,131.30222823406933,8.075427540712576,198.0178221769499,4.643920887996724,-20.06231292961101
25.52539011784967,4.362024710060642,256.649448915628,2.4506803029096416,240.38877690125213,-14.542214380916121,-5.060056373962674
47.428725246925495,12.937526478990335,83.76211607120148,5.499506152474524,33.65006358273694,49.46810180465931,18.606905465223893
23.034065370880356,12.302780686150289,316.96720387026267,2.7613728427949527,179.5208110766113,-18.1435618809869,13.50409924305001
20.383067062111913,14.90437647202627,176.610230967426,8.202628926067412,210.67480924282725,-6.734102220957423,-44.71127461003336
26.979451434470036,14.3873431297704,115.22062756184572,2.467819046363944,121.30561259048119,35.471086723465945,-17.38519704319547
39.77839999345492,13.715911306168218,40.02015210132049,5.460086596789092,27.489608571677042,32.294856441253195,43.706099695610575
27.96160426962595,7.390189393928176,290.58480110356953,1.3398640777327275,213.21911941440226,-18.270823791157348,3.5275252329730376
40.60307430111981,7.466258090737051,35.4464552021907,3.622805868059198,55.71521144730592,21.07019927129982,23.371517809095323
44.16327713098772,9.592377176018182,274.4738030561862,8.120981797468508,166.26952035635273,-22.911526438547067,-21.42644898734205
19.08330998848438,5.750285873434779,55.26298274419371,7.867678872698454,156.64740557235638,15.472151084080181,-7.784510651647296
39.52583099680418,14.861628901564893,277.8126747970737,4.228515012052961,166.52735388787815,-38.99966034040722,-5.9384104788255305
15.653857003652591,5.371545672192185,158.95546076169924,0.27316469406281074,73.28671322772358,3.9132439689290446,-8.815627115423641
43.07640269399889,6.95767903206904,130.19536806895334,8.055089657274964,271.69153150053273,-8.110919040715824,-12.602690721699288
29.22737375842292,14.923618917303235,270.9498539772395,4.8115443933441835,260.15763418400667,-47.99650376276366,-1.4038011868954188
18.66052123835761,7.300139701148513,110.482423546404,2.2827091462967006,5.740468498125728,13.783961096331343,-0.552383515165543
17.428495850761912,6.63450739866199,295.6816606688689,8.405366264411368,181.1717521012084,-11.594626557921258,-10.421027036876332
22.972704978489226,6.885281242994846,65.18444193896764,0.49810537412745104,202.54409597957874,13.111582604848783,5.258225886749402
23.29323150502448,11.558667244584202,141.99380551792996,5.280773073645431,353.2554624460653,14.15825515458439,-8.418992725212693
45.740117863079384,2.7890473851934665,185.82999006067195,3.0025738475495345,16.44956798501427,1.7312742453498275,0.32080859309465737
26.664778419915073,3.7600750628233044,3.702814879380445,6.527026511160134,135.80890242717678,11.174119121524566,-2.163179347415962
18.27497695202137,7.173521959661923,24.335207264721696,8.34834841686538,74.34980377188687,21.22262251974783,16.963311371343202
23.530292275025193,10.89943701943269,348.0822477601831,4.008867329052686,150.32482451935317,-0.5828146230209779,15.729103288172599
15.534526216427839,9.056130847936162,78.43971909226426,5.29013823205511,259.93280188308574,6.520087115263571,1.5840574531976488
43.4358237609814,9.110721951587298,146.31730975606663,6.71821927235146,10.875437014096931,18.807981325352984,-2.927215132340315
20.52984968334808,13.777838155939413,188.3935975858072,3.933843269297612,244.59244582170354,-11.384207942314653,-31.33848694698515
17.054596262435425,10.40882565095375,280.86195508678156,7.774207758554596,93.49496664233145,-4.591914737373033,2.7737884121914567
23.874125417532554,0.3809902095017009,188.93746897349124,8.342438832222232,277.92102763149506,-18.360040646199817,1.7060317419498832
28.970614731316203,8.665657574473325,267.19333402939793,9.569930948675086,117.85387854743918,-0.47168331866408053,-11.897686172829202
44.15017677824856,6.435964549132965,92.65405594962981,0.08834565537203853,69.0667391229579,19.535871749802777,-0.7994151144574315
36.24950490530331,4.825035454127254,162.08346352575927,7.3674538339443485,180.06898533058424,4.011061344613286,-32.509338567367315
45.27343525391024,7.497171801777177,122.0403340751997,2.546910506396384,157.0803089901344,22.3210321060742,-19.210540765327202
13.078977640478765,10.566955565957914,9.943649521815923,8.311735673342369,189.70874707014792,0.6907405772899584,3.617798390513302
15.886503113829558,2.7139151256744047,75.6208407112421,4.024412017284272,301.4256060636464,-1.4491089598461668,4.989172491387452
28.21766666431508,3.0936307288999525,21.469068037122177,1.760637177187293,339.7294592235042,1.2527083666635574,10.866619679158756
15.889001632376111,1.5493116646725875,274.167621932954,8.359166120349506,298.8476256546156,-15.95909827519969,7.46158479957924
36.04995306939102,7.351436290062185,218.42902275509476,9.687120057032988,38.37886357498451,3.9176582843207566,4.974704340076206
16.575267033936427,11.69156718565464,56.7412643286862,8.830408792435774,133.9016088921369,29.668136467649443,0.5307057864477915
21.558004697622316,12.557245703692047,145.49339330021152,5.534589605978798,11.657498292080186,17.25802777611633,-10.330279204516259
17.028856855629968,1.5534803460030655,152.93924409096988,5.785848424424501,74.63892348427389,11.712232267201182,0.27811964556849134
44.25911569788206,2.6875678659059603,10.651671316146505,1.8018284251449523,148.75512151542787,4.299646460008876,3.3065769449597946
48.44324409483282,8.52958345354126,197.85349670804368,0.9565535930457647,352.54739612768617,-8.608073027075259,-22.533975430088926
20.64564293157599,10.179123960158304,96.70954449746039,8.288252582954776,21.798008024908853,27.054845317822906,13.348473207064963
31.854687340639018,13.025273018120176,162.20770185618935,8.835380739499566,273.410356394631,-12.333317213000333,-30.26653155036622
46.86364597560097,12.093351445845386,28.938625037836697,9.238509028704327,160.43336003537343,27.650955706635713,5.805969182171452
41.14129514674474,13.32258384776488,246.6903189113804,9.41362299270169,104.83390755943138,-9.0802723093446,-22.24759704087188
17.931380334102684,2.771244765810909,300.6470635919398,1.8353980968747419,330.055323099186,-6.31022537390696,5.741774778686539
25.06940471457603,3.358151374698974,40.72768591857832,8.08339912001562,57.56748648548505,20.377620617887512,15.554061729566463
21.145482296502514,6.65401891990355,352.3996502682548,9.158797901511715,1.9185748277250347,-1.1906471170040709,32.700055129937176
18.891696023316,8.44232462709896,266.9158576665183,7.5623208231946855,117.03470150857747,-3.32471980405483,-7.6372185698538395
12.434622989974544,13.214646058134068,221.6816024651373,6.127481670500609,355.1906451435015,-14.809576114717242,-5.9921913829339655
23.00199958942106,10.483212277698122,78.83417774541402,6.047112734978373,45.79940144960759,31.659915096661933,13.525756130026076
38.02857344091048,14.869597229150381,177.57226336647307,5.409181405691727,31.322389376338652,9.583559055452184,-28.49977671740944
45.79230713027475,1.7680941695995385,139.54201042648492,3.480616782025799,17.19288011973685,6.649087932397281,6.049124958664466
48.99760835540417,8.448183665100952,154.525666396468,1.2543864421878137,154.96095045409697,13.162339575337676,-27.697289403857802
26.791252032686025,5.926992779137379,119.20596731202755,1.7164547334326263,310.6845487641811,9.04900336947076,-4.143986509252747
32.11859066621103,4.55583598716904,351.802976682389,5.881121046040354,95.31899649228396,13.322406855189172,10.143882025826587
39.956742711842594,8.795761917565175,8.422172389564523,7.227859571618627,182.03957817925877,2.942735351407895,4.217352399501696
31.84526307429345,4.520289393074571,1.0041182542629645,7.481836862501629,357.73823090508324,-0.550516138614713,30.56504313213823
40.14149409913518,12.697312929224669,7.812143423204252,0.4459485073119618,3.6826425748961933,5.019248349622584,37.25960432758997
38.59473643373431,1.54924108442419,345.53899037290864,8.444423911851446,214.20786929670484,-14.402120110444358,-15.38137629526019
16.636157985380517,11.574708455550036,325.4826075859763,7.7662950623988785,340.01873186041047,-16.966612865819226,31.005696555251973
45.284668449714204,3.5729491285640576,11.72679558856351,2.5904806362251853,206.07203430677285,-1.252866079577653,3.5595618230853905
11.383791442150347,3.3775583103320805,323.5508130228212,3.4849590776203874,69.27426315110793,1.9085450601012188,6.017818040135142
18.251598827038155,0.09840812058051818,60.39817637267906,3.5752088626649714,14.6653215246433,1.9110705453090893,6.765645403780349
42.383499853086334,13.588022997823657,289.9298357911297,3.4405246267845477,350.4331587357569,-39.231220355174436,23.588057029330418
14.54088408297055,13.271043568408349,81.44715157264328,3.3764462384343075,118.28188722310412,27.715118798246458,0.6437663141915291
38.71654054014396,13.461931724107664,81.37307664687805,4.048201261527483,181.54571095658375,37.08657210710958,-5.696086888587405
32.17535996691467,8.40393207425293,250.25133700678043,2.0815124827460663,69.71077525480896,-15.257745957515647,-5.424249046245807
41.03059358763792,2.891221591287892,58.39243401613508,8.498018849364652,141.88112922675245,22.293724748123978,-14.953972703892015
16.5284551954554,6.40132104593471,2.6072863658104772,5.374036358792505,124.85506358116142,8.629767767372828,6.100729508122547
39.86484281433192,8.075487278381871,232.23941149545396,1.2244884763900632,299.3951841274686,-21.24211505750908,-12.384457360280843
41.54640563412481,11.28987877855705,32.567712204227035,8.797038240714931,20.711595415764762,26.74185421724377,51.63892477928146
41.20302985112063,11.27035266888636,141.41584748551614,9.076735218954516,220.2222712070618,3.383963380783527,-45.620735049402455
34.59152285274783,14.270682676483895,42.445582534011116,2.4272686218456063,178.70867032211913,25.721867886255897,21.520984306793657
17.92351665355383,7.21683175784935,111.23640218138195,3.716952597935139,57.61912035646996,18.859165514192597,-1.1917976005519564
46.256577675011,5.758961720271297,214.30712103064823,8.669642229989297,230.73020453338643,-30.57929679732889,-31.46060322085119
32.6542884716837,13.52530566395857,123.08321791863648,9.85983675694688,35.204008303168926,43.90609847843409,1.7381168003791636
15.297563427928527,5.932848242633628,27.364869215165257,2.290800072243404,173.38232885342637,5.282232442246776,5.286373233976034
19.284765339656804,6.011734097612146,339.8954820072561,8.549709018378753,98.66501160295988,12.661796426083402,8.63992229326232
22.74007682536386,10.016696920958946,183.13053925812176,9.178095415133372,90.67482604022508,18.582717567721883,-21.76812283769846
14.115424721628159,13.585593641758004,252.4390277947913,8.903562323809476,153.26043906336713,-15.17668817357173,-20.442390711537264
27.94275486727105,11.49678817710675,9.52189297693526,5.710818960747979,57.00210927087152,15.971143283921034,34.48572422106406
39.67306789140686,7.995691549299556,96.68868983943622,8.745599250303847,97.37356172494881,47.251642165275626,-5.840673262922209
17.64207457489232,10.577258069726978,22.606055493502566,6.910832392444588,309.6215441783619,-2.384688363401378,26.876849200978263
24.185029271225062,4.766925807381474,97.52608057527348,7.197953445605415,50.246645183356854,22.78177500683452,8.83457899729582
33.27546764607646,1.5760119594088962,85.59460222593347,8.41316216061781,186.27290059988843,1.698461489724627,-21.46649209604498
27.664663936231868,13.759880951562488,165.95837466102873,1.396575589547181,167.80959500348018,8.628961201281264,-34.94367077487214
48.9529902120977,5.615426044064477,266.8496388977523,8.599695424086772,55.19715241692378,4.594822416429377,14.531168522641742
13.736972660338393,8.178842876434361,254.9505538844307,2.543723406514715,287.24220427234553,-17.283476224316463,-2.292141160532789
22.853443235281695,13.976562977548758,284.8380932167625,5.907007618273249,264.943357214045,-41.863458847628465,6.602031621411295
48.76508683187475,4.537666749767299,195.38335512516576,4.926381710279535,155.31194103788843,2.6924329382200387,-27.90848067028361
35.361894185007756,12.442722198506567,71.37873698913506,2.0896959960928263,84.4121372157285,37.24427368294753,11.214209637336708
16.806221183810145,8.843516705875544,200.9484076112465,3.5429015081580726,128.86863882942905,-0.7466002196537884,-19.403118980652472
34.7004487939942,0.8573969639013507,122.50559038085623,7.164116467751689,239.5843808676377,-14.50939981067562,-10.872490789972346
48.401400277999336,4.124056740551819,318.03134819206235,3.3354353633925173,181.24422522499896,-8.890763817549146,-0.8430249469226929
41.375518846296444,11.02861332080793,190.9457307246175,8.295423294515707,194.93491308276836,-12.291340520222047,-54.727579625098734
48.90642099822686,4.80958518007443,157.40752202135712,7.937347104983474,48.59124560379297,24.632189816190355,2.5560218229042544
41.541444412440384,0.269841932466931,182.84953665588182,3.9789858074676254,45.118544675755274,8.165900016645072,7.386737320953586
33.380042546665265,2.5242262738659145,109.85168317431207,2.1670646862882026,280.85020504559026,0.6414798623960891,-1.1719856885166884
44.99583611455027,11.056707319605964,28.85511549461494,5.856022342427828,60.75828254194328,31.637640000001262,37.99466826377998
16.360959164087028,2.7535035687956637,126.13070192265677,7.549819879702444,191.9821094424007,1.1990806854456677,-16.453390143630767
24.106750109593897,11.937216221953358,336.1774366261559,4.057350022196966,272.4958649117669,-19.67517690246394,24.60084004356266
49.55428281422726,6.708331946891174,198.88942858597707,1.8870294532911758,273.772455235591,-12.887878893348425,-19.7794359842483
45.23247545369866,9.691786208679419,32.63028194300376,9.45763998996668,285.45081182203506,-11.812472707512928,32.43748295649732
19.82735512317959,4.102904508321305,103.49046412932407,5.733976749703519,213.84779337137994,1.6002711676269703,-11.498932612443559
41.52244031829974,9.082268033418691,235.84473274873167,3.944189933705399,299.33110005933537,-31.871825089209352,-9.214583168517864
27.735360872673226,2.0156831379878524,143.4606903798045,2.622762018334923,299.17589456638575,-2.591741984263289,-0.8106838728166212
23.707645782241585,12.587151943066948,346.634299226526,3.613065066211564,69.91391082584973,1.0631780084844902,29.651187446924105
12.670132362012279,12.53930806573931,232.9257265788445,0.1876305578035442,83.37575540861758,-15.779801088865632,-12.114582888272311
12.994847014517262,11.059857505588777,30.38478945919495,2.1960602138646177,133.4647941193401,11.699721952154501,13.070303297217952
18.031687897069247,9.287804310504708,48.40876085844603,2.9787862924005024,166.92492867792106,14.610553979692146,6.257798142764911
13.473739907037526,8.87829358378717,137.63573934721995,0.05789024344293958,16.83968716229443,9.943233516015592,-10.78057011217807
48.60362172760596,13.976463511088111,51.683819339463774,4.858535353770542,13.417872155707222,38.068218339743495,42.153976342914184
25.998970055874167,6.003499155219339,332.4487960832673,7.48362298443804,299.14324389841744,-21.441381103486357,20.64496597156097
12.19571604549933,14.63424687489045,313.3110213780975,3.90922317515166,78.61990939927215,-10.747826111035291,17.045249266689996
31.028863106139962,14.090894239469085,3.7164125241423296,5.724429065403671,82.17690144993648,16.560982222539423,37.32590002942396
16.93856602903759,4.070653552970952,32.44741857118485,8.26162356329044,237.2525216101164,-8.853997140992044,-1.9212380389673847
44.29558760611158,10.099450138731765,74.01096041421565,8.67346680805527,71.3618600602467,53.87367678492767,16.69004292524051
26.414663825829685,0.18646210166597177,337.26837460192377,6.17218161068672,101.92114425091793,13.84713870242452,-2.559591035343623
13.726139356195208,6.529092449658023,49.39808233029278,2.0004963662785427,35.69104060584445,10.245028345254553,9.826074061461487
23.95864196897202,13.49892282677375,103.57395471535257,9.153931867246762,70.78586284455662,48.10473902333435,-0.3439905024472596
17.147084612823132,7.048025391082355,322.11348488785427,5.2335889907190385,171.57916443324012,-6.6594933971532875,0.7204708565763802
26.8089306039499,13.778796242779329,11.392587363096611,8.586530588011929,75.03416630934237,25.756325778196583,36.76234218615856
20.04031437766706,4.384762329614991,224.5232480085201,0.45002898713867756,99.87955448627339,-5.318537412150009,-6.475064629889056
27.14267516399979,1.0419215790981196,118.0057673827207,3.401808746165541,184.1749402744505,1.5813955476710289,-9.13198858829315
27.655211991003995,14.970081085697858,300.92163968565404,4.944142596402954,221.57848181774835,-38.28509796368274,9.484044781270248
17.551425448785878,4.496695998758065,65.79076241570331,8.822048095516866,103.33120794393335,23.99640154866909,-0.3598363968104463
18.76770718255529,4.614786796265323,277.73842585261815,0.7776941186623598,178.6356921535624,-8.908455232487226,-0.30532236769879084
18.760971805056403,5.180256824389171,281.1257261088997,7.961305692521528,180.35393846488967,-10.036944776758109,-13.614905097218829
25.548847190320338,3.8329263532871662,205.2981388114987,9.974332303611954,59.58280659628469,15.892701944983441,3.616466943816911
44.96585884494242,11.590663068301923,133.10032478219733,2.2539449765160913,303.1440105586011,19.909949212634686,-20.247593632144095
15.472619062072518,8.391178649047758,14.9264778279858,6.882144098550862,62.264376813393795,14.657648179685495,20.089118792240487
30.62870783623261,11.009133127268159,95.83934890299243,6.528369561738367,352.5310267852263,25.247124671202005,13.376274616026198
10.128516136294635,5.083553220384178,180.3095319478429,3.3721615840361596,318.829098289183,-3.229462126850986,-3.657261204845982
29.268351716374905,14.154097467800627,62.77718806932335,3.908148313024118,100.26976588669491,40.13894767471673,14.11438509837963
22.85148345834907,8.849495642267824,5.761239682752337,7.980831640400094,209.35837835941098,-6.528010273639371,3.9908061481497015
18.8149802318083,8.004457810258781,94.26608742703634,4.2734105177157335,109.700893580484,23.513341927468677,-3.987682250239563
43.85719884858828,9.52636514722167,265.33411259793314,2.936000169972254,164.01985065540654,-25.974418006440306,-10.757166258771008
48.24740198449172,7.838254302210066,99.29065224841474,4.570364285352031,142.6245458572128,32.96189339232341,-15.359657231657946
25.00705930064749,8.133483091642166,162.49401527320504,6.518251967655036,308.2100746520234,-6.0402265059919,-8.410685895798494
45.1388106988781,3.8461082312573556,149.07378364852573,4.673538292301714,244.5971735988712,-6.810473902719017,-16.090595600413195
25.50797782987903,3.5076007698624014,199.24296925113995,8.091351978579834,347.28324682692784,-6.6980554784067845,10.447247859623278
12.685742487830813,9.88682351599648,317.61649675549904,0.8712792038520578,134.196122690525,-9.713388728268427,10.767684914454815
30.70116780595327,9.133931499487167,12.080905272198326,0.5981046817565494,163.01212855529826,5.219852124559066,20.914393506609663
46.98011240237294,2.5040574271453164,303.524386283746,0.11092974074713546,186.12834953444863,-6.4971482711412865,3.938718437988269
23.380860102477577,10.462564616026956,233.93234836200438,8.376279291667002,138.6211485218718,-6.375441386013991,-27.17081573866607
21.602237515536842,3.542818393186582,148.2830815840032,8.82302436444198,11.975830804451789,7.750783527051681,11.788415966979185
45.97701103583126,3.4184042780721056,89.27231520350672,2.6700906392072765,152.93008069075975,14.185165628876746,-7.146343374313493
30.367842091812825,3.1691104203890745,142.68889675957644,6.446121144297093,239.71388575402293,-9.07054884124588,-14.360639470041143
10.890126769966887,6.0682727550346245,252.3034951457757,8.87664019351926,43.28739760277947,0.454788142730715,6.879369598306223
47.32063833941201,2.7455458866315583,66.02760785390952,4.10312614499424,308.74380507420716,-2.147892860212881,11.440762147214013
46.448982231210486,9.635596194998467,279.396548191172,6.143083648096374,277.59504902574616,-47.99188240061547,7.339666362179573
28.084878476883542,9.705640879318121,155.12684671934588,2.1802998708472665,273.57390223902866,4.561353512539073,-20.744746251591053
37.05011117392621,12.125072459852504,16.808699513941214,4.707281943517168,73.88863180690112,22.065822050763384,35.490617507796664
26.588401557311514,4.570198917359557,292.7543328769325,6.96375582479218,249.6958242539334,-25.018180936135455,-1.510526539226019
44.738318576758275,7.555725435458744,173.36803164681874,3.9980493503861414,267.0807557089661,-9.423414805130218,-23.281233906378503
22.59650433028339,14.913853105643442,116.15502435965678,0.2190729859353968,241.468443194391,28.319573487831246,-14.334816536268002
22.107332518995314,2.070755229033408,298.2368967120451,6.944693137363439,21.125773597137815,1.4407661754548258,15.832569541463926
35.91646786226261,8.41551643862435,275.39792606277143,7.648423319887332,196.2234159645042,-28.453667161285924,-17.730214721832972
26.058908904431455,10.849327420009141,10.706236858431861,3.9075415734896612,67.25484834624024,12.951853572899628,28.053941859862974
12.447689998905837,1.045922085890822,274.6821664171617,5.778804341773133,346.37663575574584,-3.8289549032435546,9.082830694368365
45.852541589635564,0.22245051055027887,68.99682804690254,8.09584502728407,209.287555693329,-11.473950857517092,-21.345015466860705
40.66950763373908,7.634552773755647,221.65548673892883,6.72903902792903,203.99412672150424,-22.49057786500654,-34.126964304652894
31.460311392095303,2.396073805973462,43.19929243823006,1.5391845568030738,252.8740533905397,0.4286812558953419,3.275717254693191
48.63102015363254,11.541965850152842,278.1414050574736,2.3338041800000187,32.557327484449814,-32.02183296724614,11.3404782152258
39.50150934291486,13.830824644052512,192.2016462105506,8.22358532476861,110.86595162651346,13.51113041073525,-46.675265206380665
20.4965809499072,6.078377096427113,105.09722155917156,0.302070245612176,258.4667874154759,11.391477055629428,-3.359737769318438
33.6543361948616,10.304448673912955,239.3526593177788,9.724761462530239,31.355293414338284,-9.966585889575413,7.9938988434954705
40.843308638753086,14.364619142580956,108.89528190606558,9.89567098317546,216.54145992724918,22.215366666533427,-36.36552239399587
10.771107409284927,4.23415474878168,279.03147133893583,6.104957906782237,150.67684502803397,-1.7661694030491137,-6.902668576652337
11.071362195576398,5.705720364914954,64.66760086166397,6.169302265344454,295.0293701432568,-0.6503624622082951,7.589183803076177
27.56756817992059,0.029876385017977847,93.04687677803854,6.072581747956718,58.466188498529796,12.34121315278263,7.525561920997396
49.973567805157415,3.480003874161598,328.48660159518334,7.424991486651731,100.05698470121638,17.529691470031874,5.330993498438843
41.453987731146114,12.175845919657888,251.05490366228898,7.828100016084704,249.74561962623915,-54.82933061215498,-19.370271575776858
42.88104168784048,1.1301702781664291,260.88450606137354,1.1164604436073655,169.7313518875782,-2.710954802631063,-3.7776054497727642
44.401295759505935,0.08370575156412541,228.24636709456038,9.538481581277631,97.58855043945105,28.2591696127273,-3.9575721372699473
18.871759974301106,1.7084667098231416,317.89014899933295,5.277039377383765,310.93108022226306,-10.067191031307042,9.267465116452465
40.34493890492093,13.817078663237956,37.06421357885689,6.504913855412161,90.93518940876692,42.53701171422516,31.31629553492611
40.89595186141692,13.815121060913029,236.94111981310002,9.012525070452794,235.45762050122616,-54.86890605261761,-36.516366844554184
13.726144828965534,0.022090472248920134,338.21365923849186,7.747106704591315,41.19755157339151,8.522273458993007,9.785736578186604
12.175968568597956,8.986156021504833,56.18733129215138,6.308107621844396,15.311262612461682,14.387902932171022,17.464682616197944
45.19342006681087,3.0538062786036524,184.74389334378685,5.394212307888676,186.32929884362127,-2.571687768731378,-25.51168683969118
45.93016799276133,14.41409701768341,23.612396445379936,1.5933402927302687,54.080150651404004,21.61586196609717,43.27541807494657
16.62417608518549,14.188037710035491,198.0964033498404,6.512819891431835,277.34191765303666,-20.005013359680973,-23.29575768602067
43.31694313858372,12.636709607382565,117.44963251662048,9.465263935192727,237.78481324193797,9.527126459824867,-32.305872761776456
10.769622164262316,2.2095774691187,182.7512481623708,5.794536245311858,121.99646281083974,7.124609086946251,-7.819837778236778
32.59787594790778,9.623789040019272,168.09360345665002,2.756100825132229,27.094308665554315,8.354635185908718,-17.950554592246775
31.59347593849368,6.344735242842795,213.2410741355439,1.1233327328586828,215.94268678457277,-10.500212179231493,-15.775785871816138
45.77385019805385,12.878693429028095,61.736581384623534,4.7224785690117255,141.08872478958526,43.713488784558095,7.404158929327139
10.622239577016028,0.49640419301209215,48.048796822442775,0.16743080616799966,224.96415796292482,0.3691727461124508,0.31400829169000943
28.25157912278729,9.534039433011035,289.60727828057776,9.942653992982974,151.6605230425492,-10.227333253695035,-13.323749982763239
36.90071341435758,13.235447361830166,101.01997179505571,2.183420309876171,289.1047031741616,29.97421202278379,-4.979177829445089
25.259407648507974,9.764411060200679,231.09300860099071,3.3400788156926495,187.89144162064827,-18.283573503213542,-21.424616460082962
42.85281028599886,7.268294569103821,2.113084712924609,1.786427051644922,264.88249204081535,-4.4670799623157755,20.997781927089612
21.80940383985831,9.928859166478336,236.78988614184783,2.98256592171686,236.74659994010554,-22.776128141904216,-14.9157022756786
24.957399730369335,6.117327801511148,6.684248825938077,0.9002477630069805,333.37208074506844,0.6960091792023845,15.520324849103595
48.272976643690136,6.877940226074143,89.51184602993558,1.8263961040466792,327.41016608367596,18.490103049227937,5.01132996854329
32.795048490568746,6.0760357778055285,293.890462321521,7.042159591525701,89.97321173262709,3.844241956862456,6.37131841224342
25.068901076622364,11.41567596594162,0.27689820132624554,9.182908069656369,105.71183120624644,20.1090903321437,20.18562142315967
25.01730511136206,1.994364206991529,275.3478416867779,6.897057913865051,15.13030981045221,-0.4188114632340998,15.456142327059135
24.19439233014163,10.47601805226113,152.96913811641323,5.012321602843644,28.497308581832286,15.88532428416061,-10.941733215520282
31.311538760409512,6.594231403221134,132.19802439509633,9.416304176925223,244.68108151746242,-9.162881071531972,-21.365387121584483
48.835891855678426,13.10555939377559,297.7448577628069,2.7197726697027793,315.78519496016287,-42.5830834053917,25.402108256382167
30.40083186232577,2.2030529512677077,126.82014193192262,7.168496144559647,162.6369988866741,9.716380023070023,-20.320195972088154
29.936518743267555,7.766561437707992,99.52028347600441,7.123001918201576,148.00099473310453,28.247713471778265,-18.096943944663526
49.9625093333678,14.410953163412188,83.09559012978904,0.3844037190943572,145.16357608472543,46.36065797256837,4.522034889246868
28.54370850453347,11.631942498489774,349.2561610819269,4.077526277579651,210.71058263278346,-10.25432676230223,19.111287372159037
15.173910669336678,8.722152372123144,204.10114149730484,4.846018699391976,328.0935703807697,-10.769384398403854,-6.767995982897063
45.498613019757606,13.576191943978472,48.55984054102076,0.5049771779265888,92.36602535067715,32.53330684339795,27.302353991894115
34.19328794611539,5.804273842035109,59.68280364609181,4.107289654290343,223.15773581245477,5.811483177308678,-0.1748873684738932
10.443185384223357,6.254293218048864,26.161724835182838,4.53704900656847,335.3098383911739,1.2583362713400148,14.20594260398976
33.33627534156484,2.6538107010510332,321.31451639615705,3.7695534236932406,354.6960217684736,-5.232765440922912,15.185569907988224
46.347245541121815,14.219745464714384,236.62954282465236,1.5431993147721657,329.33273453567404,-38.923410322186726,-19.962648200690666
34.12809902165101,14.270238511340619,197.33817524657695,2.1533624321681453,270.5384308027071,-16.89742023870273,-35.87785609428404
39.392154061037076,12.977419716030825,143.9342090498808,5.147678812145538,255.64160271253883,7.518643851972579,-33.345835208432696
28.03759235468955,2.809365880359217,329.891232260734,4.338283390727438,108.39883568667244,6.472539220715513,2.536730870498608
19.882362262847106,7.877878007218232,17.588063987885626,9.47527117035788,290.69258876538817,-13.053511857145267,21.860188185180068
45.80851215362808,12.196477045903281,34.43243263552652,2.0014206769408682,190.03687105009584,20.009143763735434,24.719341137630334
17.583975784792973,11.466537259462166,30.469605145699077,9.910421231840157,144.88233628529065,21.803297440405018,3.3636704957435644
11.173238457566207,13.452072262745185,104.25343116444871,0.49670343491222235,352.3999437463341,19.57880204498418,-4.255737857134923
37.93580605578731,13.949193701024669,52.84587668200786,6.169396990863732,268.9174656555222,13.764423151179077,23.105366267559564
12.693551169807918,11.88614166955944,266.8288448061255,6.613349782439236,307.04654494041245,-27.58316196890099,5.3517458558441415
44.828607822729424,10.966337837552684,203.04827858103891,2.1772715673237286,42.55515848104478,-8.527990668001898,-25.657734402595658
18.16500977176016,12.172910970625852,178.45421162026358,1.5230574385176099,228.80440193192612,-1.5735423769048094,-25.347628729300336
31.742561897658497,1.9859289042471362,212.91722134234843,5.401461901871766,231.99385551960017,-13.572414080489553,-12.70181005852999
43.312930068779536,5.756166536039412,57.51680394427341,7.85904308163593,338.3357942925849,5.8074286033565965,30.890504828030725
15.417292802587585,13.628860676067678,118.62234759025648,9.696209930585395,233.6272264605716,7.3685492517193065,-21.76927078295338
12.224448179778516,2.7397718169017398,121.26010223771853,2.3212750279143624,205.28197359812035,2.132261761434898,-5.558023664883591
29.379170535005983,6.399392235440069,219.10723491957324,8.003996096723146,224.05869200512615,-23.500920999975126,-26.229995258559825
20.440751182645354,13.586161094208189,144.24435708699258,9.153736974127039,204.61861236735746,8.421949452147826,-39.495167937670686
49.070599921728224,11.651818887725364,331.6381152734251,9.789969534907817,12.223882329855837,-10.950786749827806,62.69329523172983
49.509494858177455,5.550323546189617,192.22131943266905,8.793467507087726,30.663022775865354,10.51485254319042,6.797122392214046
36.35527025595168,3.6900734858156223,336.6873630955825,4.485699058747814,147.0568256620649,2.665345653415823,-1.0226502961771118
14.020161609782962,7.892884101414691,205.87354123558094,9.781707486532024,55.05667114831833,7.73293015953403,-2.5344181997641044
40.579251245152165,13.730278879315376,231.10390295751674,7.7124402143344035,305.84667969334924,-48.71767968760173,-11.80668894454305
10.269102546459461,3.7186322132575524,338.1755446690865,4.907525200965068,43.38575196188425,2.877299773992807,10.155447242514075
16.534671878214976,3.38307480860857,26.115337881397043,1.9417116405190427,237.7714149856732,-0.2816209729258934,3.676057780332205
22.62994165731079,6.0705628726929195,4.583782692691147,4.9620063968145836,178.51250909806595,1.3187217459768732,2.3429993594559964
35.69454347180076,1.099118794835624,356.6085638809605,3.496118565060934,81.27206884962122,9.146598499269494,4.390934118919302
13.446439730396666,8.633981059692259,238.76672524632446,9.659981805457807,52.7805913254881,0.5130805177372686,2.261863070609535
23.341037581362123,9.330206075036248,300.8970377607518,5.976202318238727,25.55375555666585,-11.841413339065376,22.212697235860368
17.93103829492223,7.264188698684003,75.58819178837437,0.403147801002659,107.37719463880704,14.18754928822364,3.226610162229327
17.353939655531963,4.408848194604826,358.670333264643,2.7506167327335964,161.4794226227702,1.450996961297923,3.384786811143905
31.998007180969033,0.0012814007398548322,97.53609938634652,4.312519135003737,159.81532506589042,3.8038384149657363,-10.338672923851359
48.350759903951015,6.239742062911544,46.321486225784334,2.254926585794481,355.1202278110982,13.566233486935252,20.58355521034867
46.92019938489217,13.272824809529439,249.05815915240828,4.704360322172853,115.68699559150545,-25.227284724424543,-20.979189360317786
41.09568648250567,9.124512196104128,283.1139353635767,6.298749374904932,351.8845365256856,-28.296199990143748,24.041751630955893
37.5224463812599,12.799981621792401,350.9957662867067,0.8982842030615545,250.2275470346303,-7.878800885485511,34.125874470095916
48.44054450315533,2.4968805384499557,193.75664393240376,3.4711328207296877,96.47443508061086,8.972793537510587,-8.851554559408983
25.341066477473277,14.574008016563194,13.334185315718315,8.13943051348437,201.00398127826236,1.0086727330925864,14.96180651648709
24.16070953276261,0.02183433744830765,124.67402246638574,7.419876164127418,262.4111126749083,-16.283573568627045,-2.2023565518687906
42.310420005153475,4.814414184003792,300.6604129275756,2.605720331612863,258.5927630087436,-19.66507422886457,5.697024757744574
34.76618212234992,10.036153275416652,89.59548962727071,6.664054551495101,331.85718047182115,18.350418335705186,15.832901968733715
11.875640346590416,7.378454002133551,170.20615787036286,0.5057842496824594,4.070849207189613,2.0088044072887112,-10.52852551842821
19.833198157626605,12.433119133244386,4.536526635712499,3.1148237972656787,321.40384191448214,-1.9298382628426554,29.81789050188412
14.689186674230168,4.144371448238794,6.61499528591309,7.611395064640385,217.51451501490908,-7.19491370332269,-3.3236071160102743
41.53848430867292,8.188975470097137,64.15598563340724,8.042719031842623,8.688111343608377,24.98264226162013,33.52474389327102
18.36024450915049,5.739284388012019,276.8203590640031,7.671801741404209,265.8296229191019,-25.828913089314508,0.2392598963881747
11.596223187013685,7.706122775198525,329.5218787750332,5.439881649217227,143.76247023356981,-1.0654187903206038,3.465175464203737
47.940785967916604,9.42513048337048,249.6143390815521,0.2104175582581358,160.1337751172792,-27.396925465256725,-10.8827778314657
31.61939591540324,2.27327645477751,115.81054103882029,6.080804966227301,121.66061038222526,18.33719911154101,-10.616721973911817
48.8330456320332,5.732047999182852,249.13770703553087,7.09293980898806,74.3927752383246,4.654550300289493,-0.4197187594903653
18.148947275392683,3.5509498427673196,259.49986629417924,1.3215115070408234,19.977757749815353,-5.847601692112806,1.1442744311296458
17.594938756496127,14.78180447240428,107.99317877674814,8.500042037715392,181.12951820222958,26.309816623549032,-24.7439299957433
30.28915104270062,0.8013264568992451,276.70388864394556,4.320025480343551,15.32573865363062,0.8597121434448676,10.585907271581629
38.79337011723356,9.076786699711063,173.86845407831723,9.688212427687654,214.76911113074073,-12.811078490294289,-47.761895300230506
11.64105086894272,10.192483184744274,42.294409094860164,6.992915169532123,33.356312175888554,16.489993368448232,20.613059584511564
43.56382719364339,12.334871034259606,226.5125322257081,9.790815434019827,311.63497895038745,-48.47822275776516,-5.912571897199122
13.154430714808555,2.9953823626878986,308.2171893698623,1.452594385352497,140.32714438651527,-2.3353381761447767,1.2036777645914583
14.010399012639674,5.029286466961413,99.24373864588242,3.3850335747657123,16.93645032828806,10.056063851745513,4.107457193831281
16.520374953848865,5.990110476423296,67.12945995427856,1.193048738795398,213.83985576205848,8.909715387689483,2.4539130096118678
26.131115267380636,4.4290292629072425,163.7358618344317,6.8374417478021785,355.60386521529847,1.6533522639052651,5.921594809408484
15.869602268364865,4.7030917062487765,216.22309033419322,4.703837385633629,2.523753429782105,-4.62644248527845,1.6281764744145164
29.096282110206175,4.089552279192036,256.02052852709386,2.962658813614226,261.5074200284526,-16.80197636530363,-3.4717962565455895
48.343199130880635,0.8505773019280133,191.4561295837357,8.917124918022125,278.1272090191482,-28.24373242477454,1.3405122553330493
46.7413549544133,13.431000060962846,28.7741735560111,7.507150252425926,104.13916394520207,42.42981858303878,30.680563173556994
39.835913799234845,12.34311401295512,206.02617771942207,7.29194665282077,207.5684718640726,-25.051958039235572,-50.029928797373856
26.84898193967319,11.890082525378194,289.40633847933213,9.978021711720084,47.617387728397986,-8.993932595483095,24.979207449124807
26.29780715102016,3.72295766994918,253.12428320363077,5.762180192465105,332.2256720140529,-14.466525143004768,9.302555070529541
24.532083342101917,14.643345551223616,49.63244251649458,3.843673026090296,266.35072732317,16.372530823536565,20.663542237763657
22.048274581564627,1.9460981384631566,175.01825222867447,5.555240132452246,161.43276752634014,4.10860812866422,-15.275384472226952
18.643273087397073,5.823924189463622,144.46251703374628,3.3064410036896428,292.5363172490907,0.6455467395425929,-6.768710645920056
25.734829079062948,0.6229493464782776,142.49150697837888,4.339727150591838,3.010925453508242,1.3909430077872154,8.79476286864473
11.760671773334055,10.96401052894836,319.35579382468444,0.8773002510502448,227.983457106475,-12.067529877393977,11.97249657186019
20.639275561994218,0.1202143308346304,196.206718471621,1.2068302937559028,309.4491985282899,-1.980425949524938,1.3361617920981181
33.46566648596577,8.885477869018795,355.8371825469074,0.587022588066316,266.6807750270719,-3.215537256647045,23.059236637064473
35.563781568054104,2.1474359219711037,48.692020538374564,6.083100457660281,122.02790958366282,18.230199380902615,-4.869785843635212
37.54238253832787,11.5108887414736,165.62449360274826,3.710274366171933,168.29672463685995,9.988637931528233,-40.89989021490476
33.89823239048364,3.4689782400579876,40.36100571462596,6.492672624020265,67.20225594120687,21.64077474410375,13.562509800062536
25.696926129359014,0.7430848430783643,257.97881805927017,4.30382997117921,47.897260119724834,5.645292164132339,6.250423009140707
48.680323202451625,5.2322531771545995,293.30192134609854,4.929966847184655,106.29927365609285,-0.23201859626177068,2.1615662489797423
22.86722906166004,12.169803821297846,353.3336796377541,5.905358489738351,49.34239190656027,6.6225006017646315,34.40659313356443
22.76091077501475,11.207499231044595,346.55195011042775,2.8151588658605355,102.71278540240517,0.3009126831213944,22.14611217350645
23.17510671172412,7.7069207009557195,44.76806015281125,0.16289983917934459,201.9815293213667,11.665017917139226,11.565112445480148
38.73465047717809,8.9286444771241,125.22987832524012,3.5039098210180186,76.0900943131869,30.053117791242748,-12.106817027065993
45.452600967576394,12.679023662543683,274.35206203804665,3.981369136300005,146.21199620130727,-31.744977415412702,-7.143831857891198
44.67823301788389,8.956769495554488,246.89834932653667,1.4940805825105286,177.5964419689116,-24.675300135755226,-15.111679148439048
29.801662579874076,4.723459895634429,146.6644398626612,0.12071611245972891,349.0226889564272,6.341592939779509,-9.435138345371097
26.335552067324194,12.162901061028137,302.5283239054256,3.095969225597438,152.30058886836474,-20.42729184864912,8.802863633250054
27.905797961498795,4.444990357262238,310.9293874392279,1.5426336793429718,151.77577409630373,-6.2700667609751015,3.7038097701368247
46.86022293749601,0.24053146664967606,70.82651948329062,7.997769936494917,22.639618007466872,10.217840919093428,23.05951822232902
30.158715058912613,0.4075970952592328,134.8051776272164,1.9904777914952676,1.5724908145260486,0.852534303845996,4.22155844877541
27.648763129234155,10.190861119982118,228.5310180664507,0.9016613232463921,178.9381531717389,-18.09013946501431,-18.162774454700966
13.755576406727247,6.3487011254543715,124.8699604687195,4.400377092665554,22.26181547664912,11.51451404545003,0.7414120462566114
15.157941931260446,3.83490088979402,27.0191928394733,2.45294955303748,117.50301264772315,6.88735463953517,4.014361122317565
27.693505456199535,3.980224287876606,255.47586869549318,9.6862916845243,263.49225214363264,-32.022819459792935,-4.980389005009697
24.614674512682605,1.4561073124419222,292.19417538609076,6.943966071230849,355.50503053102136,-4.239336661409022,16.739868663876717
28.70152997479577,0.8162135615182547,260.1654941267118,1.2310824224851658,336.087298577445,-3.1524966917306516,2.385117667028532
13.198076712629575,9.644786745206178,188.89662347287685,5.755787829422734,143.2294663526252,3.2050662716479614,-23.193465783997173
48.57695303666422,14.050941165575113,305.1404644449185,4.0461573437404965,77.33090873574218,-23.73593227961679,28.243889323755283
23.2039089168141,13.277620612426325,199.34243175848218,1.9480828852286036,116.01689023415672,-5.757358779918237,-29.107443735874458
34.29092869010453,3.9576473042966342,241.3989523160742,4.600060686170165,196.89790326166457,-12.722650385413353,-16.64697356347672
10.276622883753571,10.29997167759099,17.703370138398,1.8573541917330894,87.43945865165671,7.2193498736994055,14.322847731220216
39.84368136348276,7.174030450831909,170.6572083269357,7.310365668587549,195.14191817886618,-2.1230641362250773,-40.287394775561715
19.774426178794705,0.08968757156774643,231.26005348633356,5.636619492293043,59.01926554137492,9.562503833879445,5.712998474203672
34.138799715006556,6.487299742795777,87.0823821285739,1.896537233167056,294.25669708636644,12.530809220550873,2.9266649353358156
37.608129294654184,9.05556585996631,172.46087429353977,7.861339798764314,47.9741117039322,19.46006110580073,-10.2850881529591
32.620896398511974,12.909164697476385,104.0744955336113,0.39918126061881276,312.68778444708556,31.534901883092044,-7.397849699839733
46.8623751799379,4.8324002221308335,274.7111637815209,8.154771506397655,336.51767529101636,-24.930014422670823,24.345336689316138
45.830780853077975,6.902839955992481,222.23214499211193,5.93739320730722,67.25939849751761,2.556044778942777,-8.60747587412166
16.613516044406907,7.100966414635574,85.23255217002185,9.330520459198103,57.40331560805717,27.49037910759727,10.337007574369874
38.83720205274745,13.011992872299375,234.61400308198398,0.4673409563795239,85.78745042505699,-28.538862248224213,-21.105961549683755
17.29443550756308,8.628474745220027,90.49038743932799,9.915753081450834,23.493118527388095,23.623682866985884,16.937083757634344
34.67389350798692,3.419297906884406,287.4154494931354,5.162656924046598,105.60062922379403,4.546258944425144,-0.9704694610339453
18.49671273277025,4.453836511221977,237.54344720703926,6.046499579473558,189.0976456833354,-9.154521274198121,-16.23554517927477
45.578319611581534,0.1363918706434314,242.1604258863457,3.3139942452220827,115.58956377451396,8.743547764863406,-4.55747259791761
13.364148237781425,12.641116895012074,248.41568025316852,1.268377296380635,140.04144803232265,-18.058102733160993,-9.280716389933575
46.59354982554343,6.638483553037879,157.11030337677778,6.897261858683215,224.04086370019922,-6.819663548506335,-34.13028223259773
18.0695803615791,14.390974516548651,44.75415684732499,0.037801766143813476,299.6417795241263,19.38419270189647,19.650744202744757
41.54409685264409,14.770219875036354,76.83987202075471,1.5472546357143702,278.44445431986827,37.40247905750157,10.447914118836781
27.299838660030126,9.38125219844725,280.4697431191595,9.136109585186912,177.39472867387616,-20.783837568308872,-17.509671346330194
28.697576661962906,3.27515894961566,338.1240402695209,4.1416747038590005,261.3515643942619,-12.855776674778559,5.845157525018493
37.99373714926555,0.5065486902305799,143.43327391632846,9.28579787155522,262.84077236154144,-24.802373577408634,-4.353136213267018
11.131086029265251,12.039825108977016,1.241643388872835,5.585116919987367,18.84958122443013,3.111319423745605,26.095280839302816
25.138085722199218,0.518298037542933,221.17056274972182,1.694657178514073,181.23241012255548,-0.8549310584136023,-4.718793021857812
22.169419567368042,9.452617461345785,30.533164307872976,8.240915837704655,230.5127454567703,-3.311796732667748,6.168339554336876
41.64341619850976,4.462667598715935,19.312468525912685,8.978068567518815,97.28950922683585,30.24889311798677,8.952189251479993
37.015900208951166,13.028132293484601,170.3674197296831,7.58610765388786,182.2822384545327,5.158767858407667,-56.10827621091343
27.12110532922837,6.303719930841039,133.65009669142123,9.260037243546572,303.06864897415596,-7.522022827253073,1.6495854139586221
27.18799705219461,2.3985154569663174,303.3970669985081,2.451102637245394,145.7416682595588,-1.4659903687155187,-1.661272930130333
42.194010170804454,9.935396050897824,128.45886370796998,8.469495161910377,291.446141151944,-0.30244944153642095,-9.041353859263223
26.141599977921892,14.32799296030367,94.45397422098468,4.116230437824764,25.550557537233978,37.07612817941725,6.00463267054973
32.94706387752791,4.008986873372786,214.2045391712519,6.456888734266007,75.1916798771574,10.337829421391174,-4.3159608850205045
30.9087449089621,3.263840114430358,211.34685256804383,7.7007465489754745,244.58080838908174,-21.721796600576603,-15.294800428057924
39.94246440360409,12.57964281831124,254.90428701048108,8.421135470066654,215.33649119923746,-48.55779555040719,-28.952517825453064
13.09547223379834,8.981131454619929,254.1836531623527,4.272493275581426,212.1398316803084,-17.833059107919723,-9.910929497402112
34.80883416198017,4.724910983502969,112.88977060552071,8.667754104889605,214.99754021161863,-1.6475632173120793,-23.810927560129926
42.01742788011993,3.113057182310795,296.4765798307995,7.750775506525732,157.14669754188944,0.6545609872880576,-16.842228211759153
18.659129776823214,1.9768210960889117,80.07542424745469,5.904776026104384,321.5477855292124,-3.3639038769849012,9.683593321379611
14.057170787680832,1.5126645367907505,258.69637338294797,5.857238300434407,336.44173143049505,-6.4742179226218415,8.587311614164504
31.346698047394028,9.763747760053333,237.79184067345125,9.102295048857435,118.63594905831236,-0.6885020948942824,-24.183452354219277
21.532665658707877,13.991784379568053,82.07223572233332,0.16283638805775102,251.92916949364775,28.711322449809543,3.9375434616825604
17.298099900798793,6.756450359181022,266.8725032481867,9.877102443516721,315.24396344129485,-25.729070430745473,12.47927123832034
15.498826774841268,2.896628359327513,212.96821646378086,5.310545392572806,329.5512770824647,-7.585797372781762,3.8181406946465666
47.56187304786077,4.5025681897206224,297.6159217970173,9.29143955088965,58.181545456967214,12.161600092977515,21.753510000921843
25.907666896323093,6.916427285953227,181.44565888188765,4.916951735631673,305.0081076087136,-9.65678672666953,-9.40761867243148
40.974049717541625,7.895332478882052,327.23763486347167,1.287678644435818,162.09044120691306,-11.204404113827989,15.64802476049895
35.718400939117736,9.733973162220291,20.811086287632566,6.572644825775589,350.11120457362546,6.28648343133734,42.02654635172579
21.604923924026647,5.81899261349699,17.81132264726668,6.975284597056729,355.48186647343204,2.5824014522095946,26.220901531834116
17.997140496345718,10.850049695605541,207.1924378817988,3.7007788122306797,110.14104402299155,-2.8422067673596336,-20.92715630148682
39.90373610840494,8.624316036640671,193.1328543282147,8.69840420548155,97.56670311770887,19.00490365517275,-27.222319382151824
10.980056748699646,10.19172217598937,185.51300282938243,6.86698529450765,224.47157067777385,-8.662619155722522,-22.509745083128802
32.69476049394737,11.95169643165401,69.40718977223231,6.782707537828134,86.91907517301645,46.37120882467139,11.794217001713783
10.148292141054878,9.313432334893946,330.59835285036746,1.541652917961076,142.18972779389162,-5.2172224790310455,9.918978000927648
14.773207918016698,12.591160447486107,21.36743073623501,8.800569485180741,150.18510125668828,15.555387859633587,7.098068166117718
25.36764335655453,1.9861270495588712,35.624323418215496,3.2265152302629216,324.3126117789456,-1.6496106109245674,9.631159015720954
39.298195972925,10.265757311869496,146.286732721254,2.7778305359590028,179.7344067661724,16.1644198185112,-32.03337861599447
47.07156196914271,14.205329015694247,116.09053193032872,7.516078781980948,129.05061334258534,57.603573632287194,-34.022253285892546
29.74129836322816,1.4981415857968516,347.7825732676181,2.5476570032730903,155.14322145920232,1.8563411344421388,-2.0867316323968237
10.228834750309165,0.7845467388348443,188.5589623503975,3.375784868077897,283.28273841251576,-4.913130351681214,-0.00028995340627346877
26.59699613104958,7.964317298215191,47.805269545475014,6.832933504692452,128.66879333305954,26.162983242930743,2.5147053818357197
26.588927323405297,5.293503357695862,117.03459917265246,1.5390624981466738,321.03868046706623,8.724766166272335,-2.8156033843710913
44.46299412922161,3.900181584288674,277.1424825819222,5.887284175427432,170.03139567273266,-8.583079292606076,-15.99770356648881
21.844244004767617,2.1558044629181343,305.2908320721065,2.0171648414128205,190.5421205338308,-4.492223015296112,-1.5566799207107853
46.48597375583965,14.971673238180646,6.1158831754410725,7.755315023167521,301.13906349673766,-15.524374561000489,58.1743117133243
42.82328947483062,13.008944620404007,262.86831485381924,4.5263529583722235,344.99933368156957,-41.60243570478543,8.146371837828504
26.328370330925544,0.6837280335162077,223.99593999525644,8.098903070137634,96.40121829061096,17.546416833808696,-3.2315335802021794
46.65227866535209,7.690418136453749,148.0364050110782,1.7335847053842357,287.0329008231099,7.443623277700116,-18.555394647203332
23.31138185600102,0.7276701786246903,220.1268680760146,5.346741096924158,10.942846789381914,1.190301568808624,10.231213889921673
34.348533087032756,13.089754687023573,268.81472933961993,2.125911658191294,240.47043329640553,-39.52661482160209,-3.489297029755586
10.484639580214555,11.552369941017593,229.66921645281369,8.23672500307873,171.22694115858965,-11.03884253352523,-22.83263816822022
29.391637405159045,12.669506026725784,295.65687926349483,5.75856401604711,175.31231975983536,-26.8037361829753,-0.6209043365942843
43.62798549912452,5.049530378360222,55.028365253552195,2.6872616342839506,75.50817050433363,20.099839195429116,10.63728420890623
25.569623890338207,4.054527006293844,4.74570563120154,3.1777317758182413,15.205449514492798,2.6688332494317577,16.226908069910273
18.185758398156608,11.302665148311183,135.95069490853803,6.913016028116865,107.69584443888488,27.812865948414867,-19.688368905732048
30.377576939369042,14.755046033951722,206.29328545833008,4.982653605954335,230.09698289038758,-25.777870208456314,-40.87491009782947
18.91088055760776,3.768221662584384,6.781868634951187,3.367823778426496,298.2193296108948,-4.953087956656103,10.474077116338055
40.450734361561175,0.6773608334760156,236.82999278405885,4.321963936171662,60.69088174553022,9.194505639515327,5.011434050926923
34.67965014307936,4.053972752445064,234.2425003192474,8.087421942995,15.94622826959997,-2.8395165935000355,14.377874138996411
19.33073132319656,1.3503491156295933,328.0851259154128,6.004646120589763,274.5742691335703,-13.299648121339947,3.226153380845982
23.28494176882044,4.205500067456532,302.95140678853966,0.17562236403255382,68.83552777750972,-7.332097001612817,5.122138743240661
22.48715613888647,0.6130353242931147,34.69285430660615,7.441017809511608,239.39564232186285,-12.96593161670454,-7.032032380386851
28.846599544794188,7.988855887590315,165.69931276535021,6.096624684728655,344.0403036885178,0.7202460821485275,-4.558370636730524
14.547151522727614,4.631438486281076,184.8547095341046,4.25360722376511,96.22972814466604,6.607063025484307,-8.742299096519824
46.36213650904173,7.840212477926298,57.228086833119185,0.036935471062380376,187.91360491261824,20.251824920579192,12.934955441919323
38.956351318698054,12.58648592304891,115.20000221740324,6.413878166675547,314.56509964701115,19.217215202069642,-2.4189165171028932
37.853254829139395,12.08971358137873,99.5233335954519,5.705515401086556,57.30246192283424,46.46059675242645,3.0055424383227187
35.86811356736811,3.296746481394238,349.5866558025783,4.2936290078705515,265.25832020802056,-13.182352378921646,7.808360816141086
24.423780358604063,8.229542901003049,257.9153438223586,7.567440068718111,59.66868583357914,-3.381904292005384,4.683014285813367
26.79960007627119,7.208483363598832,334.11304463362205,2.097869671781135,305.75035120240193,-11.336157685232171,18.023832175772604
27.73810273184472,10.496907793263476,138.22166938355446,1.8179330113101289,212.52797541699644,14.306390251694912,-22.259843823417867
36.288129677357205,9.633623165796495,245.29757671894603,3.7153046646917396,353.42136422028324,-24.963007312065024,-0.9114663588795171
31.18524251083223,13.40283793936249,275.16824686913276,4.6873903677524895,180.23498336858518,-33.70602987019233,-8.774777668393423
21.79604195920807,2.200221183116062,137.33452987967675,3.618138195701115,122.35886575822167,9.585917366552206,-7.492600785051835
22.496370796656446,9.342863174016701,213.73912856691481,0.2340357701155682,151.34704987724407,-10.872694702863564,-17.078483394855546
16.110501955618428,2.0027633898148163,260.97577789417073,2.200635943842185,170.5525869343948,-2.930080149817471,-4.503481592679021
28.01239896555954,7.538803623524287,208.53774644219092,9.806960236393241,318.2052482787863,-24.226405987358596,1.6455791948214795
19.119959614135723,10.189644861317186,206.35519013092699,0.35911565336804285,292.5185013321591,-9.585999405291897,-17.75530416938115
40.516410463599506,6.426199225674391,296.6119424863441,8.729211002547533,257.20824893694385,-40.97829276194945,2.718484232137917
35.10749537878104,6.720314926165582,241.59557521258228,5.5218922555869785,291.5711308104214,-29.553020828002616,-3.121179739449331
49.37722934682016,8.713874517712082,253.17609945994937,0.706013189786665,284.7822049279601,-28.630016840295568,-7.430496288691372
26.828770785450807,4.709402953893825,72.90901671056024,5.248313179417991,355.9798509975934,9.667128578609297,15.481124067482122
45.14110739973033,8.169690989790883,224.75348269027955,0.39791545592195665,162.87588916436513,-17.09397091995982,-18.75383318962608
18.40523763381508,7.712825022597861,126.98725081940583,0.6480196357075563,177.88050127707524,11.980426945235433,-10.243170532168092
12.3231254690368,8.715463277231894,133.0537985531538,9.875662148633934,274.35801488455166,-5.5137390161571815,-8.241394595924769
35.08750062900977,2.5147239943951765,297.6387223450401,2.1009788293784815,94.88683609796949,-0.3595392566316562,2.641393448534117
30.469057394055685,6.165373720828036,189.04450541904188,8.612445529964162,345.414536342635,-7.821076150492595,5.598270057314556
37.40991368263562,5.9789051949166,54.337564152526234,5.936778217490621,245.2531540331148,-1.4745306763675377,2.7632306253119943
17.216268215929354,14.034812744512777,283.0864566597643,6.026272403289177,227.5325413487915,-33.939414447744475,-1.6692539158692252
23.349585455127876,1.323236474452394,316.2578321294549,5.468228094262502,55.68706850873971,7.85826834231578,8.811285882895874
32.68289734334966,11.836674385520112,188.27810877328474,3.869665551732072,236.03877546109015,-12.684017297085477,-35.81589256229197
40.49671772071464,7.661153350064466,48.17343632558406,8.084214629721112,233.5881618999478,-2.290371522960559,0.8918480281951435
29.538173081589587,13.731125638088953,139.68862934035585,7.604251194731125,347.66065459368076,17.811510006897855,-7.464897156322213
11.465917191826204,1.776325447157992,163.68537404394968,1.3195517077629315,173.1771490019625,1.0025946940285866,-4.609704624209528
15.869382795536428,8.32255417227505,139.54400419578351,6.066953829934118,83.14839691374698,20.548128964920128,-10.088755909728697
20.9960382894543,10.596601535906741,238.59130274274122,8.495373534907317,238.08705918016832,-33.63116748585853,-20.716800380920567
34.29887768689398,6.811821265666213,16.63926130041288,7.138481163694175,15.92593901947383,10.337570831372181,35.41080769920832
29.633191921682247,6.903624964248293,221.1060344350014,8.622522020233005,281.8586139578972,-31.89735250736439,-8.430545923498427
44.60125005998803,14.948155802609143,68.76321138288763,3.54313237149395,160.5927801488123,45.5647311352575,6.250310938814325
42.01464011872959,6.633887801631423,266.30462703527564,7.659421575874723,302.3511631037382,-38.312647904685114,10.74410921210439
36.32800665461956,13.197786795126692,36.054015727681346,3.2926959797936384,227.56522190105102,14.525405929536408,22.99131390426437
37.253822339820175,11.514476238000215,158.39218499811656,9.050682934577356,128.6915037461535,31.1542172498707,-45.09542335609004
35.748298196081564,7.87196410578949,222.43223173366096,6.755018597630716,266.0942509781698,-32.53268069670135,-16.92744823709965
30.663131557061803,10.663625168297589,100.85640799125063,0.44712478750792317,132.35201592347033,27.0110432394047,-5.774888690601788
30.36403314393607,3.1385486689959405,349.86909022544296,3.1136331754841953,111.08475893434145,5.854668625135387,4.900198536275874
29.335890993766135,0.7710939256177135,331.1086411219973,1.0240272993253718,54.85837859686641,1.136763131604209,3.0925485073485914
19.072869115405346,9.722648798668251,116.17346991821702,0.4921956508198455,144.21468491011478,17.773920147779368,-9.244033394632398
49.61920691846895,1.7074625556505474,226.0026761145794,3.935439573163948,336.38177841544126,-8.921499770575654,7.6961702404456105
31.352600634616756,1.1197167348475656,13.490815533701737,6.388701158606303,316.2029194397937,-10.518573206556477,14.41132979192254
28.01336992320721,6.696130283667911,19.237253327188792,8.82480145559636,83.56347523608385,26.229158120641664,17.47312500076355
48.940909297035084,12.064448383969559,225.92270207497072,3.5716049690806626,184.4561235986062,-28.253905719450394,-37.75721333688587
20.536183539633065,14.644900613244106,206.82179191465593,2.934444548542776,329.39259614096375,-16.578239246713277,-21.57415916928662
49.58703047987894,12.291041624413934,152.3730371983835,8.562247784977625,343.3603834162558,10.326225113032518,-8.540192568456611
42.576141065850535,0.995904814303637,78.45450622996256,1.3471255908277613,114.94728097852841,6.473374961679394,-1.086768155402582
18.745191621298343,7.479136829007259,238.2858615740578,8.68604042522797,127.82420463580769,0.974922427385053,-18.099046441215272
47.796131520932754,5.490772253238337,254.3106514969374,1.6016696096524563,327.60433504870747,-19.18006870760775,-0.41337256375943543
36.774398430377886,9.938195769397419,84.06771300439395,5.090439572446257,346.2234893548615,23.74710358117031,16.349729794678037
40.9609278270719,3.1256596048180425,13.588511118396017,5.649348708232221,31.942165190828003,10.759319631222306,22.63309308976529
32.368423452463375,13.826499883668955,238.27996633610067,6.4253296079991316,358.5347167834072,-30.635004164052855,-2.174076535353908
19.07074607212518,2.6257551424301306,32.56928455330054,8.545364364435168,265.0996829139097,-14.001080496151953,2.9239249731441475
12.758902773258152,5.2043921455922115,265.99181481856266,5.375441629248776,209.90806129447935,-12.696010576427753,-8.101794969522212
41.88387882383501,0.35948987454930914,167.9629564861769,2.0730395093479084,104.98930458795498,6.070704868307613,-2.594159132460435
25.37202621893854,7.064140555525457,91.65892317860894,1.7668597941961461,44.03941872966057,18.853070927948643,2.423605408195116
39.72041864162371,8.584528456263605,196.11696557728018,6.50301740186893,331.76812101721885,-15.53533160689968,-7.16461831093719
29.48224671713554,11.11085514708138,332.40549247318216,6.097593539573593,152.8901224055225,-5.805557170916062,10.834625015545978
27.678138018529825,5.050051623559884,341.38965143384263,8.975598451911273,27.69212502914144,6.080049092369311,30.248002645194454
36.57617482365469,6.067342374236589,198.6521031398319,6.4553043122685825,339.4050933659414,-11.499595668262813,0.8030487657451477
45.64961343956995,1.4832280830956885,283.5848301258307,2.998518931700075,98.44466865325477,4.650107811260543,-0.2805345338898293
29.18050866919874,10.485757167193203,21.08650456282513,5.907987077172513,294.227435309313,-3.9393631476742232,29.77638086766909
18.135826496480355,7.302801066360768,161.90945583290272,0.25830453157007716,358.6405736673335,4.3486292432421925,-12.851613580503617
33.65965330909636,10.78448338725737,45.13497555975042,4.050680941985213,239.1976501739911,10.909168312234916,14.495647961797722
49.876828265596636,14.566401489222315,277.4341927195013,0.28671799688844035,54.56255371057133,-45.31425383771731,6.540113870252501
48.46972788952031,9.516223484413423,348.92799121004697,7.4910128883697205,207.04966948452025,-16.45364882620979,8.385342228883854
35.83238589320854,5.767062385426481,294.90121861829795,1.1657505898051146,320.6490116409863,-16.13613638066394,8.999600724471984
26.6246448091005,6.786298318916525,44.32114255370159,7.4625488651956555,356.3811647115322,9.949312415819167,28.663367550508113
26.554517577739766,14.288197503755933,0.5384377407874252,9.973818906653491,268.7779759011885,-22.888887678861916,32.748673553189136
46.61082423940608,4.168272633913466,292.0707820508388,9.21719365060863,48.39381997016201,9.337699031278891,23.69481898817363
43.961185168709434,1.9200890660628116,244.81777408436994,9.788483397676067,96.71935365303366,23.90102159369898,-5.87465646298724
33.53532390124138,0.594267443459911,323.8719749144044,2.0875677261649086,157.57852427588205,1.1658128894076136,-3.7907825717455226
26.935068831958393,3.3106081066023503,151.55136865198588,3.580834241002572,266.5329820350732,-4.6801734764687595,-7.3285893113095035
13.751493833766272,12.963664395996126,221.1365463285152,3.273978318998212,228.83929334278756,-18.406669534916645,-19.95591189732441
21.043127123788736,6.0540809244250084,98.76521308538052,0.26901778703789403,59.11365029263459,12.871343983435525,-1.6248229413787931
19.81252931859018,12.87520244909024,22.560160494235415,3.040454525609775,142.36304169049586,13.659100386758698,19.057286129557788
24.4198600751999,13.225231391247721,50.440498535926125,8.09003922171102,292.8802032688018,6.119611463895577,25.81205990690252
14.401746854062516,5.755951506607184,176.26185290946694,1.2824068501301145,78.54670214604117,2.7966960445738085,-9.40558847958688
32.70446615950957,11.73442189586588,128.41350782381798,9.045959013912517,137.3011875279698,39.581850019357304,-35.99309122268667
34.493622074635525,5.022826346309671,209.7532209221728,1.5795072644471209,65.77477227857958,-2.7903869540477353,-9.845176355210382
37.412364017567526,5.634436441675705,317.0875130189579,8.118928081742045,107.50700249394879,10.788821462147945,4.651587075610797
11.799247868754211,3.2449783676073736,308.993399357413,7.928128087464435,293.167195596742,-15.216509248950702,8.004463717752264
22.935054899001162,14.592041057970443,267.46239638752775,3.345225553458561,22.876517044742766,-28.710433243094663,5.267630279669316
38.88025551401667,3.12429403868431,337.24481404905265,9.685438593557937,280.6155188670562,-30.204339504254325,13.134963673397554
47.01438387732089,3.8372697914024623,197.75753903209318,4.8111114010722815,65.00445807010105,9.876676991680725,-5.020171521798084
46.42419860838165,3.4304072602834075,0.28570434636190356,4.6882198568454605,86.8321206004377,14.453753140592237,11.350463909818433
19.337005932958327,3.7903641080653037,130.03099396346207,3.7797054448138967,266.0173613613273,-1.7240482647871413,-5.361879009826897
13.347681872186467,10.299566106744303,105.26785678337119,8.294586181489604,53.57408440660924,27.40028881471123,3.6505705338696073
13.711799715297431,3.910715471582369,281.40036353327093,4.57988437458747,186.1411038634212,-7.228751005663358,-6.321033023310501
33.58581716534481,4.752227538860171,22.8699574488752,8.748485720768844,2.9078023450431445,5.9941666901075035,34.320662940952325
10.558560366381071,4.833459923276479,87.78967856386608,4.955471131997666,156.76082188616184,9.955017212998465,-6.407162100286948
13.7903432589271,2.914787611190324,251.41142390818248,8.043911633936759,180.73744400274296,-4.805994739514332,-15.044450488119457
12.39098164436378,10.846299904962283,192.92887905949632,9.650292042136845,30.878677310996817,4.014785585606051,-3.6379943379536854
18.245217079608768,1.264615989242398,33.155716194173266,0.649229157728749,82.38238540238362,2.5750247455987223,2.207893728733677
29.255243401187858,6.188291963655155,227.27064041345187,9.452885672464053,5.321571044017999,-8.960461926430114,12.731618251383304
41.93727241411905,1.1642436178914433,164.19873680945045,0.4533731650664996,241.69967849507998,-0.24023282519497957,-3.9041252928192964
35.2344723118858,4.801252531622874,108.4292278170184,3.3066848487396605,163.49094675497585,14.726718437854675,-12.565234126230376
12.115161540074988,9.634722271701238,234.61121545454057,0.022995929627708245,310.94094450781455,-12.371712009540039,-8.745398376006074
42.87872570102991,9.848185501760533,87.98080334677678,8.086355754843803,25.95671932416841,39.564267171278125,22.522768802835145
47.682628114008295,2.6880878254840606,267.49655269550783,0.12237380476626591,11.966533504469536,-8.294048960107173,0.007171644627750329
17.38744741536309,0.8134475184626294,345.21754816765264,4.31737213390162,120.68662756421003,6.599626499179063,-2.667541122452992
35.881276932770746,14.13571361472501,327.58330114435296,0.1886688675940118,117.51873470533248,-20.042827543737694,32.03898434853786
43.237696033151565,2.522995131646092,266.72415937786934,0.9583763248679111,283.7740824760863,-10.242160586763935,0.24943290879958552
11.092339874421304,6.132864931270436,13.200545587501242,3.1503709461828966,92.19403978521419,6.840160987549747,8.797580573319301
39.54141366148693,8.495847002603206,6.87359269232636,9.831039299064596,144.6463217794102,19.037960022916323,1.1829221238485772
45.713458135679,3.087099959940225,266.46788348965674,1.406495208198204,48.84604056952148,-6.173503907471454,2.2450591584766983
15.465203010402725,0.560373816435093,356.8369683252707,2.3210718385175575,351.83341541408174,-0.6403576304520275,5.073139897775261
15.219668204840783,9.972588476847942,16.98895464895491,3.777807216334205,235.8054158829992,-0.3714787356427012,13.060211778602183
13.824231612944686,9.948823273833117,221.02172011660787,0.4635707922530452,27.189233906521217,-10.606777696362773,-11.908875613334388
40.32658702365593,3.8403897211907525,110.42902406504246,2.23627161799938,36.370349744554694,14.121449018799561,1.3194603440425494
19.11299694828461,2.6146397400964645,65.35276700651893,3.7883243676540888,350.22870214304135,3.4218877799820513,9.522035006952303
41.864282850824964,2.374857952064682,263.85746669153684,2.5416297715555913,299.66537885047956,-13.350337848973322,2.9326455247030863
26.46881749608365,4.249623492351534,45.44655083096177,3.042792766218667,180.21502840445945,7.008111049100557,-0.14250304355605792
21.93604134694191,12.062358665982154,219.38828616871413,4.281967937428599,1.791549789715936,-15.904152597401866,-10.664021533995125
20.548355157270976,7.67998241968994,154.5835568725884,2.67622688217965,268.3523191483554,1.2712176794254226,-14.355234428575494
39.187300148677764,8.750148782591026,128.37932712663857,4.37265409159319,163.3741440564145,22.92455504088222,-27.198285688224686
36.80083825396103,9.37653566579268,312.1090583170959,2.425029670948379,238.2735646234857,-24.703541325684917,13.72880649422366
32.0058586111594,9.376298229454815,63.8448991168958,4.7189771257622155,83.53920316872073,33.476438310618214,11.914129564495543
26.190634320628398,11.615955467386001,120.45900380468987,1.7756364492534704,138.1134008874083,25.8766898420134,-16.661184893899456
48.392641366804895,5.563894675754843,119.70562459960128,8.47062655287502,96.30398642758354,41.6250935250194,-11.581737998466297
40.561224191554025,5.8513008758918765,56.77417973506075,7.875342089406271,314.0414794553006,-2.2038107370124926,24.963331559252232
30.43588044064601,9.293827852173415,149.96004603755534,3.001463048549472,95.97637333112735,19.025435876474702,-20.81965412328524
41.31025105494832,5.542108701822403,89.71689392294824,8.489960177362331,251.2689096742364,-7.250145897295997,-7.832629257603765
16.370158281488294,13.172354114226785,279.8836907541347,9.489722272067883,332.56942060057986,-31.693433604303678,19.517893915153238
25.752267370910115,10.795187687625818,240.09240719673844,3.380638674525791,202.02948576958235,-24.346840291320547,-19.513749533503887
37.94968446773284,10.495645805366339,146.77996729181297,7.6188932086371155,317.05060180808647,1.554740279081603,-8.911147302736483
33.06346939547189,13.323396780239479,269.2575598503872,1.540959722521611,72.91727062966451,-30.764333948524573,0.7270162734888539
46.431327076874396,11.32467325663785,139.77261675735926,9.237789481311307,54.264436566916714,45.572911648694,-10.002248509390679
14.13031021915518,7.122316034338946,56.39552228706559,4.5766657489099565,232.15006836670017,3.9346446799315595,1.9241713894430914
47.36046982358328,14.263531811145958,268.1807987772428,5.470522860528546,80.85799721355262,-27.516436835760853,1.2937741861299925
20.85813796892836,14.102792441027084,103.1829108886178,5.4852876311930725,180.07606409244121,28.300526135334152,-17.943865280286342
27.166636063561143,10.03133828689357,9.408313249537033,7.8479225263944326,141.58669727342175,15.334758085366033,8.818638827554814
31.535996242497855,4.440526503939937,169.3400097823558,6.389154809442477,221.7280016767283,-8.70016116826022,-23.15577285545129
40.08203026336993,11.383754895595347,283.43800035579716,0.7716396015346461,34.62534254502104,-30.397455957714893,9.377611081449768
44.417765207470474,10.107162253522187,180.0335036962395,1.0150610948839345,322.8973963959526,-1.8604409208096586,-27.978815698395778
30.610762135916552,2.951013039198316,166.28566974266184,0.2922693077357952,8.323713980294777,1.8534736159125,-6.4394389849668014
42.25612229353763,7.109757043138003,136.63425133537547,4.7153035321185985,59.7766214535057,26.287741584929982,-8.204044326018892
43.20390605129799,0.06100393194535925,34.35077263856742,5.363054693754359,152.5004235895467,7.451589207795729,-13.96890346834176
29.278942334331823,8.308356654327655,256.1682612216147,5.55931947352271,50.37766649704497,-9.248186252200622,3.808997082192235
39.27661963555172,8.607612536252264,42.41686677525463,9.792121732420183,352.45646493711314,12.791869261976682,45.45139926666104
25.929275686667662,2.9468896901778785,276.556945049957,7.829972265158659,159.1277639781669,-0.3170816532428118,-16.047550249277855
17.35774139264665,9.63666416085934,301.79830440799844,7.486652551453755,356.938215041795,-16.159523332980996,23.615816656151146
35.313386072053845,5.8290062296146115,252.91125824118842,3.444726746577964,145.96541549147167,-9.776630491238244,-12.255469319886494
46.686443631632535,2.8688237739184395,39.19851456287067,1.3869462719597814,335.06918259433326,3.79008000772229,10.739191395343166
44.42298317150049,8.829467590593826,323.7401827291181,0.1134815972470904,142.34817933617074,-15.507138642425938,21.155498200356213
32.90629752345815,7.584406641849936,239.379759943281,9.934758519215105,39.54142619183615,-0.5232789894272472,9.837925791648125
35.68124515223844,10.53773815680778,137.97637416942342,2.9213163679210066,165.65925055619496,20.97801342893541,-28.747120134591217
34.81687528192938,6.77246745559288,242.0045749038974,4.116939133549335,320.04244445453145,-22.976429104226774,-0.06203857300788229
18.967855637803915,4.929548489377681,216.0296446080321,0.32861479408139327,344.1357217748954,-5.878613930229591,-7.21794709577043
14.297446957173424,5.2485652400479355,278.40865169196513,0.27539894831095424,144.48675810832856,-8.59141803420475,0.9276454344531999
38.73661227431849,8.515297204438443,97.95911657286715,5.8510118003105624,274.11069923316103,7.299031511057041,-2.134819042141904
13.252152858581368,3.3963211512145177,97.98313371794382,2.7189684819761037,171.44569494091772,6.193223447061582,-5.194775346734004
36.63534206726016,12.498461397219208,236.44492632179515,2.051184993758608,246.83441056689253,-33.61918075784772,-21.085459057650084
31.339164017011495,1.505863027436306,16.412570604598894,5.633517544380969,286.97127706474004,-12.544178731703049,7.807743905866296
20.612087872210413,10.925555981182642,343.80482752335934,8.649752246898439,177.70456981791818,-5.536499088224015,3.7907265386137325
18.660404991417295,1.10870148919249,90.37634586643796,5.44403881513632,37.34261620167204,8.603405919150875,8.427724424981351
10.41687696436631,4.2438866099352275,235.60301017564385,5.903148700514195,236.76999203781537,-12.299131735572384,-8.208110346073454
40.86636245993235,0.7134096900098885,112.15818908971984,8.98958488722897,58.157854986991985,23.950050343761276,12.912977314787275
46.474059533671294,2.2578319754045637,202.2556476226876,8.817002133818649,307.1576859810781,-24.261977154392447,9.96059570532157
47.03318450423179,6.0629751066839646,195.94484746255463,0.3298038056485142,347.33389575814704,-5.381511862843573,-17.055772834661052
45.04684079314602,9.033326026747616,88.72120935553389,1.4437946023042414,343.71831763109236,26.141886617390885,4.810871093954347
40.788332581690604,3.8672543878045818,322.3147319806999,9.345349693978326,108.85082929779739,18.686160680239958,0.11805222346649735
20.445325341270912,2.339045069710889,21.5689387577083,3.1925148664028766,26.887368210912925,4.703221559806397,10.254405669924871
12.455336360740343,7.170830432192339,354.37315375855513,0.9616836522268846,301.44003583577353,-2.4278747365653786,12.171163263792169
47.12570625295588,1.4953400424207248,331.48105200883947,3.8215757950217033,28.74149319986383,3.483014907940534,14.45865943462037
41.48817762152923,1.4832306118919725,252.68043427283672,0.8641040169235825,178.38446290613862,-4.047275873522206,-3.7962913886952654
18.131127022774535,2.028473852130497,253.95311352010054,5.829667723316339,111.39734635830085,6.687649164424428,-5.16718386483762
43.903835063252856,0.2433576058252268,48.729153791396584,9.062122215623441,240.84248596635027,-23.12924757818183,-12.72904772564602
10.172324228755226,14.559741645997658,187.47162997746722,8.030042622626167,31.775363863692746,3.362996016259225,-10.958571725427692
13.68062559343311,1.9878001705239794,192.1023723883596,8.510843935012884,107.66662265480282,12.847310099155656,-7.559508648301728
15.46869752068488,7.268683157923067,250.99213709704466,7.726070577609251,218.72591403667352,-20.78770049314946,-14.908066978032664
48.79011256579751,7.146552896030227,183.62750897303866,4.908594964486688,106.04305080821415,13.452176188483403,-26.772643445840508
27.148131486035076,9.077944577308102,85.98316281645582,7.8861802044498654,28.688792388910937,30.210891090023555,17.771590328760652
46.71882737790112,7.489755448140069,221.27983234394557,1.1119875056759498,354.9144334824554,-15.554041583301133,-13.952522276855184
14.884569282072007,8.663930185000133,103.05649772997896,2.4950359494548655,54.63063271961616,18.24658850451846,-0.8937232315689232
23.934043730485108,13.154678312825238,27.408656296097767,2.374685934364882,331.2292537151691,10.851739541065681,30.39433898014567
18.71179948195703,0.7709875044559655,214.8523092183873,4.333424714640658,238.28025837836114,-8.060176081446524,-5.685763747612649
25.541442354449423,6.097799302771781,91.17752412776315,3.443939859951671,60.199450846035155,20.73143841324758,3.619755175109283
22.926999084800585,11.36489886671171,178.8653202820846,3.118878818558245,27.018642430946024,3.5497749079832612,-18.558950445696567
15.557227323352269,5.449262144006308,175.16116812407233,8.087260727957231,336.32540356167567,-4.964713810335232,3.5205441496574057
28.66178738586589,8.14205228506148,253.72319594688284,2.75917235915336,189.2562574845889,-19.96581805030731,-12.099316199164512
46.39287482466937,6.3887824181944195,217.62325004963245,5.066835699246308,353.5109289129803,-13.755670093958475,-0.07937462147197039
33.915371662648234,14.71742481645431,11.025183595179904,1.0596689277028337,356.5471913391389,7.2331819037540335,40.767068972927156
38.03024760796694,5.110996823685529,162.51037273729227,9.390800942734481,330.1252325227898,-8.747712979718848,9.100238626597363
18.328288604503964,5.460925002950832,181.7516790825704,8.865126978281479,306.625601623865,-14.075730563687127,-0.32781359651600717
17.369256451205857,9.572272977725897,31.111927956689186,1.5606230787721476,145.5146405695144,10.970311787446512,13.001316865701696
40.41686584157054,5.424379416379363,132.10499800235417,2.589905514030276,314.6273097610338,6.2612765079382,-5.217502383835555
29.05643761830191,9.95005254181103,29.88111813263371,8.59021425239257,235.40742137695315,-5.146257789450484,9.12787876326053
20.97817543483722,12.582483353743212,1.833710933166075,8.184117777502019,183.32784796790415,-0.14984620753705413,9.11132476416956
48.22883425981354,6.314689687767539,64.81174330296906,0.40525256003836385,252.15612846838286,16.708537871038008,8.037771280614322
27.803188496240775,12.120400417887502,315.7015639681616,0.034303886325257604,229.74172437911906,-20.21563522719672,20.600211260368777
42.50923258419336,6.137671121376981,215.821821549818,6.723158156271527,355.7791658484826,-12.031704171754736,5.087779133580943
42.16827862253674,1.504359113335028,48.807217427101044,1.4071859425088518,169.8164581265433,4.048653531629672,-1.155980399963108
16.7400211668533,7.522532983137112,40.07544311744916,3.5117435358600035,285.3876980949665,2.6918658123957613,12.355453842448137
16.453510564567743,3.4405270750997845,198.79710892818835,1.8098129462442714,200.18390220260878,-3.174097245708365,-9.076425544996512
21.356340054622578,8.040750579280926,169.57528440376498,8.663281958963324,189.36318180961695,0.09488816244662468,-34.337224303232446
24.316634535766756,9.089935338987626,214.3783699495918,0.31949780891007307,98.25103307677058,-10.724152694142095,-16.806030417547078
11.56054905840453,11.26963975514227,96.47157075147035,6.053395480106306,41.69592948363935,23.372770303332384,4.989115224129865
24.92102858123387,11.726329598774742,253.63117874835456,9.360125008692942,124.9305385360493,-8.063103527205197,-19.529434979327092
11.188050158632596,12.794909135888448,278.74919767074795,1.9423991679165076,348.1855526619905,-19.699672645063174,5.81077329653106
47.747163308559735,13.914683812739577,59.303514628199075,6.431285033420667,213.1375232879126,26.361931981648013,5.360164756199108
46.941430516732346,0.11483685577798552,334.61313156191284,2.8926830081388486,230.24037578757992,-7.031474212851028,-5.402348361852525
47.44032939222598,5.3907631289030435,176.1750265981915,9.805442321370158,215.56618476883702,-16.618536907749604,-41.533269955215346
28.574450470265997,3.6039613219958517,45.94527195087318,5.40449403354478,306.5354313418541,-4.229561778915607,13.814128028151565
10.94918545930235,4.501529049388319,223.94148307719405,9.100335155928278,256.4262144234777,-17.883834997724332,-8.033840771410995
23.17713476496482,4.519234308287646,220.77519446499556,8.715870213438144,45.4491594671577,7.085776133421779,5.852249325437905
40.48449859337168,11.414256793229669,34.41849481121126,6.55786493887283,103.64803559356294,36.84362415435372,22.605933325293137
32.22680700123024,11.998011706858751,103.62133490886538,8.837859528422955,46.401420818395636,46.2942231484691,8.379285148335466
11.456506006504945,1.2750367419674329,183.5781812868154,5.554655337805925,219.68753695769723,-5.542783521379906,-8.4775508794215
10.902912731625403,3.330195369870446,123.96703495964313,9.8133879834955,201.32834308811383,-1.203641871347231,-16.40287896707795
38.414739658852724,0.37406228561199184,358.3392384785713,4.646591511242923,210.66581575810315,-6.66256752715054,-10.138759027499413
14.616347750316375,2.188634510786854,79.89070547079042,6.606533126575133,261.13872413161647,-7.548866470725221,-1.0936121936771632
38.74898327727102,3.758715159948512,330.3764307900475,2.395507903547532,259.3787725634805,-11.839679471415907,7.942660196533747
33.85045247546105,0.2061118169430437,293.1556320152888,5.5254959555836685,344.81579038510483,-4.299803116388822,14.221727686298454
46.59866288095318,11.763717610994147,213.24833457156583,3.060610569855029,276.53610354295455,-29.251737261590065,-29.249383176278528
31.78925030218377,4.173860347260438,207.32852311525784,7.36570775513818,300.281607142662,-21.07114827392948,0.015657969331916988
34.10971342466736,6.448881354157484,229.54779816852522,6.894704498204388,129.342998279562,1.1203819790631862,-22.5602811501681
16.12904772753176,9.116053372733589,195.55987652014412,0.14772678742275946,24.003932640251364,-4.325312453905883,-15.680162712580916
11.938837584408311,4.973391900253886,165.49118911186892,2.3352822253366634,272.2125683606612,-1.6967423430891047,-7.371045975136683
24.85018594385748,13.405198422435442,29.87796681870778,3.1834739553855074,159.89737025778604,17.493616245368898,19.433693212089878
13.729336835874161,3.3400606086389746,238.99757326878574,0.6911211683482621,211.58852013655445,-5.395436680468804,-3.863205155639482
32.07348229246921,2.1002012145945064,79.18271711920633,0.20495686769696042,100.92703841628476,5.789666627692519,0.9085737684894307
29.156425214673863,5.977024020548746,220.96102012591393,6.401477352743567,305.59662687180247,-22.24374858315453,-1.9198486578717873
21.83043875376977,4.519409700464305,278.59392062910604,4.988971416628455,327.38326061461873,-15.100512722559968,10.289897149954367
22.92434567293744,13.146591090961405,3.2941054652731916,2.819841926940688,66.30685215100482,7.215403472256981,30.82387738785483
39.75786541129309,13.514311937674758,62.67920461694202,3.014815338871164,1.7162725034747162,34.440788290384596,26.238666518077444
11.276389442058402,1.2002476812566654,255.3976950449262,3.078142114774207,259.2526629504401,-6.346379900759464,-1.32912754768928
23.680320455610904,14.13445258957582,143.3952997336308,1.0801236575564854,192.44778693983827,18.007177070661683,-27.248710162103592
22.613011437218155,4.226829355118184,344.4076741530393,9.281665461420586,138.3021779558225,10.81738049917794,-6.138673509755531
43.36385413974152,8.446493872515045,136.37650702432296,1.6215153245292913,59.23520038136943,21.46959288866368,-15.71378399183402
28.087135869692,3.58742751144797,274.6400022256536,2.21623239347033,51.9836075858007,-4.378256736194191,3.960703406067445
41.79312865076575,10.134847864484463,104.80199671671596,1.8128313817767405,80.00681568232511,33.81315496274334,-6.639723212883981
13.302675581621678,9.600539081300088,331.7841316145275,1.3929949347198556,139.2749536148424,-5.978427862027914,12.193248224138683
11.843605422834793,0.3038370510542848,298.13015826296595,6.051008659234892,141.23159547280935,5.471331054082499,-7.108490505604218
46.19284179262707,10.352378370304027,216.0339226769843,4.42621858104554,35.71515660534989,-10.759504827674512,-14.662302311167988
21.81963144280865,2.354614689972859,49.980440575773315,1.3102196176680025,108.73277329895369,6.420279622938993,2.3060208893764247
26.29083617449126,8.123611576215682,276.87550800785453,9.051725351752598,129.3057364703635,-2.4568028635986927,-11.023430421289994
19.629517075520837,2.641394052637419,146.20327426256168,6.041236088418667,170.94206175981188,4.841896522611687,-16.325840438092435
49.620710263911725,0.07431388604064448,79.66468419904182,1.2620190396462905,127.78245114198872,3.4049686473535177,-2.416834508377702
11.32067888116135,3.231732523565366,302.04054834713133,5.863694336778778,180.0402010698375,-4.168042768743559,-6.303485020849102
22.082814136635903,11.703525327625242,295.67650086421554,0.07589930183787286,54.44055241517702,-22.24960231540077,10.853414050647311
26.719473926788467,10.071366457459181,17.549618767555373,5.7645422398566835,231.47530382623307,-3.4379200899596754,14.032152181429153
18.465857021114765,9.28492764670695,176.18724955253535,4.872135675307558,217.33301298503503,-4.534986707734002,-25.492087512064522
10.082466619650967,9.691914732196802,66.170565002739,5.817672435047556,122.97298129575915,19.708331694562045,1.0745023890669794
13.97800069355454,2.193373425029873,303.0070853425885,3.765729272033429,258.45898481998967,-9.333546332003158,0.7451647054360784
21.23091867566522,7.383441149889341,185.08419086326882,3.6846621598226834,349.1378839007971,-2.8059040533456114,-7.772167605734367
22.364174128311085,10.906411534119067,208.57216178700568,6.216490776233037,323.46653797734933,-19.039925512233783,-9.786400109312837
19.076179862162608,4.284820049321854,280.66898080621905,7.2695631387681825,351.86976908289097,-10.331444840179346,15.756519395255506
15.468657238155554,3.514992231448417,346.45433857012887,6.508895652556763,168.74031042732557,0.7949067643899697,-5.267881595013036
46.64196097309588,8.017119366867044,27.16875569932888,3.3149765712651957,104.26510988766825,21.195599452061966,19.475625219570546
39.356675531846236,12.568001774519255,159.8176405178418,7.823713327950986,42.57710323764343,27.276683009328305,-17.09545177391646
21.828333421045812,11.354054885291728,70.49221518609296,6.1427879854514895,328.47766069760644,15.801932274643796,19.044746276342426
46.799868071162535,10.05120014228222,350.6525780232487,4.279081968158219,151.4592621932881,1.272479142052414,19.023435466939503
27.120443981880346,0.8761997160987006,63.646252134293576,4.709314007170693,322.6790725699043,-4.867474323637827,9.720852144744251
26.7236191233684,1.8753242149765825,282.1512640057468,1.601209756268137,31.154594836325018,-2.3456396366111028,4.1198101507849385
38.01172812223523,4.817282648025835,197.07839205697073,4.067794580920104,26.704477421755215,1.1504993009941984,-2.7029399713646054
38.854448981567494,0.8981115545197943,47.53635383044429,0.6924747433641876,40.99578753624088,3.1432534306451494,3.1775278460995247
29.13841713251578,8.206417040499224,333.84992777591685,0.24040411311253895,226.5118293264957,-9.24033971498287,17.55113845290098
29.11293465870949,6.413670056070883,120.70786869963108,1.3548328095055084,71.4321014748806,16.563318899489925,-6.928219535081473
29.451775587530193,8.087266127288608,210.87853741580582,0.7161231986436767,49.70141720979126,-8.832130805105063,-15.873141526226176
42.749417911696106,7.752250997773749,102.41419846537521,5.126287517520359,149.07062500298977,30.1295822761356,-17.90182498610325
46.4645935589016,1.2568206805504571,102.98412013418313,1.5222190772201138,112.16485581788008,8.108230955855012,-2.6366831978935172
10.86293787957501,0.4337700760692026,268.72475510942064,4.535558732612288,121.19473932867712,5.128413264061373,-3.510366982250489
46.33322186638657,8.546963827946202,193.6346382145267,9.078638605541773,53.46095557907618,16.226213188532586,-8.91592445687606
19.73158857316941,10.4593712918255,74.58446809316008,2.5965309468920337,124.04866021720882,24.53841733915983,2.6605220226994395
36.348223574867575,7.533072738139708,136.83557344076178,6.126058042696996,45.65158359351426,25.953825321327926,-3.3002431456973635
29.149910734583653,14.466626368690948,256.89802119752534,1.0328150161272842,237.27992414942318,-36.46704595284599,-9.355419203531481
18.06821757598143,10.2451690096705,148.5844347126742,5.701246862976128,317.6584741082445,2.8791903708712674,-8.69296105436368
23.63308843836688,3.1546396671999126,188.56544442628305,0.4124412010794565,35.4102626474169,-0.506765152707849,-6.109440842683674
20.9916358194646,13.061972897164582,293.22904154375703,8.038284581385494,58.92028847425103,-10.589251217399607,19.241969028666368
27.1188114264367,4.392556717692589,155.18972873867986,8.657986431793583,315.65677165477297,-9.89529773744789,5.184145682558668
44.86018177494036,5.532003685490823,289.9735713900623,4.878517551949523,357.63235316182636,-16.3330999353097,20.455747099181195
22.63690708371017,5.181393275477814,346.4049951047261,9.095871914096708,176.04322122086293,-1.2680678246424832,-8.674658643128506
43.37690990133029,10.089618309466378,113.0455316225203,7.513709320567761,220.8942205379471,12.981909420173128,-28.63597916058633
49.0971131356754,3.9026656965466033,158.86325556092964,2.9350517383724872,153.30977572133676,8.623270960105472,-19.813020021360906
16.587469064796583,12.212188706044431,207.9922743415271,7.081577954263102,298.9659506329368,-21.934196797028903,-13.523584213176242
10.867208929904413,6.101940083370464,49.712325583133904,0.0581356852184145,148.77926027993863,6.973084409570747,5.799004321646955
15.184554746954042,8.512239353970436,117.71677417984532,5.338318789661622,120.16902259848548,21.378862028094275,-11.686107331444035
14.394284529386319,12.276351489741485,19.525183080825833,4.217014220797691,45.494402872396805,12.18082148736508,24.884822960264856
27.892402969543944,6.268359315875387,177.18840438542009,5.972770448376075,83.30941666878928,14.879149351186204,-13.270400472538707
22.783067435667917,0.3267735928917992,158.70587714277536,7.776261658632074,92.66422664026419,16.99700204257836,-1.4352014469286813
45.09342857280102,12.997091167250614,26.261720710669042,5.755280264485406,108.41823963337421,33.99334157346864,29.826854525473557
44.747061068588664,9.851147573953273,324.37236518839995,1.8604645987856583,283.4719558843828,-22.797026120733783,25.494008972932555
21.70829650550472,7.401415459230811,198.03739155998645,8.570307619092862,336.57053103787115,-11.990262207282623,1.7377313013564635
37.96939035300319,10.948831926923008,2.2508542483658767,9.107078190512128,350.08766723713865,-3.1653480020834186,55.39895936093321
38.92158227182558,6.9546158080514004,315.79942471756425,3.7358030763430436,311.046816908649,-21.59459292163777,20.95512549409464
21.65226867738798,9.831588758372465,165.22396809400504,2.036117928488421,233.9028219874731,1.8115904560620688,-22.493733448723585
31.187991241799104,1.4041085123201764,163.00207853302513,6.8063429624494844,340.8603195827282,-4.5921606457281605,12.828156969723192
49.40176813229837,2.160274137650199,87.48557172346436,4.447073761009252,263.20917216762257,-7.164968589342227,-1.3680453854743913
16.24240031642184,0.8415042899323416,204.25897040618986,7.031601985523565,113.99621146210475,11.0605307224989,-6.5997451913601894
38.71070948914556,5.920612680342531,144.07237556381094,7.298438582216726,4.230257737284089,11.271880319339768,6.9790736459383975
17.885214509664813,9.452102581379156,241.52484603691784,8.487023626483408,282.17639738791905,-31.707279569589293,-5.187155354764105
42.32047722346187,6.395077653280784,1.563945417229431,0.673636122676694,49.79458509371507,2.0238869112053703,20.054900507213613
41.75101364417115,2.2732302576750465,295.81418023775075,8.410115469173368,320.8828726390117,-21.45076487065516,21.924999144178454
38.801656566825216,7.769885356595134,181.21672489135048,2.6842177008465065,139.571371482003,4.431869514818022,-27.59539059404433
20.125091008315927,14.47034495357549,195.52933628316586,2.045927643243316,270.985704336359,-11.991019789764696,-28.16951408963343
26.914384320114635,6.7703828970747155,207.452592679629,0.22940963111792612,284.3940840916572,-7.8319147699919665,-13.939899852406151
16.655424516947498,14.659699614123012,194.4926448009217,4.054716788140336,260.5613969745026,-14.130860692041587,-27.37936581937419
35.525498117743126,10.459677972664553,137.22861262516486,8.518213207689536,230.44139656263755,1.44138547331967,-35.26342631703559
20.127783002433056,13.760317670483918,320.63491461092036,8.767080822287591,215.7818273299119,-28.063712440101767,7.142858499909179
10.961073506561295,14.780575115658898,330.2016782086368,2.7993173575594454,257.46922329231825,-15.065158789168372,18.26587357587288
12.079942856348937,13.006304337210642,52.40568171559532,6.216316325187026,274.8951920284303,6.452916002980716,13.284605195569851
13.743268522052992,8.458881221398165,77.45363037818782,0.4991849381379898,235.11019519630383,13.135690907500853,2.597845709471097
45.599957667177826,0.013716266763799112,38.981232670038295,3.318022958321386,140.94159751758573,6.401012118070214,-7.823207293715073
29.007737739378396,11.806247446644706,191.01467831091784,6.909231163157288,255.0534080804992,-21.719312341527232,-32.515766672489825
12.40057484534185,13.166625877706807,78.0253689184569,5.239226649235813,183.44558870604442,19.9789181428886,-3.971800378429556
35.55689327637318,10.92379686258337,12.860034278801432,2.5528089432461085,24.529579446095248,9.399613419869127,34.92658374853596
21.27382101459379,4.079088856502281,22.9947773030813,4.056668831777727,321.7049338164153,-1.9169788531698848,14.450575859507765
23.597218416883884,10.306553678241768,300.1096236621006,1.9093218089968467,228.34994670473677,-22.68496587463013,8.55730224600956
14.121112905275957,7.725773898407022,78.20693442100473,3.102942962801566,115.09876107286584,17.599686627479937,0.4458505193501159
30.227433457952344,2.956274901561004,224.8075451709197,0.12022250168839732,331.9827829688319,-5.312057358165929,-4.943256677504211
30.652784982739952,4.766417337369156,101.45960510564092,1.099898553420473,302.6861764016079,9.363668466434707,-0.8824284973788279
28.03211884168233,3.933960538665766,32.835774319946566,9.271414027228834,13.392634806904047,10.233225203049248,29.463553126979484
45.54309024291923,11.854647350895835,236.54086438547589,4.047984473217854,218.27136359931154,-37.7764161498061,-29.599818570572836
37.75659398995475,9.687570635596389,73.51413618135318,7.017267354043625,156.93532283326368,33.40012478027086,-10.28544798713115
14.26812361652065,7.739353395384886,140.1344009693382,9.809526190074767,186.24927335974394,6.639750654716143,-26.76273659712968
26.895805332905873,1.2778118143324053,205.66304988569175,8.266017424434759,138.73683868255213,11.469889389195222,-17.246828723211795
24.24991386507227,11.037647356779141,187.67385417749932,6.63995587819861,57.53929070365692,9.179968441210818,-16.39823710420552
12.62691541805577,13.046776955017942,258.9901765846098,8.64837520033746,119.82220522368522,-8.509336780054614,-10.89840251853584
49.1616310287445,3.110690494059469,68.25287261612732,3.5653707119542224,194.0826677092208,6.400653693679162,-7.299464754309975
33.522498115234825,6.32973022689846,158.30339054772355,1.4995117146843917,133.06230581469046,8.981575556211892,-18.051862592185312
24.589841351465974,3.5912315533372254,89.08744162515458,6.561335965489372,277.3669412284378,-6.529879482681885,2.011789108033513
30.36719446274473,4.2343299641336145,139.64267420816944,6.594581540079881,33.935164872742035,15.982626753067876,5.585175385670176
46.21686153911852,10.505986230296397,120.65439165712075,0.43314353127299476,245.2750012195879,26.53486936595401,-16.99858155498059
31.577034239287354,4.015269681330458,153.11606730515146,5.4805300746021715,217.71084452303128,-3.8989417045007295,-20.087559789831282
18.320699633449454,12.2218087920888,279.49241334841963,0.06460071739739948,283.92952014176427,-23.418142041971503,3.925458467978015
23.638895512970848,2.363854486601442,297.2634515637854,1.7876951008282482,271.4219231779092,-8.53620333802331,2.4745472147179575
27.199900028862643,8.402634279182443,233.04563790494413,2.5504626569640476,25.067653579039,-13.267410615405643,-6.455257406599484
24.83901286453191,11.079785418896419,22.04280182166654,3.1993519608513954,314.92361207626186,4.259745344037636,28.194838817907645
24.82466755610341,4.4973632797378045,38.3383234484575,2.3855316642238322,289.3650489745487,1.2129440505170015,9.715427592243943
28.684629445727,2.856651277248958,329.4958323445578,5.351708748645892,203.14904609761214,-8.594359588769066,-5.947858107293457
28.87605462225128,13.290016284815255,303.25323881857236,6.3890856844693396,275.5892617874928,-42.394139745920604,19.191590586272053
18.950411246886812,12.975437646548219,304.06000211902114,9.501310473962144,285.6089288818962,-39.115803648974875,19.308934301992064
28.765708343947093,13.797807851459323,342.0455148223088,1.159536251490606,316.37510354506935,-12.237596560233975,33.819427121217515
30.05050727501196,2.103128282618458,46.1778000711341,7.324877640659471,234.89036009776257,-11.07579591909079,-6.823068672881691
46.86166834531305,2.9762930051717937,280.88379425491456,0.614785180138061,159.33073615032438,-8.3632980389558,-0.04091415271523191
13.317767425306695,1.0977503711041,297.82091834366446,7.163279865499548,100.31690277675108,10.012836277748173,-1.2697026033852166
17.73848453021147,10.127035225585184,175.9895348398259,8.884479752019828,347.15231015278744,-2.4099724422952127,-2.738776861351866
23.951950293439438,9.879702607180379,305.5558637961319,6.9173955665689055,160.9326937404574,-12.76784680531018,-1.7520625690519065
28.786042360644238,11.360869067055384,300.31871686913877,7.837032430754154,325.1847806110199,-34.59745137905315,29.480556525983936
47.387023007961965,10.167835792112031,209.7231181496594,4.747367509330543,135.43135651435887,-5.314345580616516,-37.9578900315706
38.3910672694188,6.5175373870730775,277.87706422473445,4.02635878098497,163.89322330369853,-14.936770370079536,-8.323313553217545
21.83982522508261,9.108834856308995,260.434590021179,3.776276672185598,307.6899859639282,-25.25901359250139,1.6778041509263653
17.790854658952966,11.684680275546118,5.787997888680869,6.149932646259658,131.992377749399,10.949324540547675,14.303888278150074
16.459075193455554,12.361800987976716,101.35761544251078,1.3840966661582543,242.80711156688832,19.945982638935746,-5.618107008430139
37.28603086252406,5.467939249755068,280.91927681268373,6.241429984591211,344.5876694473678,-19.376083566667013,19.445172956013963
17.291958667988816,12.566828625825437,208.603948856428,7.602390517173165,87.79580886860755,2.967292975874873,-20.16662581133334
34.95067826015365,0.19927789926395045,7.650430875006871,6.9327944729115,172.16667206461935,2.5930578958405137,-17.80627626889603
19.729866511027048,0.7510326909567822,41.04635775422284,4.928417711599977,230.5943117382212,-6.648262440052519,-5.1386923847028285
14.571575845067507,13.61809349931972,118.35108081527851,7.452216275192724,34.625781594129194,27.955093406541266,-0.576677295343762
12.769712029983227,10.632587763905978,327.43096362427724,4.190590084263187,11.06280193784066,-7.937772760810434,21.093808692131045
11.307868103548975,6.019885690731822,201.7890176613287,7.177678064177551,240.99287043657526,-12.92390050398797,-13.77200221857887
43.78781958482455,13.646025956004571,215.23441079301497,8.635170426689506,330.6649853840519,-36.16243372535234,-10.810512827795659
18.132323688464478,4.779667551333723,182.73603424535486,7.137300015018582,128.9363877260594,10.235491082741468,-17.803461257143717
45.7772359517988,9.001845067764563,38.806903527138296,5.704550251582239,169.91771999931615,20.285188498850975,4.27187930208288
13.651587312877801,3.782236619040806,87.28775284668585,8.962465130603354,181.92861804877057,5.79960612659703,-14.644956039032518
26.526704426095243,9.50355452157616,307.10295783063185,6.787786694746792,86.42345348322908,-1.872098911117238,14.317008400503875
16.230653233213943,13.148945891224045,32.98292830041086,9.949145462342242,178.14786411346776,13.606072555801275,1.975177600294348
15.548362677480814,9.860995308421717,152.38174268120656,1.4625269754737746,186.64116331275793,7.837775049307467,-18.14268439983693
22.41511773849886,8.080890737444824,94.99306849384394,8.889715268630134,324.5910166198062,6.1982039994669105,13.985236094528872
49.5400511385811,7.470899671667503,46.27284843053944,0.026137235715812945,291.9038415877353,17.08040810773365,16.442591099904206
37.56824400442234,11.01956166423499,236.8184302065528,0.20791117445411844,140.8042699028961,-25.160426762639375,-17.136683822315902
11.98517980765125,4.562913142130489,268.661868391309,7.899107412805261,115.066635541364,4.053996834027028,-5.397875629308706
33.56913090470067,8.392175111810507,121.65135458655064,2.084714906208329,51.566719549764784,22.961105653044324,-8.13056250862277
45.09646538333344,6.00966587152613,234.61286599226707,7.29633138008565,316.4789690985328,-30.090623174626145,5.489847458739067
37.84295997783273,2.9722120227312994,84.40984007192081,8.986004398823424,304.2056688365614,-12.425892748832167,14.83568695400617
46.38304955275965,5.720841318175869,256.59660931338203,8.326059944686431,72.2780732233559,7.275484267357683,3.715683293994741
10.51453891080891,13.606117560514704,20.471192449759545,0.3771626643339465,18.869489352974334,7.145669913461429,19.185428900324183
42.83021586990018,8.829664241686032,23.747939460694532,4.433672764974917,41.024901134987445,19.107043995483448,33.7663205619679
10.142060163480714,14.107686204059709,307.2988463686547,5.316945013938586,16.147757041874975,-14.01100187473547,19.63670432715802
31.069093240409252,14.735958309660335,83.03074748018405,6.990203108775564,100.32445567256825,54.12103639478941,1.3470119851108389
23.40411649458263,13.211717487498202,216.0492023241471,1.797105493023492,245.8594135806415,-20.565355618426455,-24.938552675809134
34.86550144541117,3.4517269636730403,332.44647483903435,7.062771187769256,228.0086001727979,-18.252367580454628,-4.438809305450031
26.6863624527149,1.3278069245563624,277.3131942025892,3.939081070601469,192.1642521756023,-5.00798495712859,-8.587445006072633
35.7078883125581,7.677674083657896,291.878819388487,1.4033053059164657,49.35793968123555,-16.350289086455987,10.185600810917869
35.40757698687594,7.798692144466171,125.56444426698849,9.841420789451675,273.97160474917507,-9.333390106309722,-10.355369890459484
22.12399327153259,6.882959033637805,251.0667263962431,2.564346177064146,164.87947005666422,-12.406478770640478,-10.000641507454674
10.149835309927147,5.212238979864184,258.41078698116297,0.7365014399221659,298.15515302672304,-8.279046046841788,-1.0063443154347889
49.914615180574934,0.5450380570603347,125.5865505718964,5.484801452374283,76.35273995074287,18.416640895817473,3.1164314107722104
41.19019649674947,3.6676033223085462,310.32646432991515,4.326503909915288,334.7526889518579,-13.450234244624511,18.21790627206527
34.186411335427934,9.281008076351677,104.47773003834122,1.3950815867382649,200.77183820628102,22.417801540609823,-9.56924855134016
49.4974172487235,11.204940599399588,50.37509501141122,4.221907377720186,83.80098708550253,40.749245484692594,24.14883915489625
49.94792801385876,11.001698061471545,128.15217191837706,0.28781628291816297,262.2503796024955,26.697464430506987,-21.811534757039865
26.221441868631384,7.287326465600072,172.41703486761807,8.667739413551509,183.27136023555886,1.0798101584783968,-36.709886034132396
29.148649393954415,13.045995298543044,45.095501817410685,5.307703729174495,291.7768924306975,10.510013919863992,27.250777195532738
18.669759455074978,13.902554203143811,155.67919191799237,5.259646095786397,239.32848036316454,2.3447675432033304,-29.950814567789788
24.301401682071322,1.316723867734117,235.70653455514022,8.790978325600685,281.63404844967204,-21.586753230776964,2.2946403919111256
16.458600896564196,13.864776313474565,61.883123317098864,1.589153050189871,153.041118350714,23.719939216471793,9.37442059027417
27.399253679470185,7.720848601028604,248.80674947318684,0.11193063630729694,251.72531521024678,-17.26500929158968,-6.679869280896676
17.788649334772305,9.653720453055431,30.825099213844883,3.9517351977162427,294.1282304894274,2.552368543567277,18.863543487030377
16.760323103446154,8.254454089340943,230.69658440948652,6.759783021508952,257.08524818419846,-23.986448228087866,-12.45786879838435
48.698238017915536,0.010136343218336008,104.9162138184969,5.837320405381731,291.03245701251024,-17.13666960735821,6.592937453351758
32.62402312024255,1.5925870987302493,116.4451843716459,6.224868854628591,172.89801066627462,5.662315725797908,-17.759822652065903
16.091756949971348,4.840741080179604,217.1741826902368,4.9600557521121145,106.69889426959685,3.3072093896977934,-9.56773349320092
31.961784910739844,2.819414613261999,200.5357308161907,9.595919977281396,191.59239209345895,-7.4469423166472515,-30.735345932462454
22.6835110870976,13.86416518007664,330.6441656932957,9.411903838445832,104.727170504089,4.959094236745646,20.840812722019248
40.92826766992114,1.6404067231649466,341.00083202909707,3.8753158099697105,173.8245397695674,-0.33843261834891836,-6.649009357025795
33.30849355115622,8.574857496094443,343.2230584045301,1.3907511972063247,344.61580918462437,-7.411327504053337,24.88842732612538
44.51888929381359,13.011038459444235,126.33079415943965,0.928125570295989,191.83566152233203,31.004847788075406,-25.95944262789655
13.211152150716533,1.7122613088987952,351.71842031935716,5.255821230153033,14.176008553726112,1.7076714967136888,11.143764730913237
44.92149849280366,5.415914741218218,15.691279482622482,7.183993205686589,66.10884081036217,24.310624493411197,24.584204555699543
20.790788410415004,10.560090091667725,65.14093420078662,9.478941518605183,202.02413008136625,12.408574344621666,-8.95148057914361
45.55974468328812,5.243711543021947,166.69999299399922,0.49789478081906924,83.84923779459118,5.185172267740245,-15.3900001179477
10.666412643772789,2.1194383788463385,70.62370066707152,1.2349119113143792,263.1911047979285,1.1401882040617164,0.821026350223814
15.997019511430084,9.504301363214042,22.970828650508533,5.071757837491111,300.8207397550572,-1.1672147183925494,20.49578181400758
11.445156780900838,4.128555711833613,205.78343891743353,9.69039172105176,144.54006134096045,5.84422979655224,-17.73555454151745
35.72511899492942,5.169443244029007,358.3668919296333,1.6205094178812152,306.3535456959287,-3.9198214546511374,16.537919978219275
26.322972358682186,3.16230920935122,42.863842161265396,5.607934669828213,138.39904055396724,13.608798926287642,-4.345112148938742
45.45742036159269,0.2046012262767949,342.80121311136287,6.389386519459306,7.1326668452564945,2.2310049980411426,19.895489268917693
15.444060210104652,3.925188457835058,62.193989498104656,3.8489471116072127,255.81083649732793,-0.46058671429902276,1.574904400168049
15.555712956059683,10.526235268070941,206.71838106545528,3.6348004072321958,169.0464724620331,-7.198156811550529,-23.099126708331827
41.70420102321417,9.525845120282511,357.8912366103957,6.972861871791814,117.5873605767975,16.998354036244837,18.341669132103732
45.365183288423594,10.355693298431675,290.43346159994866,7.626401728174795,109.82719049431512,-7.69353264777164,3.1282065552298057
47.84148325423756,14.415466367925871,132.29229364145488,4.080067476502755,279.71020524944504,20.74291422196896,-28.145773391807122
29.84151221982007,0.7454954892800486,136.9545888557289,9.03218116558692,284.0348979456746,-20.35819899373978,4.058969251493437
24.475480510574947,4.55893325654626,338.30794136348345,2.1886980723132132,118.91028836994835,0.515728244212744,7.099009755739866
12.623339081015406,5.712258367462052,154.48945613709418,5.489730833111936,193.125305761081,1.946774859682936,-16.847121880187153
42.90885043705495,5.309037446321374,314.6394266566694,1.9862664987338396,269.11379779971486,-17.0470982414524,10.942410303918024
20.7067190130581,2.9744871839749325,106.80247457447021,7.414093453895273,82.31072275404752,20.946920589190512,0.27155525405661707
47.59114799703034,5.297605729279756,196.93174198338377,4.289595233647604,57.607605067516545,6.476793134430621,-8.628162479164775
26.659636745490133,7.417851338069995,156.30357110730904,3.916370334466576,107.89687742539247,15.638763874565342,-18.64137304213065
22.527593445878495,2.3138620364627087,309.84360515086615,8.114040453785893,170.19441613086084,-0.8458906446063055,-13.95792193738911
30.980996629893642,0.06863134998585874,182.8413147061554,6.089478082264042,87.7331475709715,15.28358995491474,0.43306198013143327
40.92558261269979,9.7566656479813,277.7232674472442,6.10084023780023,78.63950279712225,-10.649609078804765,7.258711423639261
43.16482980514404,3.7773337551317403,87.78781826538075,9.753967577874675,155.02448468546618,23.414484848123266,-25.796905445217167
33.88251921251679,5.058247208578949,192.80590393694158,3.5603106784656036,274.7372283090763,-12.272144730350732,-12.190918869736812
41.61782273817109,4.786909013954162,21.446418538869413,9.945261085087878,11.477192748465036,10.862444174645145,41.3680789109163
16.99473843932499,4.037098892132905,166.85319050749084,7.328163595701138,2.9485981047837484,2.4108497657875763,6.304855723745152
28.31542557390741,4.205461126440986,330.3957509613944,7.581582859419913,273.0554067389247,-23.181641279257978,9.756196136778609
32.68578232696008,10.454144716349306,160.86117060348053,9.14678325789452,176.4080498107878,10.327067821881597,-49.0603576981611
15.6751396788765,14.581643297183195,113.30362004839469,6.349362193678988,331.9509154880751,18.60324297298877,-0.2948775584856662
36.678172239329164,14.542406836780728,1.723384313345564,5.622281352086076,10.287846198952394,3.941714457796727,54.87599148692831
26.868405085118788,5.026237468320272,357.41043810858633,1.0993868376573435,13.842557993309592,0.08412339691125548,14.250042690112775
15.306210425236122,10.458028909119864,1.7516039905179204,9.924571688733748,8.337468779505075,3.106855687439203,35.811998681771264
17.399656760520173,8.434904638031117,112.19467666371449,3.434176834447371,318.4986065574204,10.423516387482724,-1.1570593571147754
15.570766898648651,6.9599282290739986,95.33637224018818,6.837800866861981,242.04083209065107,1.5858177376240636,-6.865156791738846
19.30161470900898,3.3569537569504355,176.92949729679964,8.584724950226825,273.03567945227195,-16.64897519386086,-5.747800454680054
17.523628198703932,11.962308629030442,260.95803712333105,1.0057036661859842,51.205044433774184,-20.84783470816637,-2.362404917678707
36.27281437891508,8.641566823705192,98.91764221901543,8.689372626458841,144.39780152491554,36.97187976905425,-22.855665413057668
17.386023069894097,6.910786384766739,95.1092706146491,5.5136066253581,302.57739903950574,4.211981001469287,4.430542313950866
25.212166877421943,2.747679703622052,240.4216540144426,1.11009498625254,18.40052119259632,-4.623220661650941,-0.6868453912258388
24.539095013114864,3.351666762888026,69.27798687996412,7.149123748905738,126.03504184992738,19.94258359769374,-6.754310072204634
21.702224416202753,14.318398954001854,93.43586316325863,7.56598982448793,351.647689750433,27.75216699422613,13.940887435053384
41.927453161367325,12.356957373267827,225.29146782380192,5.8460031622760225,116.70441652652703,-10.407055491803161,-33.09677810369575
13.135698877762692,9.983433176041812,332.33742974398365,3.44020030117015,128.69248861491093,-3.1908233375041073,10.950725491829477
40.231955255348424,3.2987929532644635,163.3519704004641,0.31250632731663397,275.35276763466334,1.8155548712298013,-8.968082050428766
15.428498230548588,2.797154695967166,304.2723819520717,4.1573313218077645,71.92668355317608,2.9099015023152788,5.081030185220227
27.690474167519742,5.779068666935155,359.1674982282427,1.4039721970152907,31.272823515595988,1.5321727980506716,16.580747138130533
22.698420533673563,7.134415511923111,346.79617280024456,7.191417941593653,274.4987347201681,-18.92803330044758,16.155164794778
39.88654290639943,11.415758217729849,92.63812391362538,1.0150364170819393,271.1726790126665,29.625150463737366,-1.43912659701729
11.14989415219291,3.863078526301577,42.6701836587417,9.757068439091451,235.8009806211826,-8.219499496741198,-3.985993657700618
25.690199184353276,0.21173409251370678,223.71705096846335,0.5921076553982818,205.56717637371193,-0.9196945028542657,-1.5726176983949416
13.353450776191753,12.48387118035786,86.57961761403037,7.900996122068342,84.55369392231833,33.53896855683314,2.4662378405359693
34.73865824869659,5.040406951660704,26.55131158901431,7.447316310858117,338.76896933729853,-1.1811600989595634,30.47318452645736
22.430586616869817,0.4872916317295567,118.77485021648766,6.155452789478454,212.4622809465754,-6.151883161184986,-11.607978828378457
15.71354684760728,12.313334844079915,329.17663249212995,7.038988152412694,150.75828223419748,-5.1382358656123825,7.932816153874905
19.10256078144871,12.057435225690702,341.15142302488994,9.522682634039896,77.51269505130443,10.660659581318766,26.58216314235221
41.26578486834518,12.416769837073886,191.16567381555453,5.560534337952184,344.6171022493555,-11.25255683903482,-19.782724074025985
22.343058735752646,5.162344520934939,336.87359178485383,6.575706920903349,234.0766413123258,-15.692504486927195,1.8984810482217966
12.287372393980522,5.539460063853118,293.72765576262003,4.00737861527353,131.85640019648713,-3.3022750431041574,-0.7042656677686825
44.360840523100464,2.1712910629410715,63.2535234299003,7.223517912443461,38.544108634247905,19.367395033035447,19.929230811839396
20.21406803504068,7.070709805393056,276.1591173230913,4.415634153678769,167.96097506977563,-12.401374919299432,-7.226784198154522
34.25514120150622,0.958850619591673,258.6007949653622,2.9280459575705287,8.741830806846188,-1.3079237491530156,7.147162658297122
21.409502812835804,3.8814119466486385,322.3080434697055,5.2133728452652335,254.60926527622624,-15.459315386379906,3.5261142621996737
35.875870078550165,3.730973910824802,317.8556664393346,3.7251215595769773,329.5265430688586,-11.879751949749846,16.164343690996517
13.382257189333032,0.5720212704326189,235.14261743479474,1.5678314614647948,353.27604689219646,-1.078526568011037,2.031849834688577
29.35235931981925,1.7805350212235367,231.30605607176645,3.206932471379611,146.8800834785987,0.8868769190241537,-9.293372631364177
37.33279752270775,1.7203843908820748,242.3327778056707,4.676994726431119,45.542539509666454,5.006256670798904,6.8331819293396965
46.1299990958748,14.399169125377986,291.2032272154335,9.09701969116289,76.90660855624014,-13.996075880039083,22.290905094466833
16.468947979579454,1.6731407316609737,153.8498572323594,6.853083417891241,30.017241446004313,7.633148978709802,8.121125681564214
12.143007734761913,7.551295960974521,82.29168486025105,6.185531180770679,56.423123443589205,19.882477328781235,6.976207406535868
33.74815748630312,3.692784055740036,204.1920391020278,0.7551601370309469,116.01468204971619,-2.189298895678921,-9.704441361606385
18.71324768048447,6.9076411167326714,280.0850562323384,1.1390834877547662,9.685806402821457,-12.909465022599107,4.5558148022281815
15.47636019136907,7.707671562110406,162.43951987800452,0.009788233196058593,231.64895553235934,4.1171366525918405,-13.063862156163482
23.85028387619336,8.922852844799133,222.75015192162616,7.289956665111717,134.3376388461884,-1.85852737409218,-25.68291387721699
17.85986991419783,3.814433061424349,114.40656794907626,0.10352282292131365,355.74905055708723,6.613541929071475,-2.8105972080715516
10.235135892311376,11.641705965198794,135.8221419696841,8.069166132863094,87.85289318685288,23.367430262045456,-11.623985802747118
29.774690137789115,9.19376716400107,319.33956799430325,7.44776099474222,111.48429207252286,2.315594803494367,10.462582074178831
23.848804497867153,0.8293532397710907,214.00032068666079,5.0299892127338826,162.9320734295523,2.2327125073742806,-12.118865293998304
25.864032819041874,3.566095640723483,280.48010689846177,2.722006142773391,217.65131265754698,-11.870392113785396,-3.4593234336589025
38.753063615762905,3.0857316337312573,146.91130046951676,6.897736971023546,244.59119621869058,-12.777721678034158,-15.585863917022309
21.90389771027378,1.0321110714006565,255.95401630175482,1.4619565188954475,283.970764224433,-5.113872149158446,0.2165219523744355
31.66814133673567,1.44387402139457,27.18611121117839,2.435869263865389,197.80579804935365,-0.21645625284415115,-2.629405243171619
15.286498500826124,2.5878473451365847,17.44854713741773,7.503425576803987,36.04632830415943,9.164493012406659,15.068453353503422
19.78268750930347,5.629454261821482,36.19801608008995,3.105043780780068,53.60301107951939,11.696107315452554,12.823480418705621
13.941602478927791,8.031257948748834,196.88576684043724,3.6166205105255713,84.97652607092664,2.141005575840822,-12.422379660556704
11.261051228925059,8.252598763283201,70.91526930519098,7.312040781736177,317.3341836840952,4.308439955739056,12.235244070265598
36.884735043864126,7.844578153069147,260.51933736134066,6.371748999586302,80.01490406335091,-4.009676176327066,-0.5136394597629326
43.643844428371665,3.5633853678559166,203.52250280697083,6.675644120590479,30.943332861845324,5.9967780224100995,7.332803626431726
47.53646215838604,7.183261736149767,88.39188356534066,3.8037561327392355,4.54693025133301,23.292190661353427,12.431785482362697
39.963447007620545,8.887664493892062,110.25235618118772,4.860919447869857,173.57138385107675,25.353918919210866,-22.56921998125963
11.84691907249145,0.34702144789563627,46.584558107594404,2.569791652169031,258.21769711300976,-3.5178558482940985,-0.44483937708610666
41.22173310826841,14.497853980275524,328.79690500483355,4.567520105402164,156.13257830530335,-16.41637661946932,23.840009246780347
20.759770143219413,5.477757774818112,285.9397379303756,7.944558535084928,241.6650676125873,-25.22184919373673,-4.662498734732396
43.51799476345066,4.809615064881693,64.90920929617413,4.587778002502006,190.47107676918193,10.490654864495568,-7.362671750449041
13.23707901380891,1.6519377621433646,281.1890564135513,7.534748545326538,223.99768065913992,-11.260189353618207,-8.377635208316269
41.941901338869975,4.5589828895561855,93.43501639743481,3.6336862609025635,217.9828516404326,6.7681054051064535,-9.173780011458444
15.670723800908108,5.9314182785284295,121.83535173695317,8.227025875067985,216.01433476048095,0.3606107597874413,-17.48679970109838
28.140781053240925,7.4777444912024595,85.077855274891,4.461472312685962,246.36791953382786,8.05480475857902,-2.7469288985966465
14.653160777121359,11.328731068491521,180.3692959261785,4.152736868715551,50.89190620723847,5.443323092323194,-15.052718264158559
27.02628202453782,8.76981467243754,144.28512124984437,1.3447201059896663,144.62100263959513,13.84445816492795,-19.287746624750717
43.16724579980456,13.854999144713725,158.622953860499,2.1875868692961054,9.09338693329618,16.007530070020085,-31.866254639558555
24.538256673341653,3.1120984396449907,35.44040911208825,5.444706070875178,306.7461120256114,-5.721953012839211,12.95679935569132
29.113094731402313,4.297432805206361,357.3910771068467,1.658732647406952,50.3243490924652,2.6337626494294923,13.038848792972484
37.49562312819861,13.914439907378114,274.1129340524311,2.8868976732505014,137.08107222698123,-32.936864948270916,-3.085973888538882
12.753901571609351,4.4567905501416565,140.753630391275,3.8126324248245913,177.9260661656756,4.76914247327232,-11.709423467169717
18.191741027689346,3.2761852071637443,106.86847137297768,6.799767398122697,25.782615616865165,11.733755229776662,9.960745080254457
28.28315210822104,11.68702931293424,246.31121089569106,1.7411578913189063,241.53923598539674,-29.375020040514208,-13.267702196162565
24.983730371465928,4.432823864149901,81.63511842913977,6.009654879330256,356.52599089943715,9.076071629860934,14.993568818954431
39.48487860605067,3.108134182599386,332.30945192006936,2.6193187742827684,9.796735815844002,-2.8334130205912116,15.131798576483522
20.010077174990816,4.69790589553576,193.91321891326203,5.653765826485989,213.5358859880639,-8.590333377737064,-18.72887704967393
46.09576239676364,13.904589864073039,77.92222034831049,5.512064811492911,280.5874915872874,25.071994411047804,12.02363767284182
19.253064096865028,0.4246022118222642,194.86213147014493,4.864213517525152,217.20650085354058,-6.043178038104513,-8.488602230934895
35.62785840864102,6.0234683821651895,81.72474330987251,8.429392954614604,275.5828205050941,-6.545480114334534,4.546638889555606
33.06612550483035,2.7168747499756467,342.7518970682328,7.794643562655656,254.50087395026716,-21.59368394081498,1.328794876681914
47.92160081680391,1.7042220377907857,231.7856673923148,4.825542564320726,20.75439257911321,1.1595737493443705,10.809153186216507
23.1932221646041,3.345813037472913,23.189014015534212,9.078428392426849,17.956647394324317,8.950973961054354,25.467244339339867
39.713071863842416,10.283868664334037,208.44339187374422,0.8195601063382696,162.59854183585935,-13.239778564832708,-27.954982196279243
15.131299052704268,2.3531728551647593,172.73312631746973,5.185938864393497,7.3520102463799475,1.6883626184749565,4.93372914026821
31.458942328158827,6.695250425099204,210.02001761021927,9.889014284759778,144.17227949739473,6.176517425878847,-34.98650688753024
12.13713253974387,12.410750368288733,120.479691652747,4.481995889978131,220.61591254528906,12.23504547442555,-15.254326669883522
41.602346252355325,10.907683691453906,236.22079946649046,8.326307578127913,171.743151858303,-22.921633016865535,-41.65961657771051
21.394378716240908,9.214506273954624,224.74156540703981,0.5688022312316166,58.04277222416588,-12.538374144097276,-13.040267835458732
44.7299519583052,1.5968334105237403,44.72597509426165,2.7915934880290374,307.32023050873596,-3.310686422995567,8.536933016261415
41.62109742634047,14.817671300937487,128.14061392875118,7.377693660178841,199.04110001870973,26.936646265118835,-46.97270708870465
31.38148625579762,1.5300822252296897,338.5748922891833,9.679005966291811,155.7606815376059,8.637362604639018,-18.720948190394918
29.700640502947362,9.47763839372866,246.49608632546767,9.575688083861571,254.36371201886166,-44.078057327663586,-15.65200970131254
26.255291361084744,3.648809763943354,357.53523339969263,2.001162605664918,33.882616911371535,2.2180921109457143,12.277743078841132
33.85510726600836,14.716047378825104,131.94840743995528,3.523990992354701,294.4713945991028,20.328176995711196,-22.008899168660175
39.79385670028151,11.299417065205171,37.20806859939444,5.966834895691893,219.16887333830786,8.727768403247808,12.456686026070129
18.716744031907186,13.70783927595843,182.56196577527382,0.8867995868592504,302.1048721744814,-2.664319449769838,-25.82974117950017
18.4503661172258,12.794184016779976,255.7898432939639,6.482702536937742,319.3414036235889,-32.24661733004473,3.446643987806497
12.142078695286468,7.956019115972868,341.1934344471117,6.976993907046403,40.97831394448524,3.1632503872374382,20.136757958012097
18.287259531915762,12.34947279240579,179.8527898465805,4.260182454519581,177.75058511869048,0.38412883550828525,-32.06479871417147
17.541005252404393,10.249016884223446,61.82659448214571,3.8901747183355226,288.8912620702465,10.125002686996442,11.532734957315466
37.64212465121446,6.323875478013218,43.39236117034369,8.37578566685892,27.677426407294856,22.812764701516997,33.27820638306384
34.55680932431901,7.903251051465748,96.39391577409543,0.3663096393877985,305.238500061238,20.052859276826904,-1.7751294467734096
22.418891694917413,9.030769411637687,20.261638219372472,4.762216260474576,58.80319100987593,15.395005422451323,23.385822689760104
24.290285929958543,4.437803034287487,185.71986913344986,3.3290827649475743,80.96668305269398,6.332211388553634,-8.663284689948249
37.793783670991054,13.557080511117638,295.31840318684965,2.3442001402439527,215.17270244765982,-37.765583127845275,10.774237559491613
33.43986378555259,11.377566177122112,44.51844733307878,4.818290907935157,100.24259716055232,33.20912873819854,18.944928133675813
39.30071509415723,9.056349616361883,55.48577466890193,9.10776051298951,279.7904570846756,-4.282199190056481,18.908952716043657
45.6790454214888,1.587620910772534,291.13991154758975,0.6973984713574388,216.07159862073507,-5.771957856178515,0.027085388680166522
39.59066664703372,4.840068916713982,317.0104601691685,0.6676886699609663,266.0594295225693,-11.268640972053708,9.928061380465683
49.25819334483997,14.230201523543057,91.46188392896735,4.935310249600285,151.54986234971065,52.531325616891564,-14.901574417679912
17.180165918053277,14.025874783057013,294.8041749980853,9.914577095374252,254.40062960708931,-41.69991330275319,6.0225261933870895
26.232642773121025,0.5598398433827917,250.63686098992824,3.95164968321256,205.72139632228232,-5.187570358925762,-8.662366857996762
20.4448060268186,3.873119998462633,296.9332575414129,7.233278883439329,199.74914052045406,-12.039688758258983,-10.317230200555631
22.733561168239763,1.4072403290068287,140.26024697978866,7.759808678382729,217.11878811754372,-8.144578119673671,-15.650524763443554
10.347078411208477,11.577187009265243,169.30561047206587,3.999428191879125,238.13190955874487,-1.8128909306035919,-19.589621762847816
23.506996266594548,14.368997434723644,16.610924856516593,5.871432828057483,250.4748666150619,-3.1220050384129134,25.847503680074464
22.23415385555102,13.228939263700685,208.54614581031024,4.648139039845121,226.66959002556973,-20.65790060393938,-31.53223737134014
46.586657979899584,0.4816567408744249,354.69773612717535,6.112789556782817,311.84771555142936,-14.170502558289721,14.046331718161472
38.10472819435928,6.913533823578263,228.97841810810513,8.920353143526798,118.30393459130947,7.352321537740565,-24.436110344963357
47.8283219815596,13.885939243392755,150.67333656672858,5.082222749618584,23.95532068494058,27.68126092378267,-23.300842703837528
18.24783003800888,14.444866510670638,169.36867348223484,9.34305544412079,163.01565446229148,10.404150697036963,-44.61779494432798
29.128762093904786,2.0412815497469765,172.37584677689102,2.263629116610618,105.74433349716327,5.9693067968476345,-6.427285060748992
10.448206575616359,13.79822453635853,110.02676760954766,6.504562435422155,232.68215553063868,11.370753711719335,-12.65178366294548
39.3990113887143,14.176446415898146,33.860742209884194,6.167293751627993,316.641256549124,10.385854598228802,46.07222912977424
43.579435861660265,3.443011881123304,291.37611167191807,4.117946972974341,328.4505788119739,-15.979074471966852,14.200774525903638
17.393099884247675,3.5203271844103368,112.56165140177912,9.017874152542355,33.892038769734114,15.591047600080264,11.552655335137647
31.77112552519978,9.732202715155035,111.60139906755191,2.684554768219284,106.75111885279807,29.57179141705672,-11.087809012448608
48.880960211976436,13.089227361940587,97.47041654518604,6.694020627830159,240.53515621344923,22.571061055280968,-15.76677034273352
16.29367670212008,4.192658839149481,291.063542524295,7.539377090920187,2.6362324593543685,-6.4989053356159605,16.473068961273228
34.03691897024224,6.5882737276724805,126.3734222394125,8.944455902127915,32.71008105937775,26.706346657905698,9.532951665632753
36.732306401681484,7.721307660542057,236.65320324484426,9.798747251656877,149.95023605443254,-4.223381435080448,-34.82584016935445
20.958577396888845,9.190328993205718,207.3449285522295,1.030501522789098,178.197406281226,-8.659343519337433,-19.003607909403396
17.696220463811507,8.087275544558604,254.40525877016265,8.97254870776239,168.28491579007584,-11.335216687060957,-20.817172936985532
22.796759698106666,12.462270368220748,48.32464715860406,8.387707049011285,356.4425810694838,18.945383818219884,35.911642747449584
37.37508792681625,9.353837824143753,183.0855137657183,8.24651861034955,138.79566065689954,13.605672558552214,-42.90946573926506
13.04373164993442,13.527268300407655,280.76454986196524,0.2716136457774232,71.86824109099936,-21.250178880394675,4.257931713648172
25.333234166957432,9.247543469127393,65.24589501146683,5.779072016003154,356.4275662836002,18.266640993456065,21.90804680642883
11.409305821112783,14.352153447400724,87.0702941186917,3.822310545379295,137.3776828929901,25.808016855815396,-3.1708216912517635
33.32344074963482,14.048121683185318,152.4335528610752,1.7326906156068833,60.43714437741831,20.87343833411693,-30.23115544056128
23.878964255370985,3.475692108712285,138.14041103107772,5.686811376366641,33.431457731985745,12.030377274843127,4.759841110964825
12.616999931667001,12.340802052069376,281.6767978043712,1.918745831312968,243.6506250936339,-22.140569033949692,2.639971254012241
43.430985993478124,11.895743075441045,282.0389926868448,3.0554375146937787,100.95936831335575,-25.692843640437342,5.654621107286449
35.23704405387096,2.2319442734930033,0.7922182699800429,4.246398558717038,63.96288115128446,10.309137481023138,10.9776290379736
39.787193592733345,4.0523835729932225,68.87356245939306,8.059534229331312,242.8364955355319,-9.656741397085922,-6.31943384817887
31.5519182695472,3.451082440347072,85.72679380064855,2.086869513440118,133.5337251194562,12.565646766512183,-2.9934144295247513
47.56283401163406,11.063664539919436,137.24961815047854,9.025298700652572,91.58465373065847,51.47991019239029,-26.075859280941728
11.491299720922212,6.519866150920773,291.0142610245174,8.119353822467485,63.26203273490344,1.7830734937595167,9.169913577235812
19.963574626284355,8.430299964911683,138.13885226666613,6.202221657687015,48.07828157853055,20.659723927490226,-4.306802562474866
23.19077740416688,0.3123533483334018,96.83588380748681,3.4002581850582727,299.83098423343296,-5.739484487306163,3.5970058228728146
33.10470934568906,5.210941824662224,350.66923792125715,8.525647562700687,228.0965671333018,-18.67971840908744,-1.4342852325752098
47.43787125440293,12.104409816279599,355.93063126771403,6.087786054013624,316.4896586148535,-15.705906726725106,51.27893558034764
46.84652998435623,12.652919996331102,311.6263711673947,2.487386731007563,153.69120098948997,-25.822198465943387,19.084098568088436
46.17228615434442,13.104367661494669,151.9017960281411,3.267591611260867,116.177736642497,27.933270523926446,-39.88984019212309
13.845045220704929,12.92830628942595,145.74873624838466,0.44801572401927836,164.84645549100853,12.421546639657688,-18.680178300719042
42.10271047039268,7.845505200483927,1.6308797415257148,7.620221197002967,287.3410944039602,-20.6566587824997,29.6306787600752
23.60891827165148,2.0456135888187688,183.1171478467761,4.553292707522699,336.44212677268536,-4.236599287428609,4.675701791484095
49.438203956127744,11.093578345670458,219.78742087051447,4.019651537162215,135.82487453433967,-13.645548867357467,-36.216214602904174
48.514859209548916,6.4454922582924965,212.05542738737017,6.112905336871053,92.95707765605042,8.440777140205638,-18.172109968065634
10.656044604952037,10.511943262795922,164.72738841251154,8.533525381619988,231.2919983864549,-5.733765851792371,-22.81232495217118
44.88730337121795,12.998053042789738,155.96289731805876,0.5149025533350948,304.6605596982718,14.735187111777261,-35.02497495940078
34.84901918182216,13.622775086988002,29.08568687345141,9.63373957266789,77.3614091234765,42.707884745138024,37.35066603791512
30.943978804561482,11.941765951148918,342.39286882949415,9.323421712616792,161.29111764540113,-1.5614464372934762,6.408747572392219
23.468893883284622,7.20651680558204,129.0587713627463,4.321351180068822,117.2852540017556,20.641109374386396,-14.266062468985
36.10476950964525,1.148603768216766,262.0696775754239,4.22377496538183,7.201008849151345,-1.6500038006764675,10.939111995472294
13.836876864540407,7.37092178264853,105.31122188175767,5.629751226813973,260.3536221825526,2.6187027373582374,-4.85353564159234
17.228079499128516,4.26129896502505,74.6953823348613,9.655509693021875,219.85065459857182,-3.892494301169158,-11.784374530707733
35.586449796969504,6.524059985818378,186.16424827247735,0.1864654483603989,351.50576589397764,-1.961136330735534,-16.97444694092717
47.0540673369881,4.863077039957281,327.3591927140205,6.4571301143708615,281.35434170980653,-27.73219651305483,16.62087573027988
26.341139631531277,10.611142468819112,284.7556121753231,2.293261474704187,123.53604638510943,-19.349395366330405,3.327029335188384
11.822445731077913,12.372360160045295,269.7803831430697,2.6429350600571224,64.06116341312021,-15.518228338417211,1.721152603543981
32.439603041003195,1.0815148955168792,299.3179599425409,5.3705939343443045,60.41470858322916,9.585696797353453,8.180879558820358
23.245323837261584,6.685539088141728,108.23857862672027,0.3329252335790134,46.81910454450418,14.35139802200533,-4.059098320553077
12.227881246905813,12.933065110723176,309.3354353804759,5.389172905961135,313.66558413253074,-21.949134671345274,18.818480320529854
49.95967820003698,6.417488576237281,62.07467907671005,3.7639207299459256,299.1317250453503,7.603455078325423,15.43964214694566
30.56648969433199,11.84378274582455,226.5066032712009,7.605911475112748,89.77253665200358,-2.4620488154165514,-20.274095279848577
35.87300130353036,8.594553535188787,273.14673475560403,4.072038967866555,201.34356254743082,-27.215728793947513,-8.981106228967667
12.070826790086384,5.780439175202959,116.3074587611378,3.507939593548678,6.820320332292806,8.782301888217363,1.4452655255103712
43.595939303809445,0.32603499700656013,28.607896462495596,7.641271959342223,158.13898144466975,8.947989123342227,-20.289299687597694
33.124224059990794,9.016232676818616,30.26129892514412,8.065125093638144,233.46797313558042,-5.033244922456904,7.761494223680238
10.061351585117585,4.409188141230537,331.4378441969859,8.59654384619545,53.0747068402055,6.82330823287675,12.943166915131751
44.72907152882284,10.62169561047765,165.47992412820554,5.24180862129091,273.23520668555295,-7.762018895944713,-30.157391015078076
11.95090618477272,3.24352332062549,117.91724524932653,1.466809887558631,340.32761208675123,3.702923463935956,-0.2144823186746656
39.89431691839159,3.234479232176702,109.4560513258056,2.8125891246858856,226.39248918181687,2.8896648310697746,-8.604888672652827
20.326599002768496,7.63005056763623,215.18978130748258,7.47208429416638,258.7430966500778,-23.869407679347837,-15.66316268571652
19.30516603736627,8.058254428797136,242.73548473925462,1.505392133904715,80.04611412795006,-11.269001809570495,-6.807245205870689
27.589777016528704,6.325183967736802,171.6400043447553,8.422121833472296,324.783488938318,-9.33758809081687,1.4768909463424755
27.939728165505922,3.297612686253913,44.65147613679742,4.465006016303088,100.77855580970129,15.999654453551315,3.6059840482347507
24.293121832902457,6.923262240679034,154.0827508442205,6.752020449450345,320.4691881606411,-2.83001315221407,-2.268310468577848
25.52496708780616,14.148014343427118,160.01862789501098,3.1316172105536166,14.810454125691113,12.854768377230034,-23.42513174969544
34.57012829236056,13.642346436634808,329.33884232588764,6.054535172014306,292.93823673220913,-33.27208193434367,37.41882526464259
20.598644549714514,7.436928968823159,278.41797045714003,3.7433378110286384,98.14139937080293,-7.48229743427124,1.1447198344977987
21.47417296471096,3.591405109422169,102.69350008779679,5.024354063932757,120.34162349851007,16.403753452404406,-6.961811443796384
33.497326479596374,12.726624703808673,160.6050451842371,4.596957995534798,91.34996888148737,23.054114281130335,-31.65388499603173
43.03308989680198,0.41244551118124917,271.16547288181584,2.40026134820269,140.14562344300103,3.3346530033572357,-5.432957377589117
26.795662807694868,7.1297969611055265,9.0079877931612,8.721193235389713,8.109860010349221,5.484781021942948,36.63899117553622
44.66305538416459,6.3187564314059035,127.68893412490301,3.0812538114765884,160.25477712052773,18.229815048928245,-20.408346617391608
17.988849967136254,1.3240031982993345,114.15241980237661,4.711845499763692,74.77097417881076,11.020174286763545,1.332808188459207
41.07822901247767,0.8909246275563087,211.80980012527095,7.887663545632229,231.60590185482636,-19.24925537910417,-16.36765188680157
